item,date,market,price
붉은고추,2014-01-02,가락도매,60000
붉은고추,2014-01-02,평균,60000
붉은고추,2014-01-02,평년,64917
붉은고추,2014-01-03,가락도매,60000
붉은고추,2014-01-03,평균,60000
붉은고추,2014-01-03,평년,64783
붉은고추,2014-01-06,가락도매,60000
붉은고추,2014-01-06,평균,60000
붉은고추,2014-01-06,평년,65867
붉은고추,2014-01-07,가락도매,60000
붉은고추,2014-01-07,평균,60000
붉은고추,2014-01-07,평년,66367
붉은고추,2014-01-08,가락도매,60000
붉은고추,2014-01-08,평균,60000
붉은고추,2014-01-08,평년,66333
붉은고추,2014-01-09,가락도매,60000
붉은고추,2014-01-09,평균,60000
붉은고추,2014-01-09,평년,66750
붉은고추,2014-01-10,가락도매,60000
붉은고추,2014-01-10,평균,60000
붉은고추,2014-01-10,평년,67717
붉은고추,2014-01-13,가락도매,60000
붉은고추,2014-01-13,평균,60000
붉은고추,2014-01-13,평년,66633
붉은고추,2014-01-14,가락도매,60000
붉은고추,2014-01-14,평균,60000
붉은고추,2014-01-14,평년,66267
붉은고추,2014-01-15,가락도매,60000
붉은고추,2014-01-15,평균,60000
붉은고추,2014-01-15,평년,66400
붉은고추,2014-01-16,가락도매,60000
붉은고추,2014-01-16,평균,60000
붉은고추,2014-01-16,평년,66450
붉은고추,2014-01-17,가락도매,65000
붉은고추,2014-01-17,평균,65000
붉은고추,2014-01-17,평년,66317
붉은고추,2014-01-20,가락도매,65000
붉은고추,2014-01-20,평균,65000
붉은고추,2014-01-20,평년,70033
붉은고추,2014-01-21,가락도매,75000
붉은고추,2014-01-21,평균,75000
붉은고추,2014-01-21,평년,71533
붉은고추,2014-01-22,가락도매,100000
붉은고추,2014-01-22,평균,100000
붉은고추,2014-01-22,평년,72200
붉은고추,2014-01-23,가락도매,90000
붉은고추,2014-01-23,평균,90000
붉은고추,2014-01-23,평년,72733
붉은고추,2014-01-24,가락도매,90000
붉은고추,2014-01-24,평균,90000
붉은고추,2014-01-24,평년,73983
붉은고추,2014-01-27,가락도매,85000
붉은고추,2014-01-27,평균,85000
붉은고추,2014-01-27,평년,75500
붉은고추,2014-01-28,가락도매,85000
붉은고추,2014-01-28,평균,85000
붉은고추,2014-01-28,평년,75533
붉은고추,2014-01-29,가락도매,90000
붉은고추,2014-01-29,평균,90000
붉은고추,2014-01-29,평년,76683
붉은고추,2014-02-03,가락도매,90000
붉은고추,2014-02-03,평균,90000
붉은고추,2014-02-03,평년,76933
붉은고추,2014-02-04,가락도매,80000
붉은고추,2014-02-04,평균,80000
붉은고추,2014-02-04,평년,77917
붉은고추,2014-02-05,가락도매,70000
붉은고추,2014-02-05,평균,70000
붉은고추,2014-02-05,평년,78317
붉은고추,2014-02-06,가락도매,60000
붉은고추,2014-02-06,평균,60000
붉은고추,2014-02-06,평년,78400
붉은고추,2014-02-07,가락도매,50000
붉은고추,2014-02-07,평균,50000
붉은고추,2014-02-07,평년,78950
붉은고추,2014-02-10,가락도매,50000
붉은고추,2014-02-10,평균,50000
붉은고추,2014-02-10,평년,78333
붉은고추,2014-02-11,가락도매,50000
붉은고추,2014-02-11,평균,50000
붉은고추,2014-02-11,평년,77933
붉은고추,2014-02-12,가락도매,50000
붉은고추,2014-02-12,평균,50000
붉은고추,2014-02-12,평년,78733
붉은고추,2014-02-13,가락도매,50000
붉은고추,2014-02-13,평균,50000
붉은고추,2014-02-13,평년,78950
붉은고추,2014-02-14,가락도매,50000
붉은고추,2014-02-14,평균,50000
붉은고추,2014-02-14,평년,78333
붉은고추,2014-02-17,가락도매,50000
붉은고추,2014-02-17,평균,50000
붉은고추,2014-02-17,평년,77933
붉은고추,2014-02-18,가락도매,50000
붉은고추,2014-02-18,평균,50000
붉은고추,2014-02-18,평년,77467
붉은고추,2014-02-19,가락도매,50000
붉은고추,2014-02-19,평균,50000
붉은고추,2014-02-19,평년,77467
붉은고추,2014-02-20,가락도매,50000
붉은고추,2014-02-20,평균,50000
붉은고추,2014-02-20,평년,77333
붉은고추,2014-02-21,가락도매,50000
붉은고추,2014-02-21,평균,50000
붉은고추,2014-02-21,평년,77917
붉은고추,2014-02-24,가락도매,50000
붉은고추,2014-02-24,평균,50000
붉은고추,2014-02-24,평년,79267
붉은고추,2014-02-25,가락도매,50000
붉은고추,2014-02-25,평균,50000
붉은고추,2014-02-25,평년,81267
붉은고추,2014-02-26,가락도매,50000
붉은고추,2014-02-26,평균,50000
붉은고추,2014-02-26,평년,83600
붉은고추,2014-02-27,가락도매,50000
붉은고추,2014-02-27,평균,50000
붉은고추,2014-02-27,평년,87617
붉은고추,2014-02-28,가락도매,50000
붉은고추,2014-02-28,평균,50000
붉은고추,2014-02-28,평년,89750
붉은고추,2014-03-03,가락도매,55000
붉은고추,2014-03-03,평균,55000
붉은고추,2014-03-03,평년,101667
붉은고추,2014-03-04,가락도매,56000
붉은고추,2014-03-04,평균,56000
붉은고추,2014-03-04,평년,104867
붉은고추,2014-03-05,가락도매,58000
붉은고추,2014-03-05,평균,58000
붉은고추,2014-03-05,평년,105867
붉은고추,2014-03-06,가락도매,61000
붉은고추,2014-03-06,평균,61000
붉은고추,2014-03-06,평년,106700
붉은고추,2014-03-07,가락도매,65000
붉은고추,2014-03-07,평균,65000
붉은고추,2014-03-07,평년,108417
붉은고추,2014-03-10,가락도매,65000
붉은고추,2014-03-10,평균,65000
붉은고추,2014-03-10,평년,107350
붉은고추,2014-03-11,가락도매,65000
붉은고추,2014-03-11,평균,65000
붉은고추,2014-03-11,평년,106733
붉은고추,2014-03-12,가락도매,67000
붉은고추,2014-03-12,평균,67000
붉은고추,2014-03-12,평년,107600
붉은고추,2014-03-13,가락도매,70000
붉은고추,2014-03-13,평균,70000
붉은고추,2014-03-13,평년,108000
붉은고추,2014-03-14,가락도매,80000
붉은고추,2014-03-14,평균,80000
붉은고추,2014-03-14,평년,108250
붉은고추,2014-03-17,가락도매,75000
붉은고추,2014-03-17,평균,75000
붉은고추,2014-03-17,평년,105333
붉은고추,2014-03-18,가락도매,80000
붉은고추,2014-03-18,평균,80000
붉은고추,2014-03-18,평년,103800
붉은고추,2014-03-19,가락도매,85000
붉은고추,2014-03-19,평균,85000
붉은고추,2014-03-19,평년,100467
붉은고추,2014-03-20,가락도매,85000
붉은고추,2014-03-20,평균,85000
붉은고추,2014-03-20,평년,97167
붉은고추,2014-03-21,가락도매,85000
붉은고추,2014-03-21,평균,85000
붉은고추,2014-03-21,평년,94917
붉은고추,2014-03-24,가락도매,95000
붉은고추,2014-03-24,평균,95000
붉은고추,2014-03-24,평년,95317
붉은고추,2014-03-25,가락도매,105000
붉은고추,2014-03-25,평균,105000
붉은고추,2014-03-25,평년,96867
붉은고추,2014-03-26,가락도매,105000
붉은고추,2014-03-26,평균,105000
붉은고추,2014-03-26,평년,98533
붉은고추,2014-03-27,가락도매,105000
붉은고추,2014-03-27,평균,105000
붉은고추,2014-03-27,평년,100600
붉은고추,2014-03-28,가락도매,110000
붉은고추,2014-03-28,평균,110000
붉은고추,2014-03-28,평년,100317
붉은고추,2014-03-31,가락도매,115000
붉은고추,2014-03-31,평균,115000
붉은고추,2014-03-31,평년,104500
붉은고추,2014-04-01,가락도매,130000
붉은고추,2014-04-01,평균,130000
붉은고추,2014-04-01,평년,107067
붉은고추,2014-04-02,가락도매,130000
붉은고추,2014-04-02,평균,130000
붉은고추,2014-04-02,평년,108740
붉은고추,2014-04-03,가락도매,130000
붉은고추,2014-04-03,평균,130000
붉은고추,2014-04-03,평년,112023
붉은고추,2014-04-04,가락도매,130000
붉은고추,2014-04-04,평균,130000
붉은고추,2014-04-04,평년,112158
붉은고추,2014-04-07,가락도매,140000
붉은고추,2014-04-07,평균,140000
붉은고추,2014-04-07,평년,115750
붉은고추,2014-04-08,가락도매,150000
붉은고추,2014-04-08,평균,150000
붉은고추,2014-04-08,평년,116417
붉은고추,2014-04-09,가락도매,170000
붉은고추,2014-04-09,평균,170000
붉은고추,2014-04-09,평년,117417
붉은고추,2014-04-10,가락도매,190000
붉은고추,2014-04-10,평균,190000
붉은고추,2014-04-10,평년,114917
붉은고추,2014-04-11,가락도매,200000
붉은고추,2014-04-11,평균,200000
붉은고추,2014-04-11,평년,113000
붉은고추,2014-04-14,가락도매,200000
붉은고추,2014-04-14,평균,200000
붉은고추,2014-04-14,평년,125267
붉은고추,2014-04-15,가락도매,200000
붉은고추,2014-04-15,평균,200000
붉은고추,2014-04-15,평년,129067
붉은고추,2014-04-16,가락도매,200000
붉은고추,2014-04-16,평균,200000
붉은고추,2014-04-16,평년,131917
붉은고추,2014-04-17,가락도매,190000
붉은고추,2014-04-17,평균,190000
붉은고추,2014-04-17,평년,130417
붉은고추,2014-04-18,가락도매,170000
붉은고추,2014-04-18,평균,170000
붉은고추,2014-04-18,평년,128867
붉은고추,2014-04-21,가락도매,170000
붉은고추,2014-04-21,평균,170000
붉은고추,2014-04-21,평년,123917
붉은고추,2014-04-22,가락도매,170000
붉은고추,2014-04-22,평균,170000
붉은고추,2014-04-22,평년,119383
붉은고추,2014-04-23,가락도매,160000
붉은고추,2014-04-23,평균,160000
붉은고추,2014-04-23,평년,116583
붉은고추,2014-04-24,가락도매,150000
붉은고추,2014-04-24,평균,150000
붉은고추,2014-04-24,평년,114583
붉은고추,2014-04-25,가락도매,110000
붉은고추,2014-04-25,평균,110000
붉은고추,2014-04-25,평년,112800
붉은고추,2014-04-28,가락도매,90000
붉은고추,2014-04-28,평균,90000
붉은고추,2014-04-28,평년,104733
붉은고추,2014-04-29,가락도매,70000
붉은고추,2014-04-29,평균,70000
붉은고추,2014-04-29,평년,101400
붉은고추,2014-04-30,가락도매,65000
붉은고추,2014-04-30,평균,65000
붉은고추,2014-04-30,평년,99700
붉은고추,2014-05-02,가락도매,60000
붉은고추,2014-05-02,평균,60000
붉은고추,2014-05-02,평년,97550
붉은고추,2014-05-07,가락도매,53000
붉은고추,2014-05-07,평균,53000
붉은고추,2014-05-07,평년,77250
붉은고추,2014-05-08,가락도매,53000
붉은고추,2014-05-08,평균,53000
붉은고추,2014-05-08,평년,71250
붉은고추,2014-05-09,가락도매,50000
붉은고추,2014-05-09,평균,50000
붉은고추,2014-05-09,평년,63950
붉은고추,2014-05-12,가락도매,50000
붉은고추,2014-05-12,평균,50000
붉은고추,2014-05-12,평년,51167
붉은고추,2014-05-13,가락도매,50000
붉은고추,2014-05-13,평균,50000
붉은고추,2014-05-13,평년,48567
붉은고추,2014-05-14,가락도매,50000
붉은고추,2014-05-14,평균,50000
붉은고추,2014-05-14,평년,45567
붉은고추,2014-05-15,가락도매,48000
붉은고추,2014-05-15,평균,48000
붉은고추,2014-05-15,평년,43233
붉은고추,2014-05-16,가락도매,46000
붉은고추,2014-05-16,평균,46000
붉은고추,2014-05-16,평년,41800
붉은고추,2014-05-19,가락도매,40000
붉은고추,2014-05-19,평균,40000
붉은고추,2014-05-19,평년,38417
붉은고추,2014-05-20,가락도매,40000
붉은고추,2014-05-20,평균,40000
붉은고추,2014-05-20,평년,39200
붉은고추,2014-05-21,가락도매,42000
붉은고추,2014-05-21,평균,42000
붉은고추,2014-05-21,평년,40133
붉은고추,2014-05-22,가락도매,42000
붉은고추,2014-05-22,평균,42000
붉은고추,2014-05-22,평년,40733
붉은고추,2014-05-23,가락도매,42000
붉은고추,2014-05-23,평균,42000
붉은고추,2014-05-23,평년,41000
붉은고추,2014-05-26,가락도매,42000
붉은고추,2014-05-26,평균,42000
붉은고추,2014-05-26,평년,39717
붉은고추,2014-05-27,가락도매,42000
붉은고추,2014-05-27,평균,42000
붉은고추,2014-05-27,평년,38667
붉은고추,2014-05-28,가락도매,42000
붉은고추,2014-05-28,평균,42000
붉은고추,2014-05-28,평년,37933
붉은고추,2014-05-29,가락도매,43000
붉은고추,2014-05-29,평균,43000
붉은고추,2014-05-29,평년,37417
붉은고추,2014-05-30,가락도매,45000
붉은고추,2014-05-30,평균,45000
붉은고추,2014-05-30,평년,36867
붉은고추,2014-06-02,가락도매,45000
붉은고추,2014-06-02,평균,45000
붉은고추,2014-06-02,평년,36733
붉은고추,2014-06-03,가락도매,45000
붉은고추,2014-06-03,평균,45000
붉은고추,2014-06-03,평년,37133
붉은고추,2014-06-05,가락도매,50000
붉은고추,2014-06-05,평균,50000
붉은고추,2014-06-05,평년,41200
붉은고추,2014-06-09,가락도매,50000
붉은고추,2014-06-09,평균,50000
붉은고추,2014-06-09,평년,45950
붉은고추,2014-06-10,가락도매,47000
붉은고추,2014-06-10,평균,47000
붉은고추,2014-06-10,평년,45733
붉은고추,2014-06-11,가락도매,47000
붉은고추,2014-06-11,평균,47000
붉은고추,2014-06-11,평년,46600
붉은고추,2014-06-12,가락도매,47000
붉은고추,2014-06-12,평균,47000
붉은고추,2014-06-12,평년,46567
붉은고추,2014-06-13,가락도매,47000
붉은고추,2014-06-13,평균,47000
붉은고추,2014-06-13,평년,45033
붉은고추,2014-06-16,가락도매,47000
붉은고추,2014-06-16,평균,47000
붉은고추,2014-06-16,평년,44250
붉은고추,2014-06-17,가락도매,43000
붉은고추,2014-06-17,평균,43000
붉은고추,2014-06-17,평년,45133
붉은고추,2014-06-18,가락도매,48000
붉은고추,2014-06-18,평균,48000
붉은고추,2014-06-18,평년,45733
붉은고추,2014-06-19,가락도매,52000
붉은고추,2014-06-19,평균,52000
붉은고추,2014-06-19,평년,46583
붉은고추,2014-06-20,가락도매,52000
붉은고추,2014-06-20,평균,52000
붉은고추,2014-06-20,평년,47033
붉은고추,2014-06-23,가락도매,55000
붉은고추,2014-06-23,평균,55000
붉은고추,2014-06-23,평년,46983
붉은고추,2014-06-24,가락도매,50000
붉은고추,2014-06-24,평균,50000
붉은고추,2014-06-24,평년,46000
붉은고추,2014-06-25,가락도매,45000
붉은고추,2014-06-25,평균,45000
붉은고추,2014-06-25,평년,43500
붉은고추,2014-06-26,가락도매,42000
붉은고추,2014-06-26,평균,42000
붉은고추,2014-06-26,평년,41167
붉은고추,2014-06-27,가락도매,47000
붉은고추,2014-06-27,평균,47000
붉은고추,2014-06-27,평년,39733
붉은고추,2014-06-30,가락도매,43000
붉은고추,2014-06-30,평균,43000
붉은고추,2014-06-30,평년,37200
붉은고추,2014-07-01,가락도매,43000
붉은고추,2014-07-01,평균,43000
붉은고추,2014-07-01,평년,36267
붉은고추,2014-07-02,가락도매,39000
붉은고추,2014-07-02,평균,39000
붉은고추,2014-07-02,평년,36167
붉은고추,2014-07-03,가락도매,39000
붉은고추,2014-07-03,평균,39000
붉은고추,2014-07-03,평년,36500
붉은고추,2014-07-04,가락도매,39000
붉은고추,2014-07-04,평균,39000
붉은고추,2014-07-04,평년,36733
붉은고추,2014-07-07,가락도매,39000
붉은고추,2014-07-07,평균,39000
붉은고추,2014-07-07,평년,38483
붉은고추,2014-07-08,가락도매,36000
붉은고추,2014-07-08,평균,36000
붉은고추,2014-07-08,평년,39400
붉은고추,2014-07-09,가락도매,32000
붉은고추,2014-07-09,평균,32000
붉은고추,2014-07-09,평년,39133
붉은고추,2014-07-10,가락도매,28000
붉은고추,2014-07-10,평균,28000
붉은고추,2014-07-10,평년,38967
붉은고추,2014-07-11,가락도매,32000
붉은고추,2014-07-11,평균,32000
붉은고추,2014-07-11,평년,39000
붉은고추,2014-07-14,가락도매,38000
붉은고추,2014-07-14,평균,38000
붉은고추,2014-07-14,평년,37133
붉은고추,2014-07-15,가락도매,38000
붉은고추,2014-07-15,평균,38000
붉은고추,2014-07-15,평년,36333
붉은고추,2014-07-16,가락도매,45000
붉은고추,2014-07-16,평균,45000
붉은고추,2014-07-16,평년,35133
붉은고추,2014-07-17,가락도매,45000
붉은고추,2014-07-17,평균,45000
붉은고추,2014-07-17,평년,34400
붉은고추,2014-07-18,가락도매,48000
붉은고추,2014-07-18,평균,48000
붉은고추,2014-07-18,평년,34100
붉은고추,2014-07-21,가락도매,45000
붉은고추,2014-07-21,평균,45000
붉은고추,2014-07-21,평년,33817
붉은고추,2014-07-22,가락도매,38000
붉은고추,2014-07-22,평균,38000
붉은고추,2014-07-22,평년,33817
붉은고추,2014-07-23,가락도매,36000
붉은고추,2014-07-23,평균,36000
붉은고추,2014-07-23,평년,33467
붉은고추,2014-07-24,가락도매,36000
붉은고추,2014-07-24,평균,36000
붉은고추,2014-07-24,평년,33433
붉은고추,2014-07-25,가락도매,36000
붉은고추,2014-07-25,평균,36000
붉은고추,2014-07-25,평년,34033
붉은고추,2014-07-28,가락도매,40000
붉은고추,2014-07-28,평균,40000
붉은고추,2014-07-28,평년,33533
붉은고추,2014-07-29,가락도매,40000
붉은고추,2014-07-29,평균,40000
붉은고추,2014-07-29,평년,32867
붉은고추,2014-07-30,가락도매,30000
붉은고추,2014-07-30,평균,30000
붉은고추,2014-07-30,평년,32067
붉은고추,2014-07-31,가락도매,29000
붉은고추,2014-07-31,평균,29000
붉은고추,2014-07-31,평년,31533
붉은고추,2014-08-04,가락도매,25000
붉은고추,2014-08-04,평균,25000
붉은고추,2014-08-04,평년,31233
붉은고추,2014-08-05,가락도매,30000
붉은고추,2014-08-05,평균,30000
붉은고추,2014-08-05,평년,31267
붉은고추,2014-08-06,가락도매,30000
붉은고추,2014-08-06,평균,30000
붉은고추,2014-08-06,평년,31667
붉은고추,2014-08-07,가락도매,28000
붉은고추,2014-08-07,평균,28000
붉은고추,2014-08-07,평년,32133
붉은고추,2014-08-08,가락도매,28000
붉은고추,2014-08-08,평균,28000
붉은고추,2014-08-08,평년,32267
붉은고추,2014-08-11,가락도매,30000
붉은고추,2014-08-11,평균,30000
붉은고추,2014-08-11,평년,32550
붉은고추,2014-08-12,가락도매,30000
붉은고추,2014-08-12,평균,30000
붉은고추,2014-08-12,평년,33417
붉은고추,2014-08-13,가락도매,30000
붉은고추,2014-08-13,평균,30000
붉은고추,2014-08-13,평년,33133
붉은고추,2014-08-14,가락도매,30000
붉은고추,2014-08-14,평균,30000
붉은고추,2014-08-14,평년,32000
붉은고추,2014-08-18,가락도매,30000
붉은고추,2014-08-18,평균,30000
붉은고추,2014-08-18,평년,28517
붉은고추,2014-08-19,가락도매,30000
붉은고추,2014-08-19,평균,30000
붉은고추,2014-08-19,평년,28233
붉은고추,2014-08-20,가락도매,30000
붉은고추,2014-08-20,평균,30000
붉은고추,2014-08-20,평년,27667
붉은고추,2014-08-21,가락도매,30000
붉은고추,2014-08-21,평균,30000
붉은고추,2014-08-21,평년,27267
붉은고추,2014-08-22,가락도매,30000
붉은고추,2014-08-22,평균,30000
붉은고추,2014-08-22,평년,27183
붉은고추,2014-08-25,가락도매,23000
붉은고추,2014-08-25,평균,23000
붉은고추,2014-08-25,평년,27933
붉은고추,2014-08-26,가락도매,28000
붉은고추,2014-08-26,평균,28000
붉은고추,2014-08-26,평년,28267
붉은고추,2014-08-27,가락도매,25000
붉은고추,2014-08-27,평균,25000
붉은고추,2014-08-27,평년,28600
붉은고추,2014-08-28,가락도매,23000
붉은고추,2014-08-28,평균,23000
붉은고추,2014-08-28,평년,29117
붉은고추,2014-08-29,가락도매,23000
붉은고추,2014-08-29,평균,23000
붉은고추,2014-08-29,평년,29083
붉은고추,2014-09-01,가락도매,25000
붉은고추,2014-09-01,평균,25000
붉은고추,2014-09-01,평년,27667
붉은고추,2014-09-02,가락도매,25000
붉은고추,2014-09-02,평균,25000
붉은고추,2014-09-02,평년,27600
붉은고추,2014-09-03,가락도매,23000
붉은고추,2014-09-03,평균,23000
붉은고추,2014-09-03,평년,27933
붉은고추,2014-09-04,가락도매,23000
붉은고추,2014-09-04,평균,23000
붉은고추,2014-09-04,평년,28733
붉은고추,2014-09-05,가락도매,28000
붉은고추,2014-09-05,평균,28000
붉은고추,2014-09-05,평년,30383
붉은고추,2014-09-11,가락도매,33000
붉은고추,2014-09-11,평균,33000
붉은고추,2014-09-11,평년,38517
붉은고추,2014-09-12,가락도매,38000
붉은고추,2014-09-12,평균,38000
붉은고추,2014-09-12,평년,39967
붉은고추,2014-09-15,가락도매,30000
붉은고추,2014-09-15,평균,30000
붉은고추,2014-09-15,평년,42333
붉은고추,2014-09-17,가락도매,32000
붉은고추,2014-09-17,평균,32000
붉은고추,2014-09-17,평년,40067
붉은고추,2014-09-18,가락도매,32000
붉은고추,2014-09-18,평균,32000
붉은고추,2014-09-18,평년,40367
붉은고추,2014-09-19,가락도매,32000
붉은고추,2014-09-19,평균,32000
붉은고추,2014-09-19,평년,42300
붉은고추,2014-09-22,가락도매,35000
붉은고추,2014-09-22,평균,35000
붉은고추,2014-09-22,평년,44367
붉은고추,2014-09-23,가락도매,40000
붉은고추,2014-09-23,평균,40000
붉은고추,2014-09-23,평년,44467
붉은고추,2014-09-24,가락도매,50000
붉은고추,2014-09-24,평균,50000
붉은고추,2014-09-24,평년,42233
붉은고추,2014-09-25,가락도매,50000
붉은고추,2014-09-25,평균,50000
붉은고추,2014-09-25,평년,40000
붉은고추,2014-09-26,가락도매,55000
붉은고추,2014-09-26,평균,55000
붉은고추,2014-09-26,평년,40033
붉은고추,2014-09-29,가락도매,55000
붉은고추,2014-09-29,평균,55000
붉은고추,2014-09-29,평년,43200
붉은고추,2014-09-30,가락도매,55000
붉은고추,2014-09-30,평균,55000
붉은고추,2014-09-30,평년,45333
붉은고추,2014-10-01,가락도매,55000
붉은고추,2014-10-01,평균,55000
붉은고추,2014-10-01,평년,46050
붉은고추,2014-10-02,가락도매,53000
붉은고추,2014-10-02,평균,53000
붉은고추,2014-10-02,평년,45833
붉은고추,2014-10-06,가락도매,51000
붉은고추,2014-10-06,평균,51000
붉은고추,2014-10-06,평년,45150
붉은고추,2014-10-07,가락도매,48000
붉은고추,2014-10-07,평균,48000
붉은고추,2014-10-07,평년,46483
붉은고추,2014-10-08,가락도매,46000
붉은고추,2014-10-08,평균,46000
붉은고추,2014-10-08,평년,48133
붉은고추,2014-10-10,가락도매,56000
붉은고추,2014-10-10,평균,56000
붉은고추,2014-10-10,평년,48167
붉은고추,2014-10-13,가락도매,52000
붉은고추,2014-10-13,평균,52000
붉은고추,2014-10-13,평년,54367
붉은고추,2014-10-14,가락도매,60000
붉은고추,2014-10-14,평균,60000
붉은고추,2014-10-14,평년,56267
붉은고추,2014-10-15,가락도매,55000
붉은고추,2014-10-15,평균,55000
붉은고추,2014-10-15,평년,59267
붉은고추,2014-10-16,가락도매,55000
붉은고추,2014-10-16,평균,55000
붉은고추,2014-10-16,평년,61867
붉은고추,2014-10-17,가락도매,70000
붉은고추,2014-10-17,평균,70000
붉은고추,2014-10-17,평년,65333
붉은고추,2014-10-20,가락도매,70000
붉은고추,2014-10-20,평균,70000
붉은고추,2014-10-20,평년,71867
붉은고추,2014-10-21,가락도매,70000
붉은고추,2014-10-21,평균,70000
붉은고추,2014-10-21,평년,72000
붉은고추,2014-10-22,가락도매,80000
붉은고추,2014-10-22,평균,80000
붉은고추,2014-10-22,평년,72800
붉은고추,2014-10-23,가락도매,80000
붉은고추,2014-10-23,평균,80000
붉은고추,2014-10-23,평년,72867
붉은고추,2014-10-24,가락도매,80000
붉은고추,2014-10-24,평균,80000
붉은고추,2014-10-24,평년,72867
붉은고추,2014-10-27,가락도매,75000
붉은고추,2014-10-27,평균,75000
붉은고추,2014-10-27,평년,73017
붉은고추,2014-10-28,가락도매,75000
붉은고추,2014-10-28,평균,75000
붉은고추,2014-10-28,평년,73333
붉은고추,2014-10-29,가락도매,75000
붉은고추,2014-10-29,평균,75000
붉은고추,2014-10-29,평년,74150
붉은고추,2014-10-30,가락도매,85000
붉은고추,2014-10-30,평균,85000
붉은고추,2014-10-30,평년,74083
붉은고추,2014-10-31,가락도매,85000
붉은고추,2014-10-31,평균,85000
붉은고추,2014-10-31,평년,71333
붉은고추,2014-11-03,가락도매,85000
붉은고추,2014-11-03,평균,85000
붉은고추,2014-11-03,평년,67467
붉은고추,2014-11-04,가락도매,85000
붉은고추,2014-11-04,평균,85000
붉은고추,2014-11-04,평년,66600
붉은고추,2014-11-05,가락도매,85000
붉은고추,2014-11-05,평균,85000
붉은고추,2014-11-05,평년,66083
붉은고추,2014-11-06,가락도매,82000
붉은고추,2014-11-06,평균,82000
붉은고추,2014-11-06,평년,65750
붉은고추,2014-11-07,가락도매,82000
붉은고추,2014-11-07,평균,82000
붉은고추,2014-11-07,평년,65733
붉은고추,2014-11-10,가락도매,85000
붉은고추,2014-11-10,평균,85000
붉은고추,2014-11-10,평년,63833
붉은고추,2014-11-11,가락도매,85000
붉은고추,2014-11-11,평균,85000
붉은고추,2014-11-11,평년,62500
붉은고추,2014-11-12,가락도매,85000
붉은고추,2014-11-12,평균,85000
붉은고추,2014-11-12,평년,61833
붉은고추,2014-11-13,가락도매,85000
붉은고추,2014-11-13,평균,85000
붉은고추,2014-11-13,평년,61833
붉은고추,2014-11-14,가락도매,85000
붉은고추,2014-11-14,평균,85000
붉은고추,2014-11-14,평년,60667
붉은고추,2014-11-17,가락도매,78000
붉은고추,2014-11-17,평균,78000
붉은고추,2014-11-17,평년,56583
붉은고추,2014-11-18,가락도매,76000
붉은고추,2014-11-18,평균,76000
붉은고추,2014-11-18,평년,56750
붉은고추,2014-11-19,가락도매,70000
붉은고추,2014-11-19,평균,70000
붉은고추,2014-11-19,평년,56167
붉은고추,2014-11-20,가락도매,70000
붉은고추,2014-11-20,평균,70000
붉은고추,2014-11-20,평년,55167
붉은고추,2014-11-21,가락도매,75000
붉은고추,2014-11-21,평균,75000
붉은고추,2014-11-21,평년,55000
붉은고추,2014-11-24,가락도매,75000
붉은고추,2014-11-24,평균,75000
붉은고추,2014-11-24,평년,53583
붉은고추,2014-11-25,가락도매,75000
붉은고추,2014-11-25,평균,75000
붉은고추,2014-11-25,평년,53450
붉은고추,2014-11-26,가락도매,77000
붉은고추,2014-11-26,평균,77000
붉은고추,2014-11-26,평년,53133
붉은고추,2014-11-27,가락도매,77000
붉은고추,2014-11-27,평균,77000
붉은고추,2014-11-27,평년,55600
붉은고추,2014-11-28,가락도매,77000
붉은고추,2014-11-28,평균,77000
붉은고추,2014-11-28,평년,56167
붉은고추,2014-12-02,가락도매,77000
붉은고추,2014-12-02,평균,77000
붉은고추,2014-12-02,평년,60767
붉은고추,2014-12-03,가락도매,77000
붉은고추,2014-12-03,평균,77000
붉은고추,2014-12-03,평년,64600
붉은고추,2014-12-04,가락도매,85000
붉은고추,2014-12-04,평균,85000
붉은고추,2014-12-04,평년,67800
붉은고추,2014-12-05,가락도매,90000
붉은고추,2014-12-05,평균,90000
붉은고추,2014-12-05,평년,69600
붉은고추,2014-12-08,가락도매,90000
붉은고추,2014-12-08,평균,90000
붉은고추,2014-12-08,평년,72500
붉은고추,2014-12-09,가락도매,90000
붉은고추,2014-12-09,평균,90000
붉은고추,2014-12-09,평년,71867
붉은고추,2014-12-10,가락도매,85000
붉은고추,2014-12-10,평균,85000
붉은고추,2014-12-10,평년,71400
붉은고추,2014-12-11,가락도매,85000
붉은고추,2014-12-11,평균,85000
붉은고추,2014-12-11,평년,70933
붉은고추,2014-12-12,가락도매,85000
붉은고추,2014-12-12,평균,85000
붉은고추,2014-12-12,평년,70167
붉은고추,2014-12-15,가락도매,83000
붉은고추,2014-12-15,평균,83000
붉은고추,2014-12-15,평년,69383
붉은고추,2014-12-16,가락도매,83000
붉은고추,2014-12-16,평균,83000
붉은고추,2014-12-16,평년,68933
붉은고추,2014-12-17,가락도매,83000
붉은고추,2014-12-17,평균,83000
붉은고추,2014-12-17,평년,68733
붉은고추,2014-12-18,가락도매,88000
붉은고추,2014-12-18,평균,88000
붉은고추,2014-12-18,평년,68000
붉은고추,2014-12-19,가락도매,98000
붉은고추,2014-12-19,평균,98000
붉은고추,2014-12-19,평년,67250
붉은고추,2014-12-22,가락도매,98000
붉은고추,2014-12-22,평균,98000
붉은고추,2014-12-22,평년,65800
붉은고추,2014-12-23,가락도매,100000
붉은고추,2014-12-23,평균,100000
붉은고추,2014-12-23,평년,65467
붉은고추,2014-12-24,가락도매,102000
붉은고추,2014-12-24,평균,102000
붉은고추,2014-12-24,평년,64917
붉은고추,2014-12-26,가락도매,105000
붉은고추,2014-12-26,평균,105000
붉은고추,2014-12-26,평년,64500
붉은고추,2014-12-29,가락도매,111000
붉은고추,2014-12-29,평균,111000
붉은고추,2014-12-29,평년,65867
붉은고추,2014-12-30,가락도매,115000
붉은고추,2014-12-30,평균,115000
붉은고추,2014-12-30,평년,65800
붉은고추,2014-12-31,가락도매,125000
붉은고추,2014-12-31,평균,125000
붉은고추,2014-12-31,평년,65200
붉은고추,2015-01-02,가락도매,125000
붉은고추,2015-01-02,평균,125000
붉은고추,2015-01-02,평년,64917
붉은고추,2015-01-05,가락도매,130000
붉은고추,2015-01-05,평균,130000
붉은고추,2015-01-05,평년,65000
붉은고추,2015-01-06,가락도매,130000
붉은고추,2015-01-06,평균,130000
붉은고추,2015-01-06,평년,65867
붉은고추,2015-01-07,가락도매,130000
붉은고추,2015-01-07,평균,130000
붉은고추,2015-01-07,평년,66367
붉은고추,2015-01-08,가락도매,140000
붉은고추,2015-01-08,평균,140000
붉은고추,2015-01-08,평년,66333
붉은고추,2015-01-09,가락도매,140000
붉은고추,2015-01-09,평균,140000
붉은고추,2015-01-09,평년,66750
붉은고추,2015-01-12,가락도매,140000
붉은고추,2015-01-12,평균,140000
붉은고추,2015-01-12,평년,67367
붉은고추,2015-01-13,가락도매,140000
붉은고추,2015-01-13,평균,140000
붉은고추,2015-01-13,평년,66633
붉은고추,2015-01-14,가락도매,140000
붉은고추,2015-01-14,평균,140000
붉은고추,2015-01-14,평년,66267
붉은고추,2015-01-15,가락도매,135000
붉은고추,2015-01-15,평균,135000
붉은고추,2015-01-15,평년,66400
붉은고추,2015-01-16,가락도매,140000
붉은고추,2015-01-16,평균,140000
붉은고추,2015-01-16,평년,66450
붉은고추,2015-01-19,가락도매,155000
붉은고추,2015-01-19,평균,155000
붉은고추,2015-01-19,평년,69117
붉은고추,2015-01-20,가락도매,160000
붉은고추,2015-01-20,평균,160000
붉은고추,2015-01-20,평년,72033
붉은고추,2015-01-21,가락도매,160000
붉은고추,2015-01-21,평균,160000
붉은고추,2015-01-21,평년,74533
붉은고추,2015-01-22,가락도매,160000
붉은고추,2015-01-22,평균,160000
붉은고추,2015-01-22,평년,76867
붉은고추,2015-01-23,가락도매,160000
붉은고추,2015-01-23,평균,160000
붉은고추,2015-01-23,평년,77900
붉은고추,2015-01-26,가락도매,150000
붉은고추,2015-01-26,평균,150000
붉은고추,2015-01-26,평년,81750
붉은고추,2015-01-27,가락도매,145000
붉은고추,2015-01-27,평균,145000
붉은고추,2015-01-27,평년,81917
붉은고추,2015-01-28,가락도매,160000
붉은고추,2015-01-28,평균,160000
붉은고추,2015-01-28,평년,82067
붉은고추,2015-01-29,가락도매,160000
붉은고추,2015-01-29,평균,160000
붉은고추,2015-01-29,평년,82550
붉은고추,2015-01-30,가락도매,160000
붉은고추,2015-01-30,평균,160000
붉은고추,2015-01-30,평년,82050
붉은고추,2015-02-02,가락도매,160000
붉은고추,2015-02-02,평균,160000
붉은고추,2015-02-02,평년,81550
붉은고추,2015-02-03,가락도매,160000
붉은고추,2015-02-03,평균,160000
붉은고추,2015-02-03,평년,81467
붉은고추,2015-02-04,가락도매,160000
붉은고추,2015-02-04,평균,160000
붉은고추,2015-02-04,평년,80583
붉은고추,2015-02-05,가락도매,165000
붉은고추,2015-02-05,평균,165000
붉은고추,2015-02-05,평년,78317
붉은고추,2015-02-06,가락도매,165000
붉은고추,2015-02-06,평균,165000
붉은고추,2015-02-06,평년,75933
붉은고추,2015-02-09,가락도매,170000
붉은고추,2015-02-09,평균,170000
붉은고추,2015-02-09,평년,73600
붉은고추,2015-02-10,가락도매,180000
붉은고추,2015-02-10,평균,180000
붉은고추,2015-02-10,평년,72800
붉은고추,2015-02-11,가락도매,180000
붉은고추,2015-02-11,평균,180000
붉은고추,2015-02-11,평년,71933
붉은고추,2015-02-12,가락도매,170000
붉은고추,2015-02-12,평균,170000
붉은고추,2015-02-12,평년,72733
붉은고추,2015-02-13,가락도매,170000
붉은고추,2015-02-13,평균,170000
붉은고추,2015-02-13,평년,72750
붉은고추,2015-02-16,가락도매,180000
붉은고추,2015-02-16,평균,180000
붉은고추,2015-02-16,평년,71667
붉은고추,2015-02-17,가락도매,170000
붉은고추,2015-02-17,평균,170000
붉은고추,2015-02-17,평년,71467
붉은고추,2015-02-23,가락도매,140000
붉은고추,2015-02-23,평균,140000
붉은고추,2015-02-23,평년,69667
붉은고추,2015-02-24,가락도매,110000
붉은고추,2015-02-24,평균,110000
붉은고추,2015-02-24,평년,70267
붉은고추,2015-02-25,가락도매,110000
붉은고추,2015-02-25,평균,110000
붉은고추,2015-02-25,평년,71467
붉은고추,2015-02-26,가락도매,95000
붉은고추,2015-02-26,평균,95000
붉은고추,2015-02-26,평년,72133
붉은고추,2015-02-27,가락도매,80000
붉은고추,2015-02-27,평균,80000
붉은고추,2015-02-27,평년,73150
붉은고추,2015-03-02,가락도매,90000
붉은고추,2015-03-02,평균,90000
붉은고추,2015-03-02,평년,79383
붉은고추,2015-03-03,가락도매,90000
붉은고추,2015-03-03,평균,90000
붉은고추,2015-03-03,평년,81267
붉은고추,2015-03-04,가락도매,90000
붉은고추,2015-03-04,평균,90000
붉은고추,2015-03-04,평년,82000
붉은고추,2015-03-05,가락도매,90000
붉은고추,2015-03-05,평균,90000
붉은고추,2015-03-05,평년,84000
붉은고추,2015-03-06,가락도매,90000
붉은고추,2015-03-06,평균,90000
붉은고추,2015-03-06,평년,87500
붉은고추,2015-03-09,가락도매,85000
붉은고추,2015-03-09,평균,85000
붉은고추,2015-03-09,평년,93017
붉은고추,2015-03-10,가락도매,81000
붉은고추,2015-03-10,평균,81000
붉은고추,2015-03-10,평년,93550
붉은고추,2015-03-11,가락도매,80000
붉은고추,2015-03-11,평균,80000
붉은고추,2015-03-11,평년,95533
붉은고추,2015-03-12,가락도매,78000
붉은고추,2015-03-12,평균,78000
붉은고추,2015-03-12,평년,96733
붉은고추,2015-03-13,가락도매,77000
붉은고추,2015-03-13,평균,77000
붉은고추,2015-03-13,평년,97467
붉은고추,2015-03-16,가락도매,77000
붉은고추,2015-03-16,평균,77000
붉은고추,2015-03-16,평년,96083
붉은고추,2015-03-17,가락도매,85000
붉은고추,2015-03-17,평균,85000
붉은고추,2015-03-17,평년,96333
붉은고추,2015-03-18,가락도매,90000
붉은고추,2015-03-18,평균,90000
붉은고추,2015-03-18,평년,95800
붉은고추,2015-03-19,가락도매,103000
붉은고추,2015-03-19,평균,103000
붉은고추,2015-03-19,평년,93467
붉은고추,2015-03-20,가락도매,106000
붉은고추,2015-03-20,평균,106000
붉은고추,2015-03-20,평년,91833
붉은고추,2015-03-23,가락도매,119000
붉은고추,2015-03-23,평균,119000
붉은고추,2015-03-23,평년,90417
붉은고추,2015-03-24,가락도매,120000
붉은고추,2015-03-24,평균,120000
붉은고추,2015-03-24,평년,91317
붉은고추,2015-03-25,가락도매,113000
붉은고추,2015-03-25,평균,113000
붉은고추,2015-03-25,평년,92867
붉은고추,2015-03-26,가락도매,113000
붉은고추,2015-03-26,평균,113000
붉은고추,2015-03-26,평년,94533
붉은고추,2015-03-27,가락도매,113000
붉은고추,2015-03-27,평균,113000
붉은고추,2015-03-27,평년,95933
붉은고추,2015-03-30,가락도매,130000
붉은고추,2015-03-30,평균,130000
붉은고추,2015-03-30,평년,97233
붉은고추,2015-03-31,가락도매,145000
붉은고추,2015-03-31,평균,145000
붉은고추,2015-03-31,평년,100500
붉은고추,2015-04-01,가락도매,147000
붉은고추,2015-04-01,평균,147000
붉은고추,2015-04-01,평년,102733
붉은고추,2015-04-02,가락도매,154000
붉은고추,2015-04-02,평균,154000
붉은고추,2015-04-02,평년,103400
붉은고추,2015-04-03,가락도매,154000
붉은고추,2015-04-03,평균,154000
붉은고추,2015-04-03,평년,104350
붉은고추,2015-04-06,가락도매,146000
붉은고추,2015-04-06,평균,146000
붉은고추,2015-04-06,평년,107167
붉은고추,2015-04-07,가락도매,140000
붉은고추,2015-04-07,평균,140000
붉은고추,2015-04-07,평년,110000
붉은고추,2015-04-08,가락도매,150000
붉은고추,2015-04-08,평균,150000
붉은고추,2015-04-08,평년,114667
붉은고추,2015-04-09,가락도매,165000
붉은고추,2015-04-09,평균,165000
붉은고추,2015-04-09,평년,117417
붉은고추,2015-04-10,가락도매,176000
붉은고추,2015-04-10,평균,176000
붉은고추,2015-04-10,평년,114917
붉은고추,2015-04-13,가락도매,200000
붉은고추,2015-04-13,평균,200000
붉은고추,2015-04-13,평년,121467
붉은고추,2015-04-14,가락도매,212000
붉은고추,2015-04-14,평균,212000
붉은고추,2015-04-14,평년,125267
붉은고추,2015-04-15,가락도매,181000
붉은고추,2015-04-15,평균,181000
붉은고추,2015-04-15,평년,129067
붉은고추,2015-04-16,가락도매,157000
붉은고추,2015-04-16,평균,157000
붉은고추,2015-04-16,평년,131917
붉은고추,2015-04-17,가락도매,157000
붉은고추,2015-04-17,평균,157000
붉은고추,2015-04-17,평년,130750
붉은고추,2015-04-20,가락도매,190000
붉은고추,2015-04-20,평균,190000
붉은고추,2015-04-20,평년,132333
붉은고추,2015-04-21,가락도매,177000
붉은고추,2015-04-21,평균,177000
붉은고추,2015-04-21,평년,135250
붉은고추,2015-04-22,가락도매,145000
붉은고추,2015-04-22,평균,145000
붉은고추,2015-04-22,평년,136717
붉은고추,2015-04-23,가락도매,115000
붉은고추,2015-04-23,평균,115000
붉은고추,2015-04-23,평년,133583
붉은고추,2015-04-24,가락도매,125000
붉은고추,2015-04-24,평균,125000
붉은고추,2015-04-24,평년,128583
붉은고추,2015-04-27,가락도매,108000
붉은고추,2015-04-27,평균,108000
붉은고추,2015-04-27,평년,113400
붉은고추,2015-04-28,가락도매,108000
붉은고추,2015-04-28,평균,108000
붉은고추,2015-04-28,평년,107867
붉은고추,2015-04-29,가락도매,85000
붉은고추,2015-04-29,평균,85000
붉은고추,2015-04-29,평년,100200
붉은고추,2015-04-30,가락도매,72000
붉은고추,2015-04-30,평균,72000
붉은고추,2015-04-30,평년,96367
붉은고추,2015-05-04,가락도매,81000
붉은고추,2015-05-04,평균,81000
붉은고추,2015-05-04,평년,84583
붉은고추,2015-05-06,가락도매,65000
붉은고추,2015-05-06,평균,65000
붉은고추,2015-05-06,평년,81767
붉은고추,2015-05-07,가락도매,60000
붉은고추,2015-05-07,평균,60000
붉은고추,2015-05-07,평년,78317
붉은고추,2015-05-08,가락도매,60000
붉은고추,2015-05-08,평균,60000
붉은고추,2015-05-08,평년,72650
붉은고추,2015-05-11,가락도매,58000
붉은고추,2015-05-11,평균,58000
붉은고추,2015-05-11,평년,58317
붉은고추,2015-05-12,가락도매,50000
붉은고추,2015-05-12,평균,50000
붉은고추,2015-05-12,평년,54633
붉은고추,2015-05-13,가락도매,47000
붉은고추,2015-05-13,평균,47000
붉은고추,2015-05-13,평년,52233
붉은고추,2015-05-14,가락도매,47000
붉은고추,2015-05-14,평균,47000
붉은고추,2015-05-14,평년,49967
붉은고추,2015-05-15,가락도매,47000
붉은고추,2015-05-15,평균,47000
붉은고추,2015-05-15,평년,47000
붉은고추,2015-05-18,가락도매,40000
붉은고추,2015-05-18,평균,40000
붉은고추,2015-05-18,평년,42583
붉은고추,2015-05-19,가락도매,40000
붉은고추,2015-05-19,평균,40000
붉은고추,2015-05-19,평년,41817
붉은고추,2015-05-20,가락도매,42000
붉은고추,2015-05-20,평균,42000
붉은고추,2015-05-20,평년,41867
붉은고추,2015-05-21,가락도매,42000
붉은고추,2015-05-21,평균,42000
붉은고추,2015-05-21,평년,42200
붉은고추,2015-05-22,가락도매,42000
붉은고추,2015-05-22,평균,42000
붉은고추,2015-05-22,평년,42933
붉은고추,2015-05-26,가락도매,65000
붉은고추,2015-05-26,평균,65000
붉은고추,2015-05-26,평년,42917
붉은고추,2015-05-27,가락도매,75000
붉은고추,2015-05-27,평균,75000
붉은고추,2015-05-27,평년,41533
붉은고추,2015-05-28,가락도매,75000
붉은고추,2015-05-28,평균,75000
붉은고추,2015-05-28,평년,41000
붉은고추,2015-05-29,가락도매,77000
붉은고추,2015-05-29,평균,77000
붉은고추,2015-05-29,평년,40750
붉은고추,2015-06-01,가락도매,100000
붉은고추,2015-06-01,평균,100000
붉은고추,2015-06-01,평년,40667
붉은고추,2015-06-02,가락도매,95000
붉은고추,2015-06-02,평균,95000
붉은고추,2015-06-02,평년,41200
붉은고추,2015-06-03,가락도매,87000
붉은고추,2015-06-03,평균,87000
붉은고추,2015-06-03,평년,42333
붉은고추,2015-06-04,가락도매,113000
붉은고추,2015-06-04,평균,113000
붉은고추,2015-06-04,평년,44167
붉은고추,2015-06-05,가락도매,120000
붉은고추,2015-06-05,평균,120000
붉은고추,2015-06-05,평년,46200
붉은고추,2015-06-08,가락도매,100000
붉은고추,2015-06-08,평균,100000
붉은고추,2015-06-08,평년,50217
붉은고추,2015-06-09,가락도매,85000
붉은고추,2015-06-09,평균,85000
붉은고추,2015-06-09,평년,50817
붉은고추,2015-06-10,가락도매,75000
붉은고추,2015-06-10,평균,75000
붉은고추,2015-06-10,평년,50533
붉은고추,2015-06-11,가락도매,71000
붉은고추,2015-06-11,평균,71000
붉은고추,2015-06-11,평년,51000
붉은고추,2015-06-12,가락도매,65000
붉은고추,2015-06-12,평균,65000
붉은고추,2015-06-12,평년,50567
붉은고추,2015-06-15,가락도매,56000
붉은고추,2015-06-15,평균,56000
붉은고추,2015-06-15,평년,47583
붉은고추,2015-06-16,가락도매,51000
붉은고추,2015-06-16,평균,51000
붉은고추,2015-06-16,평년,47050
붉은고추,2015-06-17,가락도매,47000
붉은고추,2015-06-17,평균,47000
붉은고추,2015-06-17,평년,47933
붉은고추,2015-06-18,가락도매,49000
붉은고추,2015-06-18,평균,49000
붉은고추,2015-06-18,평년,48200
붉은고추,2015-06-19,가락도매,51000
붉은고추,2015-06-19,평균,51000
붉은고추,2015-06-19,평년,48583
붉은고추,2015-06-22,가락도매,49000
붉은고추,2015-06-22,평균,49000
붉은고추,2015-06-22,평년,49000
붉은고추,2015-06-23,가락도매,49000
붉은고추,2015-06-23,평균,49000
붉은고추,2015-06-23,평년,49183
붉은고추,2015-06-24,가락도매,40000
붉은고추,2015-06-24,평균,40000
붉은고추,2015-06-24,평년,48200
붉은고추,2015-06-25,가락도매,48000
붉은고추,2015-06-25,평균,48000
붉은고추,2015-06-25,평년,46367
붉은고추,2015-06-26,가락도매,65000
붉은고추,2015-06-26,평균,65000
붉은고추,2015-06-26,평년,44367
붉은고추,2015-06-29,가락도매,67000
붉은고추,2015-06-29,평균,67000
붉은고추,2015-06-29,평년,41783
붉은고추,2015-06-30,가락도매,63000
붉은고추,2015-06-30,평균,63000
붉은고추,2015-06-30,평년,40867
붉은고추,2015-07-01,가락도매,58000
붉은고추,2015-07-01,평균,58000
붉은고추,2015-07-01,평년,39733
붉은고추,2015-07-02,가락도매,56000
붉은고추,2015-07-02,평균,56000
붉은고추,2015-07-02,평년,39100
붉은고추,2015-07-03,가락도매,48000
붉은고추,2015-07-03,평균,48000
붉은고추,2015-07-03,평년,39033
붉은고추,2015-07-06,가락도매,48000
붉은고추,2015-07-06,평균,48000
붉은고추,2015-07-06,평년,38567
붉은고추,2015-07-07,가락도매,48000
붉은고추,2015-07-07,평균,48000
붉은고추,2015-07-07,평년,38483
붉은고추,2015-07-08,가락도매,45000
붉은고추,2015-07-08,평균,45000
붉은고추,2015-07-08,평년,39400
붉은고추,2015-07-09,가락도매,43000
붉은고추,2015-07-09,평균,43000
붉은고추,2015-07-09,평년,39133
붉은고추,2015-07-10,가락도매,44000
붉은고추,2015-07-10,평균,44000
붉은고추,2015-07-10,평년,38700
붉은고추,2015-07-13,가락도매,40000
붉은고추,2015-07-13,평균,40000
붉은고추,2015-07-13,평년,37650
붉은고추,2015-07-14,가락도매,40000
붉은고추,2015-07-14,평균,40000
붉은고추,2015-07-14,평년,36983
붉은고추,2015-07-15,가락도매,40000
붉은고추,2015-07-15,평균,40000
붉은고추,2015-07-15,평년,37533
붉은고추,2015-07-16,가락도매,40000
붉은고추,2015-07-16,평균,40000
붉은고추,2015-07-16,평년,37333
붉은고추,2015-07-17,가락도매,40000
붉은고추,2015-07-17,평균,40000
붉은고추,2015-07-17,평년,36867
붉은고추,2015-07-20,가락도매,46000
붉은고추,2015-07-20,평균,46000
붉은고추,2015-07-20,평년,36867
붉은고추,2015-07-21,가락도매,44000
붉은고추,2015-07-21,평균,44000
붉은고추,2015-07-21,평년,36950
붉은고추,2015-07-22,가락도매,43000
붉은고추,2015-07-22,평균,43000
붉은고추,2015-07-22,평년,36483
붉은고추,2015-07-23,가락도매,43000
붉은고추,2015-07-23,평균,43000
붉은고추,2015-07-23,평년,35533
붉은고추,2015-07-24,가락도매,43000
붉은고추,2015-07-24,평균,43000
붉은고추,2015-07-24,평년,35300
붉은고추,2015-07-27,가락도매,40000
붉은고추,2015-07-27,평균,40000
붉은고추,2015-07-27,평년,36933
붉은고추,2015-07-28,가락도매,40000
붉은고추,2015-07-28,평균,40000
붉은고추,2015-07-28,평년,35800
붉은고추,2015-07-29,가락도매,33000
붉은고추,2015-07-29,평균,33000
붉은고추,2015-07-29,평년,34667
붉은고추,2015-07-30,가락도매,30000
붉은고추,2015-07-30,평균,30000
붉은고추,2015-07-30,평년,33467
붉은고추,2015-07-31,가락도매,30000
붉은고추,2015-07-31,평균,30000
붉은고추,2015-07-31,평년,32600
붉은고추,2015-08-03,가락도매,30000
붉은고추,2015-08-03,평균,30000
붉은고추,2015-08-03,평년,32067
붉은고추,2015-08-04,가락도매,32000
붉은고추,2015-08-04,평균,32000
붉은고추,2015-08-04,평년,32300
붉은고추,2015-08-05,가락도매,32000
붉은고추,2015-08-05,평균,32000
붉은고추,2015-08-05,평년,32533
붉은고추,2015-08-06,가락도매,32000
붉은고추,2015-08-06,평균,32000
붉은고추,2015-08-06,평년,32733
붉은고추,2015-08-07,가락도매,30000
붉은고추,2015-08-07,평균,30000
붉은고추,2015-08-07,평년,32867
붉은고추,2015-08-10,가락도매,30000
붉은고추,2015-08-10,평균,30000
붉은고추,2015-08-10,평년,32000
붉은고추,2015-08-11,가락도매,27000
붉은고추,2015-08-11,평균,27000
붉은고추,2015-08-11,평년,31817
붉은고추,2015-08-12,가락도매,23000
붉은고추,2015-08-12,평균,23000
붉은고추,2015-08-12,평년,32283
붉은고추,2015-08-13,가락도매,26000
붉은고추,2015-08-13,평균,26000
붉은고추,2015-08-13,평년,32067
붉은고추,2015-08-17,가락도매,28000
붉은고추,2015-08-17,평균,28000
붉은고추,2015-08-17,평년,30350
붉은고추,2015-08-18,가락도매,30000
붉은고추,2015-08-18,평균,30000
붉은고추,2015-08-18,평년,29917
붉은고추,2015-08-19,가락도매,27000
붉은고추,2015-08-19,평균,27000
붉은고추,2015-08-19,평년,29833
붉은고추,2015-08-20,가락도매,25000
붉은고추,2015-08-20,평균,25000
붉은고추,2015-08-20,평년,29267
붉은고추,2015-08-21,가락도매,25000
붉은고추,2015-08-21,평균,25000
붉은고추,2015-08-21,평년,28200
붉은고추,2015-08-24,가락도매,20000
붉은고추,2015-08-24,평균,20000
붉은고추,2015-08-24,평년,27650
붉은고추,2015-08-25,가락도매,20000
붉은고추,2015-08-25,평균,20000
붉은고추,2015-08-25,평년,28133
붉은고추,2015-08-26,가락도매,26000
붉은고추,2015-08-26,평균,26000
붉은고추,2015-08-26,평년,28267
붉은고추,2015-08-27,가락도매,26000
붉은고추,2015-08-27,평균,26000
붉은고추,2015-08-27,평년,28600
붉은고추,2015-08-28,가락도매,27000
붉은고추,2015-08-28,평균,27000
붉은고추,2015-08-28,평년,29117
붉은고추,2015-08-31,가락도매,25000
붉은고추,2015-08-31,평균,25000
붉은고추,2015-08-31,평년,27967
붉은고추,2015-09-01,가락도매,22000
붉은고추,2015-09-01,평균,22000
붉은고추,2015-09-01,평년,27500
붉은고추,2015-09-02,가락도매,22000
붉은고추,2015-09-02,평균,22000
붉은고추,2015-09-02,평년,27600
붉은고추,2015-09-03,가락도매,22000
붉은고추,2015-09-03,평균,22000
붉은고추,2015-09-03,평년,27867
붉은고추,2015-09-04,가락도매,22000
붉은고추,2015-09-04,평균,22000
붉은고추,2015-09-04,평년,28867
붉은고추,2015-09-07,가락도매,23000
붉은고추,2015-09-07,평균,23000
붉은고추,2015-09-07,평년,33950
붉은고추,2015-09-08,가락도매,35000
붉은고추,2015-09-08,평균,35000
붉은고추,2015-09-08,평년,34000
붉은고추,2015-09-09,가락도매,30000
붉은고추,2015-09-09,평균,30000
붉은고추,2015-09-09,평년,34283
붉은고추,2015-09-10,가락도매,28000
붉은고추,2015-09-10,평균,28000
붉은고추,2015-09-10,평년,35733
붉은고추,2015-09-11,가락도매,28000
붉은고추,2015-09-11,평균,28000
붉은고추,2015-09-11,평년,38517
붉은고추,2015-09-14,가락도매,25000
붉은고추,2015-09-14,평균,25000
붉은고추,2015-09-14,평년,42083
붉은고추,2015-09-15,가락도매,25000
붉은고추,2015-09-15,평균,25000
붉은고추,2015-09-15,평년,42000
붉은고추,2015-09-16,가락도매,27000
붉은고추,2015-09-16,평균,27000
붉은고추,2015-09-16,평년,40333
붉은고추,2015-09-17,가락도매,27000
붉은고추,2015-09-17,평균,27000
붉은고추,2015-09-17,평년,39467
붉은고추,2015-09-18,가락도매,27000
붉은고추,2015-09-18,평균,27000
붉은고추,2015-09-18,평년,38900
붉은고추,2015-09-21,가락도매,30000
붉은고추,2015-09-21,평균,30000
붉은고추,2015-09-21,평년,43683
붉은고추,2015-09-22,가락도매,40000
붉은고추,2015-09-22,평균,40000
붉은고추,2015-09-22,평년,45100
붉은고추,2015-09-23,가락도매,40000
붉은고추,2015-09-23,평균,40000
붉은고추,2015-09-23,평년,46533
붉은고추,2015-09-24,가락도매,40000
붉은고추,2015-09-24,평균,40000
붉은고추,2015-09-24,평년,46500
붉은고추,2015-09-25,가락도매,40000
붉은고추,2015-09-25,평균,40000
붉은고추,2015-09-25,평년,46000
붉은고추,2015-09-30,가락도매,40000
붉은고추,2015-09-30,평균,40000
붉은고추,2015-09-30,평년,54067
붉은고추,2015-10-01,가락도매,40000
붉은고추,2015-10-01,평균,40000
붉은고추,2015-10-01,평년,54717
붉은고추,2015-10-02,가락도매,35000
붉은고추,2015-10-02,평균,35000
붉은고추,2015-10-02,평년,54050
붉은고추,2015-10-05,가락도매,30000
붉은고추,2015-10-05,평균,30000
붉은고추,2015-10-05,평년,53117
붉은고추,2015-10-06,가락도매,30000
붉은고추,2015-10-06,평균,30000
붉은고추,2015-10-06,평년,53417
붉은고추,2015-10-07,가락도매,30000
붉은고추,2015-10-07,평균,30000
붉은고추,2015-10-07,평년,55017
붉은고추,2015-10-08,가락도매,30000
붉은고추,2015-10-08,평균,30000
붉은고추,2015-10-08,평년,56733
붉은고추,2015-10-12,가락도매,43000
붉은고추,2015-10-12,평균,43000
붉은고추,2015-10-12,평년,60700
붉은고추,2015-10-13,가락도매,43000
붉은고추,2015-10-13,평균,43000
붉은고추,2015-10-13,평년,61800
붉은고추,2015-10-14,가락도매,40000
붉은고추,2015-10-14,평균,40000
붉은고추,2015-10-14,평년,63067
붉은고추,2015-10-15,가락도매,40000
붉은고추,2015-10-15,평균,40000
붉은고추,2015-10-15,평년,64667
붉은고추,2015-10-16,가락도매,45000
붉은고추,2015-10-16,평균,45000
붉은고추,2015-10-16,평년,66333
붉은고추,2015-10-19,가락도매,45000
붉은고추,2015-10-19,평균,45000
붉은고추,2015-10-19,평년,72617
붉은고추,2015-10-20,가락도매,47000
붉은고추,2015-10-20,평균,47000
붉은고추,2015-10-20,평년,74867
붉은고추,2015-10-21,가락도매,45000
붉은고추,2015-10-21,평균,45000
붉은고추,2015-10-21,평년,77333
붉은고추,2015-10-22,가락도매,43000
붉은고추,2015-10-22,평균,43000
붉은고추,2015-10-22,평년,79600
붉은고추,2015-10-23,가락도매,38000
붉은고추,2015-10-23,평균,38000
붉은고추,2015-10-23,평년,80333
붉은고추,2015-10-26,가락도매,32000
붉은고추,2015-10-26,평균,32000
붉은고추,2015-10-26,평년,80100
붉은고추,2015-10-27,가락도매,32000
붉은고추,2015-10-27,평균,32000
붉은고추,2015-10-27,평년,79267
붉은고추,2015-10-28,가락도매,32000
붉은고추,2015-10-28,평균,32000
붉은고추,2015-10-28,평년,79133
붉은고추,2015-10-29,가락도매,35000
붉은고추,2015-10-29,평균,35000
붉은고추,2015-10-29,평년,78817
붉은고추,2015-10-30,가락도매,37000
붉은고추,2015-10-30,평균,37000
붉은고추,2015-10-30,평년,78417
붉은고추,2015-11-02,가락도매,53000
붉은고추,2015-11-02,평균,53000
붉은고추,2015-11-02,평년,74867
붉은고추,2015-11-03,가락도매,53000
붉은고추,2015-11-03,평균,53000
붉은고추,2015-11-03,평년,74133
붉은고추,2015-11-04,가락도매,44000
붉은고추,2015-11-04,평균,44000
붉은고추,2015-11-04,평년,73400
붉은고추,2015-11-05,가락도매,40000
붉은고추,2015-11-05,평균,40000
붉은고추,2015-11-05,평년,73350
붉은고추,2015-11-06,가락도매,40000
붉은고추,2015-11-06,평균,40000
붉은고추,2015-11-06,평년,73683
붉은고추,2015-11-09,가락도매,43000
붉은고추,2015-11-09,평균,43000
붉은고추,2015-11-09,평년,72833
붉은고추,2015-11-10,가락도매,40000
붉은고추,2015-11-10,평균,40000
붉은고추,2015-11-10,평년,72100
붉은고추,2015-11-11,가락도매,35000
붉은고추,2015-11-11,평균,35000
붉은고추,2015-11-11,평년,72300
붉은고추,2015-11-12,가락도매,38000
붉은고추,2015-11-12,평균,38000
붉은고추,2015-11-12,평년,72667
붉은고추,2015-11-13,가락도매,36000
붉은고추,2015-11-13,평균,36000
붉은고추,2015-11-13,평년,72200
붉은고추,2015-11-16,가락도매,36000
붉은고추,2015-11-16,평균,36000
붉은고추,2015-11-16,평년,68833
붉은고추,2015-11-17,가락도매,36000
붉은고추,2015-11-17,평균,36000
붉은고추,2015-11-17,평년,67517
붉은고추,2015-11-18,가락도매,32000
붉은고추,2015-11-18,평균,32000
붉은고추,2015-11-18,평년,66350
붉은고추,2015-11-19,가락도매,32000
붉은고추,2015-11-19,평균,32000
붉은고추,2015-11-19,평년,64933
붉은고추,2015-11-20,가락도매,32000
붉은고추,2015-11-20,평균,32000
붉은고추,2015-11-20,평년,63733
붉은고추,2015-11-23,가락도매,32000
붉은고추,2015-11-23,평균,32000
붉은고추,2015-11-23,평년,62583
붉은고추,2015-11-24,가락도매,30000
붉은고추,2015-11-24,평균,30000
붉은고추,2015-11-24,평년,62717
붉은고추,2015-11-25,가락도매,30000
붉은고추,2015-11-25,평균,30000
붉은고추,2015-11-25,평년,63183
붉은고추,2015-11-26,가락도매,30000
붉은고추,2015-11-26,평균,30000
붉은고추,2015-11-26,평년,63067
붉은고추,2015-11-27,가락도매,30000
붉은고추,2015-11-27,평균,30000
붉은고추,2015-11-27,평년,63333
붉은고추,2015-11-30,가락도매,30000
붉은고추,2015-11-30,평균,30000
붉은고추,2015-11-30,평년,63350
붉은고추,2015-12-01,가락도매,30000
붉은고추,2015-12-01,평균,30000
붉은고추,2015-12-01,평년,63250
붉은고추,2015-12-02,가락도매,30000
붉은고추,2015-12-02,평균,30000
붉은고추,2015-12-02,평년,64500
붉은고추,2015-12-03,가락도매,30000
붉은고추,2015-12-03,평균,30000
붉은고추,2015-12-03,평년,67000
붉은고추,2015-12-07,가락도매,30000
붉은고추,2015-12-07,평균,30000
붉은고추,2015-12-07,평년,75283
붉은고추,2015-12-08,가락도매,30000
붉은고추,2015-12-08,평균,30000
붉은고추,2015-12-08,평년,75167
붉은고추,2015-12-09,가락도매,30000
붉은고추,2015-12-09,평균,30000
붉은고추,2015-12-09,평년,74667
붉은고추,2015-12-10,가락도매,34000
붉은고추,2015-12-10,평균,34000
붉은고추,2015-12-10,평년,74000
붉은고추,2015-12-11,가락도매,34000
붉은고추,2015-12-11,평균,34000
붉은고추,2015-12-11,평년,73200
붉은고추,2015-12-14,가락도매,38000
붉은고추,2015-12-14,평균,38000
붉은고추,2015-12-14,평년,71250
붉은고추,2015-12-15,가락도매,38000
붉은고추,2015-12-15,평균,38000
붉은고추,2015-12-15,평년,71183
붉은고추,2015-12-16,가락도매,38000
붉은고추,2015-12-16,평균,38000
붉은고추,2015-12-16,평년,70800
붉은고추,2015-12-17,가락도매,38000
붉은고추,2015-12-17,평균,38000
붉은고추,2015-12-17,평년,71333
붉은고추,2015-12-18,가락도매,40000
붉은고추,2015-12-18,평균,40000
붉은고추,2015-12-18,평년,70583
붉은고추,2015-12-21,가락도매,40000
붉은고추,2015-12-21,평균,40000
붉은고추,2015-12-21,평년,67333
붉은고추,2015-12-22,가락도매,40000
붉은고추,2015-12-22,평균,40000
붉은고추,2015-12-22,평년,65867
붉은고추,2015-12-23,가락도매,40000
붉은고추,2015-12-23,평균,40000
붉은고추,2015-12-23,평년,65600
붉은고추,2015-12-24,가락도매,38000
붉은고추,2015-12-24,평균,38000
붉은고추,2015-12-24,평년,66183
붉은고추,2015-12-28,가락도매,35000
붉은고추,2015-12-28,평균,35000
붉은고추,2015-12-28,평년,68333
붉은고추,2015-12-29,가락도매,35000
붉은고추,2015-12-29,평균,35000
붉은고추,2015-12-29,평년,68167
붉은고추,2015-12-30,가락도매,33000
붉은고추,2015-12-30,평균,33000
붉은고추,2015-12-30,평년,67567
붉은고추,2015-12-31,가락도매,30000
붉은고추,2015-12-31,평균,30000
붉은고추,2015-12-31,평년,67133
붉은고추,2016-01-04,가락도매,30000
붉은고추,2016-01-04,평균,30000
붉은고추,2016-01-04,평년,66533
붉은고추,2016-01-05,가락도매,30000
붉은고추,2016-01-05,평균,30000
붉은고추,2016-01-05,평년,66367
붉은고추,2016-01-06,가락도매,35000
붉은고추,2016-01-06,평균,35000
붉은고추,2016-01-06,평년,67367
붉은고추,2016-01-07,가락도매,40000
붉은고추,2016-01-07,평균,40000
붉은고추,2016-01-07,평년,68033
붉은고추,2016-01-08,가락도매,45000
붉은고추,2016-01-08,평균,45000
붉은고추,2016-01-08,평년,68333
붉은고추,2016-01-11,가락도매,43000
붉은고추,2016-01-11,평균,43000
붉은고추,2016-01-11,평년,71067
붉은고추,2016-01-12,가락도매,43000
붉은고추,2016-01-12,평균,43000
붉은고추,2016-01-12,평년,71900
붉은고추,2016-01-13,가락도매,46000
붉은고추,2016-01-13,평균,46000
붉은고추,2016-01-13,평년,71967
붉은고추,2016-01-14,가락도매,50000
붉은고추,2016-01-14,평균,50000
붉은고추,2016-01-14,평년,71733
붉은고추,2016-01-15,가락도매,50000
붉은고추,2016-01-15,평균,50000
붉은고추,2016-01-15,평년,71200
붉은고추,2016-01-18,가락도매,45000
붉은고추,2016-01-18,평균,45000
붉은고추,2016-01-18,평년,72683
붉은고추,2016-01-19,가락도매,50000
붉은고추,2016-01-19,평균,50000
붉은고추,2016-01-19,평년,73117
붉은고추,2016-01-20,가락도매,50000
붉은고추,2016-01-20,평균,50000
붉은고추,2016-01-20,평년,76300
붉은고추,2016-01-21,가락도매,48000
붉은고추,2016-01-21,평균,48000
붉은고추,2016-01-21,평년,79167
붉은고추,2016-01-22,가락도매,48000
붉은고추,2016-01-22,평균,48000
붉은고추,2016-01-22,평년,81700
붉은고추,2016-01-25,가락도매,58000
붉은고추,2016-01-25,평균,58000
붉은고추,2016-01-25,평년,86633
붉은고추,2016-01-26,가락도매,67000
붉은고추,2016-01-26,평균,67000
붉은고추,2016-01-26,평년,88083
붉은고추,2016-01-27,가락도매,74000
붉은고추,2016-01-27,평균,74000
붉은고추,2016-01-27,평년,88450
붉은고추,2016-01-28,가락도매,80000
붉은고추,2016-01-28,평균,80000
붉은고추,2016-01-28,평년,89150
붉은고추,2016-01-29,가락도매,80000
붉은고추,2016-01-29,평균,80000
붉은고추,2016-01-29,평년,89617
붉은고추,2016-02-01,가락도매,80000
붉은고추,2016-02-01,평균,80000
붉은고추,2016-02-01,평년,92417
붉은고추,2016-02-02,가락도매,95000
붉은고추,2016-02-02,평균,95000
붉은고추,2016-02-02,평년,93417
붉은고추,2016-02-03,가락도매,100000
붉은고추,2016-02-03,평균,100000
붉은고추,2016-02-03,평년,92667
붉은고추,2016-02-04,가락도매,105000
붉은고추,2016-02-04,평균,105000
붉은고추,2016-02-04,평년,93250
붉은고추,2016-02-05,가락도매,105000
붉은고추,2016-02-05,평균,105000
붉은고추,2016-02-05,평년,94583
붉은고추,2016-02-11,가락도매,117000
붉은고추,2016-02-11,평균,117000
붉은고추,2016-02-11,평년,93667
붉은고추,2016-02-12,가락도매,125000
붉은고추,2016-02-12,평균,125000
붉은고추,2016-02-12,평년,95000
붉은고추,2016-02-15,가락도매,100000
붉은고추,2016-02-15,평균,100000
붉은고추,2016-02-15,평년,92000
붉은고추,2016-02-16,가락도매,70000
붉은고추,2016-02-16,평균,70000
붉은고추,2016-02-16,평년,92417
붉은고추,2016-02-17,가락도매,65000
붉은고추,2016-02-17,평균,65000
붉은고추,2016-02-17,평년,92417
붉은고추,2016-02-18,가락도매,65000
붉은고추,2016-02-18,평균,65000
붉은고추,2016-02-18,평년,90667
붉은고추,2016-02-19,가락도매,65000
붉은고추,2016-02-19,평균,65000
붉은고추,2016-02-19,평년,87667
붉은고추,2016-02-22,가락도매,65000
붉은고추,2016-02-22,평균,65000
붉은고추,2016-02-22,평년,86733
붉은고추,2016-02-23,가락도매,60000
붉은고추,2016-02-23,평균,60000
붉은고추,2016-02-23,평년,87867
붉은고추,2016-02-24,가락도매,57000
붉은고추,2016-02-24,평균,57000
붉은고추,2016-02-24,평년,87467
붉은고추,2016-02-25,가락도매,55000
붉은고추,2016-02-25,평균,55000
붉은고추,2016-02-25,평년,82000
붉은고추,2016-02-26,가락도매,55000
붉은고추,2016-02-26,평균,55000
붉은고추,2016-02-26,평년,78667
붉은고추,2016-02-29,가락도매,60000
붉은고추,2016-02-29,평균,60000
붉은고추,2016-02-29,평년,98000
붉은고추,2016-03-02,가락도매,60000
붉은고추,2016-03-02,평균,60000
붉은고추,2016-03-02,평년,82583
붉은고추,2016-03-03,가락도매,77000
붉은고추,2016-03-03,평균,77000
붉은고추,2016-03-03,평년,83933
붉은고추,2016-03-04,가락도매,85000
붉은고추,2016-03-04,평균,85000
붉은고추,2016-03-04,평년,85333
붉은고추,2016-03-07,가락도매,98000
붉은고추,2016-03-07,평균,98000
붉은고추,2016-03-07,평년,93767
붉은고추,2016-03-08,가락도매,90000
붉은고추,2016-03-08,평균,90000
붉은고추,2016-03-08,평년,95500
붉은고추,2016-03-09,가락도매,90000
붉은고추,2016-03-09,평균,90000
붉은고추,2016-03-09,평년,95150
붉은고추,2016-03-10,가락도매,95000
붉은고추,2016-03-10,평균,95000
붉은고추,2016-03-10,평년,94550
붉은고추,2016-03-11,가락도매,95000
붉은고추,2016-03-11,평균,95000
붉은고추,2016-03-11,평년,95333
붉은고추,2016-03-14,가락도매,90000
붉은고추,2016-03-14,평균,90000
붉은고추,2016-03-14,평년,97883
붉은고추,2016-03-15,가락도매,87000
붉은고추,2016-03-15,평균,87000
붉은고추,2016-03-15,평년,97433
붉은고추,2016-03-16,가락도매,87000
붉은고추,2016-03-16,평균,87000
붉은고추,2016-03-16,평년,96883
붉은고추,2016-03-17,가락도매,90000
붉은고추,2016-03-17,평균,90000
붉은고추,2016-03-17,평년,99133
붉은고추,2016-03-18,가락도매,85000
붉은고추,2016-03-18,평균,85000
붉은고추,2016-03-18,평년,100533
붉은고추,2016-03-21,가락도매,78000
붉은고추,2016-03-21,평균,78000
붉은고추,2016-03-21,평년,103000
붉은고추,2016-03-22,가락도매,78000
붉은고추,2016-03-22,평균,78000
붉은고추,2016-03-22,평년,102633
붉은고추,2016-03-23,가락도매,78000
붉은고추,2016-03-23,평균,78000
붉은고추,2016-03-23,평년,102150
붉은고추,2016-03-24,가락도매,75000
붉은고추,2016-03-24,평균,75000
붉은고추,2016-03-24,평년,103650
붉은고추,2016-03-25,가락도매,75000
붉은고추,2016-03-25,평균,75000
붉은고추,2016-03-25,평년,105667
붉은고추,2016-03-28,가락도매,75000
붉은고추,2016-03-28,평균,75000
붉은고추,2016-03-28,평년,112150
붉은고추,2016-03-29,가락도매,75000
붉은고추,2016-03-29,평균,75000
붉은고추,2016-03-29,평년,111483
붉은고추,2016-03-30,가락도매,90000
붉은고추,2016-03-30,평균,90000
붉은고추,2016-03-30,평년,112033
붉은고추,2016-03-31,가락도매,97000
붉은고추,2016-03-31,평균,97000
붉은고추,2016-03-31,평년,115767
붉은고추,2016-04-01,가락도매,95000
붉은고추,2016-04-01,평균,95000
붉은고추,2016-04-01,평년,119400
붉은고추,2016-04-04,가락도매,95000
붉은고추,2016-04-04,평균,95000
붉은고추,2016-04-04,평년,119900
붉은고추,2016-04-05,가락도매,95000
붉은고추,2016-04-05,평균,95000
붉은고추,2016-04-05,평년,121333
붉은고추,2016-04-06,가락도매,105000
붉은고추,2016-04-06,평균,105000
붉은고추,2016-04-06,평년,123433
붉은고추,2016-04-07,가락도매,100000
붉은고추,2016-04-07,평균,100000
붉은고추,2016-04-07,평년,128333
붉은고추,2016-04-08,가락도매,97000
붉은고추,2016-04-08,평균,97000
붉은고추,2016-04-08,평년,134800
붉은고추,2016-04-11,가락도매,90000
붉은고추,2016-04-11,평균,90000
붉은고추,2016-04-11,평년,143250
붉은고추,2016-04-12,가락도매,86000
붉은고추,2016-04-12,평균,86000
붉은고추,2016-04-12,평년,144417
붉은고추,2016-04-14,가락도매,82000
붉은고추,2016-04-14,평균,82000
붉은고추,2016-04-14,평년,146333
붉은고추,2016-04-15,가락도매,75000
붉은고추,2016-04-15,평균,75000
붉은고추,2016-04-15,평년,145200
붉은고추,2016-04-18,가락도매,70000
붉은고추,2016-04-18,평균,70000
붉은고추,2016-04-18,평년,140283
붉은고추,2016-04-19,가락도매,57000
붉은고추,2016-04-19,평균,57000
붉은고추,2016-04-19,평년,139750
붉은고추,2016-04-20,가락도매,52000
붉은고추,2016-04-20,평균,52000
붉은고추,2016-04-20,평년,138067
붉은고추,2016-04-21,가락도매,49000
붉은고추,2016-04-21,평균,49000
붉은고추,2016-04-21,평년,134850
붉은고추,2016-04-22,가락도매,45000
붉은고추,2016-04-22,평균,45000
붉은고추,2016-04-22,평년,132183
붉은고추,2016-04-25,가락도매,47000
붉은고추,2016-04-25,평균,47000
붉은고추,2016-04-25,평년,109800
붉은고추,2016-04-26,가락도매,47000
붉은고추,2016-04-26,평균,47000
붉은고추,2016-04-26,평년,104933
붉은고추,2016-04-27,가락도매,45000
붉은고추,2016-04-27,평균,45000
붉은고추,2016-04-27,평년,101467
붉은고추,2016-04-28,가락도매,45000
붉은고추,2016-04-28,평균,45000
붉은고추,2016-04-28,평년,94400
붉은고추,2016-04-29,가락도매,43000
붉은고추,2016-04-29,평균,43000
붉은고추,2016-04-29,평년,83800
붉은고추,2016-05-02,가락도매,43000
붉은고추,2016-05-02,평균,43000
붉은고추,2016-05-02,평년,71117
붉은고추,2016-05-03,가락도매,40000
붉은고추,2016-05-03,평균,40000
붉은고추,2016-05-03,평년,68900
붉은고추,2016-05-04,가락도매,40000
붉은고추,2016-05-04,평균,40000
붉은고추,2016-05-04,평년,66450
붉은고추,2016-05-09,가락도매,48000
붉은고추,2016-05-09,평균,48000
붉은고추,2016-05-09,평년,55267
붉은고추,2016-05-10,가락도매,53000
붉은고추,2016-05-10,평균,53000
붉은고추,2016-05-10,평년,54167
붉은고추,2016-05-11,가락도매,53000
붉은고추,2016-05-11,평균,53000
붉은고추,2016-05-11,평년,52383
붉은고추,2016-05-12,가락도매,53000
붉은고추,2016-05-12,평균,53000
붉은고추,2016-05-12,평년,49267
붉은고추,2016-05-13,가락도매,50000
붉은고추,2016-05-13,평균,50000
붉은고추,2016-05-13,평년,46000
붉은고추,2016-05-16,가락도매,45000
붉은고추,2016-05-16,평균,45000
붉은고추,2016-05-16,평년,42033
붉은고추,2016-05-17,가락도매,45000
붉은고추,2016-05-17,평균,45000
붉은고추,2016-05-17,평년,41750
붉은고추,2016-05-18,가락도매,45000
붉은고추,2016-05-18,평균,45000
붉은고추,2016-05-18,평년,41650
붉은고추,2016-05-19,가락도매,45000
붉은고추,2016-05-19,평균,45000
붉은고추,2016-05-19,평년,41217
붉은고추,2016-05-20,가락도매,45000
붉은고추,2016-05-20,평균,45000
붉은고추,2016-05-20,평년,40933
붉은고추,2016-05-23,가락도매,42000
붉은고추,2016-05-23,평균,42000
붉은고추,2016-05-23,평년,43333
붉은고추,2016-05-24,가락도매,42000
붉은고추,2016-05-24,평균,42000
붉은고추,2016-05-24,평년,43333
붉은고추,2016-05-25,가락도매,42000
붉은고추,2016-05-25,평균,42000
붉은고추,2016-05-25,평년,43383
붉은고추,2016-05-26,가락도매,46000
붉은고추,2016-05-26,평균,46000
붉은고추,2016-05-26,평년,43417
붉은고추,2016-05-27,가락도매,46000
붉은고추,2016-05-27,평균,46000
붉은고추,2016-05-27,평년,43367
붉은고추,2016-05-30,가락도매,46000
붉은고추,2016-05-30,평균,46000
붉은고추,2016-05-30,평년,43267
붉은고추,2016-05-31,가락도매,40000
붉은고추,2016-05-31,평균,40000
붉은고추,2016-05-31,평년,43367
붉은고추,2016-06-01,가락도매,43000
붉은고추,2016-06-01,평균,43000
붉은고추,2016-06-01,평년,43600
붉은고추,2016-06-02,가락도매,45000
붉은고추,2016-06-02,평균,45000
붉은고추,2016-06-02,평년,44033
붉은고추,2016-06-03,가락도매,48000
붉은고추,2016-06-03,평균,48000
붉은고추,2016-06-03,평년,44667
붉은고추,2016-06-07,가락도매,60000
붉은고추,2016-06-07,평균,60000
붉은고추,2016-06-07,평년,51133
붉은고추,2016-06-08,가락도매,67000
붉은고추,2016-06-08,평균,67000
붉은고추,2016-06-08,평년,53283
붉은고추,2016-06-09,가락도매,67000
붉은고추,2016-06-09,평균,67000
붉은고추,2016-06-09,평년,53850
붉은고추,2016-06-10,가락도매,55000
붉은고추,2016-06-10,평균,55000
붉은고추,2016-06-10,평년,53900
붉은고추,2016-06-13,가락도매,40000
붉은고추,2016-06-13,평균,40000
붉은고추,2016-06-13,평년,51517
붉은고추,2016-06-14,가락도매,40000
붉은고추,2016-06-14,평균,40000
붉은고추,2016-06-14,평년,50783
붉은고추,2016-06-15,가락도매,40000
붉은고추,2016-06-15,평균,40000
붉은고추,2016-06-15,평년,49583
붉은고추,2016-06-16,가락도매,40000
붉은고추,2016-06-16,평균,40000
붉은고추,2016-06-16,평년,48250
붉은고추,2016-06-17,가락도매,38000
붉은고추,2016-06-17,평균,38000
붉은고추,2016-06-17,평년,48533
붉은고추,2016-06-20,가락도매,38000
붉은고추,2016-06-20,평균,38000
붉은고추,2016-06-20,평년,51500
붉은고추,2016-06-21,가락도매,38000
붉은고추,2016-06-21,평균,38000
붉은고추,2016-06-21,평년,51317
붉은고추,2016-06-22,가락도매,35000
붉은고추,2016-06-22,평균,35000
붉은고추,2016-06-22,평년,50200
붉은고추,2016-06-23,가락도매,35000
붉은고추,2016-06-23,평균,35000
붉은고추,2016-06-23,평년,49650
붉은고추,2016-06-24,가락도매,38000
붉은고추,2016-06-24,평균,38000
붉은고추,2016-06-24,평년,49067
붉은고추,2016-06-27,가락도매,38000
붉은고추,2016-06-27,평균,38000
붉은고추,2016-06-27,평년,51050
붉은고추,2016-06-28,가락도매,38000
붉은고추,2016-06-28,평균,38000
붉은고추,2016-06-28,평년,51033
붉은고추,2016-06-29,가락도매,35000
붉은고추,2016-06-29,평균,35000
붉은고추,2016-06-29,평년,50517
붉은고추,2016-06-30,가락도매,38000
붉은고추,2016-06-30,평균,38000
붉은고추,2016-06-30,평년,50133
붉은고추,2016-07-01,가락도매,38000
붉은고추,2016-07-01,평균,38000
붉은고추,2016-07-01,평년,47800
붉은고추,2016-07-04,가락도매,48000
붉은고추,2016-07-04,평균,48000
붉은고추,2016-07-04,평년,43200
붉은고추,2016-07-05,가락도매,48000
붉은고추,2016-07-05,평균,48000
붉은고추,2016-07-05,평년,41750
붉은고추,2016-07-06,가락도매,43000
붉은고추,2016-07-06,평균,43000
붉은고추,2016-07-06,평년,40483
붉은고추,2016-07-07,가락도매,38000
붉은고추,2016-07-07,평균,38000
붉은고추,2016-07-07,평년,40033
붉은고추,2016-07-08,가락도매,38000
붉은고추,2016-07-08,평균,38000
붉은고추,2016-07-08,평년,40417
붉은고추,2016-07-11,가락도매,38000
붉은고추,2016-07-11,평균,38000
붉은고추,2016-07-11,평년,39783
붉은고추,2016-07-12,가락도매,40000
붉은고추,2016-07-12,평균,40000
붉은고추,2016-07-12,평년,39517
붉은고추,2016-07-13,가락도매,48000
붉은고추,2016-07-13,평균,48000
붉은고추,2016-07-13,평년,38717
붉은고추,2016-07-14,가락도매,45000
붉은고추,2016-07-14,평균,45000
붉은고추,2016-07-14,평년,38183
붉은고추,2016-07-15,가락도매,43000
붉은고추,2016-07-15,평균,43000
붉은고추,2016-07-15,평년,38867
붉은고추,2016-07-18,가락도매,43000
붉은고추,2016-07-18,평균,43000
붉은고추,2016-07-18,평년,39767
붉은고추,2016-07-19,가락도매,43000
붉은고추,2016-07-19,평균,43000
붉은고추,2016-07-19,평년,40300
붉은고추,2016-07-20,가락도매,37000
붉은고추,2016-07-20,평균,37000
붉은고추,2016-07-20,평년,40467
붉은고추,2016-07-21,가락도매,37000
붉은고추,2016-07-21,평균,37000
붉은고추,2016-07-21,평년,40683
붉은고추,2016-07-22,가락도매,37000
붉은고추,2016-07-22,평균,37000
붉은고추,2016-07-22,평년,40550
붉은고추,2016-07-25,가락도매,37000
붉은고추,2016-07-25,평균,37000
붉은고추,2016-07-25,평년,39567
붉은고추,2016-07-26,가락도매,37000
붉은고추,2016-07-26,평균,37000
붉은고추,2016-07-26,평년,40500
붉은고추,2016-07-27,가락도매,40000
붉은고추,2016-07-27,평균,40000
붉은고추,2016-07-27,평년,40067
붉은고추,2016-07-28,가락도매,40000
붉은고추,2016-07-28,평균,40000
붉은고추,2016-07-28,평년,38333
붉은고추,2016-07-29,가락도매,40000
붉은고추,2016-07-29,평균,40000
붉은고추,2016-07-29,평년,36667
붉은고추,2016-08-01,가락도매,35000
붉은고추,2016-08-01,평균,35000
붉은고추,2016-08-01,평년,33133
붉은고추,2016-08-02,가락도매,35000
붉은고추,2016-08-02,평균,35000
붉은고추,2016-08-02,평년,33267
붉은고추,2016-08-03,가락도매,30000
붉은고추,2016-08-03,평균,30000
붉은고추,2016-08-03,평년,33500
붉은고추,2016-08-04,가락도매,30000
붉은고추,2016-08-04,평균,30000
붉은고추,2016-08-04,평년,33867
붉은고추,2016-08-05,가락도매,30000
붉은고추,2016-08-05,평균,30000
붉은고추,2016-08-05,평년,33867
붉은고추,2016-08-08,가락도매,35000
붉은고추,2016-08-08,평균,35000
붉은고추,2016-08-08,평년,33650
붉은고추,2016-08-09,가락도매,35000
붉은고추,2016-08-09,평균,35000
붉은고추,2016-08-09,평년,33583
붉은고추,2016-08-10,가락도매,35000
붉은고추,2016-08-10,평균,35000
붉은고추,2016-08-10,평년,33133
붉은고추,2016-08-11,가락도매,28000
붉은고추,2016-08-11,평균,28000
붉은고추,2016-08-11,평년,32550
붉은고추,2016-08-12,가락도매,28000
붉은고추,2016-08-12,평균,28000
붉은고추,2016-08-12,평년,32550
붉은고추,2016-08-16,가락도매,28000
붉은고추,2016-08-16,평균,28000
붉은고추,2016-08-16,평년,31183
붉은고추,2016-08-17,가락도매,30000
붉은고추,2016-08-17,평균,30000
붉은고추,2016-08-17,평년,30533
붉은고추,2016-08-18,가락도매,25000
붉은고추,2016-08-18,평균,25000
붉은고추,2016-08-18,평년,30233
붉은고추,2016-08-19,가락도매,25000
붉은고추,2016-08-19,평균,25000
붉은고추,2016-08-19,평년,30167
붉은고추,2016-08-22,가락도매,25000
붉은고추,2016-08-22,평균,25000
붉은고추,2016-08-22,평년,27667
붉은고추,2016-08-23,가락도매,25000
붉은고추,2016-08-23,평균,25000
붉은고추,2016-08-23,평년,27583
붉은고추,2016-08-24,가락도매,28000
붉은고추,2016-08-24,평균,28000
붉은고추,2016-08-24,평년,27583
붉은고추,2016-08-25,가락도매,28000
붉은고추,2016-08-25,평균,28000
붉은고추,2016-08-25,평년,27400
붉은고추,2016-08-26,가락도매,25000
붉은고추,2016-08-26,평균,25000
붉은고추,2016-08-26,평년,27133
붉은고추,2016-08-29,가락도매,32000
붉은고추,2016-08-29,평균,32000
붉은고추,2016-08-29,평년,26733
붉은고추,2016-08-30,가락도매,32000
붉은고추,2016-08-30,평균,32000
붉은고추,2016-08-30,평년,26733
붉은고추,2016-08-31,가락도매,30000
붉은고추,2016-08-31,평균,30000
붉은고추,2016-08-31,평년,26300
붉은고추,2016-09-01,가락도매,36000
붉은고추,2016-09-01,평균,36000
붉은고추,2016-09-01,평년,26100
붉은고추,2016-09-02,가락도매,36000
붉은고추,2016-09-02,평균,36000
붉은고추,2016-09-02,평년,26667
붉은고추,2016-09-05,가락도매,32000
붉은고추,2016-09-05,평균,32000
붉은고추,2016-09-05,평년,31133
붉은고추,2016-09-06,가락도매,32000
붉은고추,2016-09-06,평균,32000
붉은고추,2016-09-06,평년,33233
붉은고추,2016-09-07,가락도매,30000
붉은고추,2016-09-07,평균,30000
붉은고추,2016-09-07,평년,33950
붉은고추,2016-09-08,가락도매,35000
붉은고추,2016-09-08,평균,35000
붉은고추,2016-09-08,평년,34000
붉은고추,2016-09-09,가락도매,35000
붉은고추,2016-09-09,평균,35000
붉은고추,2016-09-09,평년,34283
붉은고추,2016-09-12,가락도매,28000
붉은고추,2016-09-12,평균,28000
붉은고추,2016-09-12,평년,39867
붉은고추,2016-09-13,가락도매,32000
붉은고추,2016-09-13,평균,32000
붉은고추,2016-09-13,평년,41083
붉은고추,2016-09-19,가락도매,42000
붉은고추,2016-09-19,평균,42000
붉은고추,2016-09-19,평년,41367
붉은고추,2016-09-20,가락도매,52000
붉은고추,2016-09-20,평균,52000
붉은고추,2016-09-20,평년,43350
붉은고추,2016-09-21,가락도매,47000
붉은고추,2016-09-21,평균,47000
붉은고추,2016-09-21,평년,43683
붉은고추,2016-09-22,가락도매,41000
붉은고추,2016-09-22,평균,41000
붉은고추,2016-09-22,평년,45100
붉은고추,2016-09-23,가락도매,30000
붉은고추,2016-09-23,평균,30000
붉은고추,2016-09-23,평년,46533
붉은고추,2016-09-26,가락도매,33000
붉은고추,2016-09-26,평균,33000
붉은고추,2016-09-26,평년,49933
붉은고추,2016-09-27,가락도매,33000
붉은고추,2016-09-27,평균,33000
붉은고추,2016-09-27,평년,51050
붉은고추,2016-09-28,가락도매,33000
붉은고추,2016-09-28,평균,33000
붉은고추,2016-09-28,평년,51917
붉은고추,2016-09-29,가락도매,33000
붉은고추,2016-09-29,평균,33000
붉은고추,2016-09-29,평년,53667
붉은고추,2016-09-30,가락도매,38000
붉은고추,2016-09-30,평균,38000
붉은고추,2016-09-30,평년,55533
붉은고추,2016-10-04,가락도매,55000
붉은고추,2016-10-04,평균,55000
붉은고추,2016-10-04,평년,52367
붉은고추,2016-10-05,가락도매,70000
붉은고추,2016-10-05,평균,70000
붉은고추,2016-10-05,평년,50450
붉은고추,2016-10-06,가락도매,87000
붉은고추,2016-10-06,평균,87000
붉은고추,2016-10-06,평년,48283
붉은고추,2016-10-07,가락도매,78000
붉은고추,2016-10-07,평균,78000
붉은고추,2016-10-07,평년,48883
붉은고추,2016-10-10,가락도매,78000
붉은고추,2016-10-10,평균,78000
붉은고추,2016-10-10,평년,48167
붉은고추,2016-10-11,가락도매,80000
붉은고추,2016-10-11,평균,80000
붉은고추,2016-10-11,평년,49000
붉은고추,2016-10-12,가락도매,75000
붉은고추,2016-10-12,평균,75000
붉은고추,2016-10-12,평년,49900
붉은고추,2016-10-13,가락도매,70000
붉은고추,2016-10-13,평균,70000
붉은고추,2016-10-13,평년,51000
붉은고추,2016-10-14,가락도매,60000
붉은고추,2016-10-14,평균,60000
붉은고추,2016-10-14,평년,52600
붉은고추,2016-10-17,가락도매,65000
붉은고추,2016-10-17,평균,65000
붉은고추,2016-10-17,평년,62667
붉은고추,2016-10-18,가락도매,65000
붉은고추,2016-10-18,평균,65000
붉은고추,2016-10-18,평년,65750
붉은고추,2016-10-19,가락도매,68000
붉은고추,2016-10-19,평균,68000
붉은고추,2016-10-19,평년,68083
붉은고추,2016-10-20,가락도매,65000
붉은고추,2016-10-20,평균,65000
붉은고추,2016-10-20,평년,69667
붉은고추,2016-10-21,가락도매,70000
붉은고추,2016-10-21,평균,70000
붉은고추,2016-10-21,평년,70667
붉은고추,2016-10-24,가락도매,100000
붉은고추,2016-10-24,평균,100000
붉은고추,2016-10-24,평년,71867
붉은고추,2016-10-25,가락도매,130000
붉은고추,2016-10-25,평균,130000
붉은고추,2016-10-25,평년,71367
붉은고추,2016-10-26,가락도매,110000
붉은고추,2016-10-26,평균,110000
붉은고추,2016-10-26,평년,71250
붉은고추,2016-10-27,가락도매,100000
붉은고추,2016-10-27,평균,100000
붉은고추,2016-10-27,평년,70417
붉은고추,2016-10-28,가락도매,100000
붉은고추,2016-10-28,평균,100000
붉은고추,2016-10-28,평년,71200
붉은고추,2016-10-31,가락도매,100000
붉은고추,2016-10-31,평균,100000
붉은고추,2016-10-31,평년,71333
붉은고추,2016-11-01,가락도매,100000
붉은고추,2016-11-01,평균,100000
붉은고추,2016-11-01,평년,69667
붉은고추,2016-11-02,가락도매,130000
붉은고추,2016-11-02,평균,130000
붉은고추,2016-11-02,평년,68333
붉은고추,2016-11-03,가락도매,140000
붉은고추,2016-11-03,평균,140000
붉은고추,2016-11-03,평년,67467
붉은고추,2016-11-04,가락도매,140000
붉은고추,2016-11-04,평균,140000
붉은고추,2016-11-04,평년,66600
붉은고추,2016-11-07,가락도매,150000
붉은고추,2016-11-07,평균,150000
붉은고추,2016-11-07,평년,65733
붉은고추,2016-11-08,가락도매,150000
붉은고추,2016-11-08,평균,150000
붉은고추,2016-11-08,평년,65533
붉은고추,2016-11-09,가락도매,150000
붉은고추,2016-11-09,평균,150000
붉은고추,2016-11-09,평년,65000
붉은고추,2016-11-10,가락도매,160000
붉은고추,2016-11-10,평균,160000
붉은고추,2016-11-10,평년,63833
붉은고추,2016-11-11,가락도매,165000
붉은고추,2016-11-11,평균,165000
붉은고추,2016-11-11,평년,62500
붉은고추,2016-11-14,가락도매,185000
붉은고추,2016-11-14,평균,185000
붉은고추,2016-11-14,평년,60667
붉은고추,2016-11-15,가락도매,170000
붉은고추,2016-11-15,평균,170000
붉은고추,2016-11-15,평년,58667
붉은고추,2016-11-16,가락도매,150000
붉은고추,2016-11-16,평균,150000
붉은고추,2016-11-16,평년,57167
붉은고추,2016-11-17,가락도매,150000
붉은고추,2016-11-17,평균,150000
붉은고추,2016-11-17,평년,56583
붉은고추,2016-11-18,가락도매,150000
붉은고추,2016-11-18,평균,150000
붉은고추,2016-11-18,평년,56750
붉은고추,2016-11-21,가락도매,120000
붉은고추,2016-11-21,평균,120000
붉은고추,2016-11-21,평년,55000
붉은고추,2016-11-22,가락도매,120000
붉은고추,2016-11-22,평균,120000
붉은고추,2016-11-22,평년,54667
붉은고추,2016-11-23,가락도매,120000
붉은고추,2016-11-23,평균,120000
붉은고추,2016-11-23,평년,54000
붉은고추,2016-11-24,가락도매,100000
붉은고추,2016-11-24,평균,100000
붉은고추,2016-11-24,평년,53583
붉은고추,2016-11-25,가락도매,95000
붉은고추,2016-11-25,평균,95000
붉은고추,2016-11-25,평년,53450
붉은고추,2016-11-28,가락도매,95000
붉은고추,2016-11-28,평균,95000
붉은고추,2016-11-28,평년,53067
붉은고추,2016-11-29,가락도매,95000
붉은고추,2016-11-29,평균,95000
붉은고추,2016-11-29,평년,53800
붉은고추,2016-11-30,가락도매,105000
붉은고추,2016-11-30,평균,105000
붉은고추,2016-11-30,평년,54817
붉은고추,2016-12-01,가락도매,105000
붉은고추,2016-12-01,평균,105000
붉은고추,2016-12-01,평년,55250
붉은고추,2016-12-05,가락도매,115000
붉은고추,2016-12-05,평균,115000
붉은고추,2016-12-05,평년,61133
붉은고추,2016-12-06,가락도매,125000
붉은고추,2016-12-06,평균,125000
붉은고추,2016-12-06,평년,63267
붉은고추,2016-12-07,가락도매,135000
붉은고추,2016-12-07,평균,135000
붉은고추,2016-12-07,평년,63900
붉은고추,2016-12-08,가락도매,145000
붉은고추,2016-12-08,평균,145000
붉은고추,2016-12-08,평년,63900
붉은고추,2016-12-09,가락도매,150000
붉은고추,2016-12-09,평균,150000
붉은고추,2016-12-09,평년,63400
붉은고추,2016-12-12,가락도매,150000
붉은고추,2016-12-12,평균,150000
붉은고추,2016-12-12,평년,62267
붉은고추,2016-12-13,가락도매,160000
붉은고추,2016-12-13,평균,160000
붉은고추,2016-12-13,평년,61800
붉은고추,2016-12-14,가락도매,160000
붉은고추,2016-12-14,평균,160000
붉은고추,2016-12-14,평년,61917
붉은고추,2016-12-15,가락도매,175000
붉은고추,2016-12-15,평균,175000
붉은고추,2016-12-15,평년,61583
붉은고추,2016-12-16,가락도매,200000
붉은고추,2016-12-16,평균,200000
붉은고추,2016-12-16,평년,61000
붉은고추,2016-12-19,가락도매,190000
붉은고추,2016-12-19,평균,190000
붉은고추,2016-12-19,평년,59333
붉은고추,2016-12-20,가락도매,190000
붉은고추,2016-12-20,평균,190000
붉은고추,2016-12-20,평년,59533
붉은고추,2016-12-21,가락도매,190000
붉은고추,2016-12-21,평균,190000
붉은고추,2016-12-21,평년,60600
붉은고추,2016-12-22,가락도매,180000
붉은고추,2016-12-22,평균,180000
붉은고추,2016-12-22,평년,61533
붉은고추,2016-12-23,가락도매,180000
붉은고추,2016-12-23,평균,180000
붉은고추,2016-12-23,평년,62133
붉은고추,2016-12-26,가락도매,170000
붉은고추,2016-12-26,평균,170000
붉은고추,2016-12-26,평년,64067
붉은고추,2016-12-27,가락도매,170000
붉은고추,2016-12-27,평균,170000
붉은고추,2016-12-27,평년,65467
붉은고추,2016-12-28,가락도매,160000
붉은고추,2016-12-28,평균,160000
붉은고추,2016-12-28,평년,66167
붉은고추,2016-12-29,가락도매,150000
붉은고추,2016-12-29,평균,150000
붉은고추,2016-12-29,평년,66667
붉은고추,2016-12-30,가락도매,140000
붉은고추,2016-12-30,평균,140000
붉은고추,2016-12-30,평년,66500
붉은고추,2017-01-02,가락도매,140000
붉은고추,2017-01-02,평균,140000
붉은고추,2017-01-02,평년,66333
붉은고추,2017-01-03,가락도매,120000
붉은고추,2017-01-03,평균,120000
붉은고추,2017-01-03,평년,66333
붉은고추,2017-01-04,가락도매,100000
붉은고추,2017-01-04,평균,100000
붉은고추,2017-01-04,평년,66000
붉은고추,2017-01-05,가락도매,100000
붉은고추,2017-01-05,평균,100000
붉은고추,2017-01-05,평년,65833
붉은고추,2017-01-06,가락도매,120000
붉은고추,2017-01-06,평균,120000
붉은고추,2017-01-06,평년,66500
붉은고추,2017-01-09,가락도매,95000
붉은고추,2017-01-09,평균,95000
붉은고추,2017-01-09,평년,67333
붉은고추,2017-01-10,가락도매,93000
붉은고추,2017-01-10,평균,93000
붉은고추,2017-01-10,평년,68600
붉은고추,2017-01-11,가락도매,93000
붉은고추,2017-01-11,평균,93000
붉은고추,2017-01-11,평년,69733
붉은고추,2017-01-12,가락도매,93000
붉은고추,2017-01-12,평균,93000
붉은고추,2017-01-12,평년,70633
붉은고추,2017-01-13,가락도매,93000
붉은고추,2017-01-13,평균,93000
붉은고추,2017-01-13,평년,70900
붉은고추,2017-01-16,가락도매,93000
붉은고추,2017-01-16,평균,93000
붉은고추,2017-01-16,평년,70867
붉은고추,2017-01-17,가락도매,90000
붉은고추,2017-01-17,평균,90000
붉은고추,2017-01-17,평년,71533
붉은고추,2017-01-18,가락도매,90000
붉은고추,2017-01-18,평균,90000
붉은고추,2017-01-18,평년,72683
붉은고추,2017-01-19,가락도매,90000
붉은고추,2017-01-19,평균,90000
붉은고추,2017-01-19,평년,73117
붉은고추,2017-01-20,가락도매,95000
붉은고추,2017-01-20,평균,95000
붉은고추,2017-01-20,평년,76300
붉은고추,2017-01-23,가락도매,113000
붉은고추,2017-01-23,평균,113000
붉은고추,2017-01-23,평년,83900
붉은고추,2017-01-24,가락도매,90000
붉은고추,2017-01-24,평균,90000
붉은고추,2017-01-24,평년,85900
붉은고추,2017-01-25,가락도매,90000
붉은고추,2017-01-25,평균,90000
붉은고추,2017-01-25,평년,86633
붉은고추,2017-01-26,가락도매,90000
붉은고추,2017-01-26,평균,90000
붉은고추,2017-01-26,평년,88083
붉은고추,2017-01-31,가락도매,90000
붉은고추,2017-01-31,평균,90000
붉은고추,2017-01-31,평년,91483
붉은고추,2017-02-01,가락도매,90000
붉은고추,2017-02-01,평균,90000
붉은고추,2017-02-01,평년,93083
붉은고추,2017-02-02,가락도매,85000
붉은고추,2017-02-02,평균,85000
붉은고추,2017-02-02,평년,96083
붉은고추,2017-02-03,가락도매,85000
붉은고추,2017-02-03,평균,85000
붉은고추,2017-02-03,평년,97333
붉은고추,2017-02-06,가락도매,70000
붉은고추,2017-02-06,평균,70000
붉은고추,2017-02-06,평년,111933
붉은고추,2017-02-07,가락도매,65000
붉은고추,2017-02-07,평균,65000
붉은고추,2017-02-07,평년,113867
붉은고추,2017-02-08,가락도매,65000
붉은고추,2017-02-08,평균,65000
붉은고추,2017-02-08,평년,115800
붉은고추,2017-02-09,가락도매,60000
붉은고추,2017-02-09,평균,60000
붉은고추,2017-02-09,평년,115667
붉은고추,2017-02-10,가락도매,60000
붉은고추,2017-02-10,평균,60000
붉은고추,2017-02-10,평년,115000
붉은고추,2017-02-13,가락도매,60000
붉은고추,2017-02-13,평균,60000
붉은고추,2017-02-13,평년,112667
붉은고추,2017-02-14,가락도매,57000
붉은고추,2017-02-14,평균,57000
붉은고추,2017-02-14,평년,111667
붉은고추,2017-02-15,가락도매,55000
붉은고추,2017-02-15,평균,55000
붉은고추,2017-02-15,평년,107133
붉은고추,2017-02-16,가락도매,50000
붉은고추,2017-02-16,평균,50000
붉은고추,2017-02-16,평년,104083
붉은고추,2017-02-17,가락도매,50000
붉은고추,2017-02-17,평균,50000
붉은고추,2017-02-17,평년,100083
붉은고추,2017-02-20,가락도매,47000
붉은고추,2017-02-20,평균,47000
붉은고추,2017-02-20,평년,90250
붉은고추,2017-02-21,가락도매,47000
붉은고추,2017-02-21,평균,47000
붉은고추,2017-02-21,평년,90250
붉은고추,2017-02-22,가락도매,45000
붉은고추,2017-02-22,평균,45000
붉은고추,2017-02-22,평년,90867
붉은고추,2017-02-23,가락도매,40000
붉은고추,2017-02-23,평균,40000
붉은고추,2017-02-23,평년,91333
붉은고추,2017-02-24,가락도매,40000
붉은고추,2017-02-24,평균,40000
붉은고추,2017-02-24,평년,90267
붉은고추,2017-02-27,가락도매,44000
붉은고추,2017-02-27,평균,44000
붉은고추,2017-02-27,평년,79900
붉은고추,2017-02-28,가락도매,52000
붉은고추,2017-02-28,평균,52000
붉은고추,2017-02-28,평년,79417
붉은고추,2017-03-02,가락도매,70000
붉은고추,2017-03-02,평균,70000
붉은고추,2017-03-02,평년,87467
붉은고추,2017-03-03,가락도매,88000
붉은고추,2017-03-03,평균,88000
붉은고추,2017-03-03,평년,91333
붉은고추,2017-03-06,가락도매,108000
붉은고추,2017-03-06,평균,108000
붉은고추,2017-03-06,평년,99567
붉은고추,2017-03-07,가락도매,80000
붉은고추,2017-03-07,평균,80000
붉은고추,2017-03-07,평년,102167
붉은고추,2017-03-08,가락도매,75000
붉은고추,2017-03-08,평균,75000
붉은고추,2017-03-08,평년,104700
붉은고추,2017-03-09,가락도매,78000
붉은고추,2017-03-09,평균,78000
붉은고추,2017-03-09,평년,105017
붉은고추,2017-03-10,가락도매,93000
붉은고추,2017-03-10,평균,93000
붉은고추,2017-03-10,평년,103683
붉은고추,2017-03-13,가락도매,96000
붉은고추,2017-03-13,평균,96000
붉은고추,2017-03-13,평년,103717
붉은고추,2017-03-14,가락도매,96000
붉은고추,2017-03-14,평균,96000
붉은고추,2017-03-14,평년,103350
붉은고추,2017-03-15,가락도매,96000
붉은고추,2017-03-15,평균,96000
붉은고추,2017-03-15,평년,101950
붉은고추,2017-03-16,가락도매,100000
붉은고추,2017-03-16,평균,100000
붉은고추,2017-03-16,평년,100733
붉은고추,2017-03-17,가락도매,100000
붉은고추,2017-03-17,평균,100000
붉은고추,2017-03-17,평년,101600
붉은고추,2017-03-20,가락도매,85000
붉은고추,2017-03-20,평균,85000
붉은고추,2017-03-20,평년,101867
붉은고추,2017-03-21,가락도매,88000
붉은고추,2017-03-21,평균,88000
붉은고추,2017-03-21,평년,103000
붉은고추,2017-03-22,가락도매,90000
붉은고추,2017-03-22,평균,90000
붉은고추,2017-03-22,평년,102633
붉은고추,2017-03-23,가락도매,90000
붉은고추,2017-03-23,평균,90000
붉은고추,2017-03-23,평년,102150
붉은고추,2017-03-24,가락도매,90000
붉은고추,2017-03-24,평균,90000
붉은고추,2017-03-24,평년,103650
붉은고추,2017-03-27,가락도매,87000
붉은고추,2017-03-27,평균,87000
붉은고추,2017-03-27,평년,110533
붉은고추,2017-03-28,가락도매,100000
붉은고추,2017-03-28,평균,100000
붉은고추,2017-03-28,평년,112150
붉은고추,2017-03-29,가락도매,90000
붉은고추,2017-03-29,평균,90000
붉은고추,2017-03-29,평년,111483
붉은고추,2017-03-30,가락도매,86000
붉은고추,2017-03-30,평균,86000
붉은고추,2017-03-30,평년,112033
붉은고추,2017-03-31,가락도매,86000
붉은고추,2017-03-31,평균,86000
붉은고추,2017-03-31,평년,115767
붉은고추,2017-04-03,가락도매,90000
붉은고추,2017-04-03,평균,90000
붉은고추,2017-04-03,평년,125233
붉은고추,2017-04-04,가락도매,97000
붉은고추,2017-04-04,평균,97000
붉은고추,2017-04-04,평년,127300
붉은고추,2017-04-05,가락도매,110000
붉은고추,2017-04-05,평균,110000
붉은고추,2017-04-05,평년,128000
붉은고추,2017-04-06,가락도매,130000
붉은고추,2017-04-06,평균,130000
붉은고추,2017-04-06,평년,128233
붉은고추,2017-04-07,가락도매,130000
붉은고추,2017-04-07,평균,130000
붉은고추,2017-04-07,평년,130800
붉은고추,2017-04-10,가락도매,110000
붉은고추,2017-04-10,평균,110000
붉은고추,2017-04-10,평년,142283
붉은고추,2017-04-11,가락도매,110000
붉은고추,2017-04-11,평균,110000
붉은고추,2017-04-11,평년,142250
붉은고추,2017-04-12,가락도매,120000
붉은고추,2017-04-12,평균,120000
붉은고추,2017-04-12,평년,141417
붉은고추,2017-04-13,가락도매,120000
붉은고추,2017-04-13,평균,120000
붉은고추,2017-04-13,평년,141017
붉은고추,2017-04-14,가락도매,120000
붉은고추,2017-04-14,평균,120000
붉은고추,2017-04-14,평년,140267
붉은고추,2017-04-17,가락도매,120000
붉은고추,2017-04-17,평균,120000
붉은고추,2017-04-17,평년,130800
붉은고추,2017-04-18,가락도매,110000
붉은고추,2017-04-18,평균,110000
붉은고추,2017-04-18,평년,128817
붉은고추,2017-04-19,가락도매,90000
붉은고추,2017-04-19,평균,90000
붉은고추,2017-04-19,평년,125283
붉은고추,2017-04-20,가락도매,70000
붉은고추,2017-04-20,평균,70000
붉은고추,2017-04-20,평년,121267
붉은고추,2017-04-21,가락도매,70000
붉은고추,2017-04-21,평균,70000
붉은고추,2017-04-21,평년,118100
붉은고추,2017-04-24,가락도매,65000
붉은고추,2017-04-24,평균,65000
붉은고추,2017-04-24,평년,101067
붉은고추,2017-04-25,가락도매,65000
붉은고추,2017-04-25,평균,65000
붉은고추,2017-04-25,평년,92200
붉은고추,2017-04-26,가락도매,60000
붉은고추,2017-04-26,평균,60000
붉은고추,2017-04-26,평년,88267
붉은고추,2017-04-27,가락도매,60000
붉은고추,2017-04-27,평균,60000
붉은고추,2017-04-27,평년,86200
붉은고추,2017-04-28,가락도매,60000
붉은고추,2017-04-28,평균,60000
붉은고추,2017-04-28,평년,80400
붉은고추,2017-05-02,가락도매,45000
붉은고추,2017-05-02,평균,45000
붉은고추,2017-05-02,평년,60117
붉은고추,2017-05-04,가락도매,42000
붉은고추,2017-05-04,평균,42000
붉은고추,2017-05-04,평년,58533
붉은고추,2017-05-08,가락도매,50000
붉은고추,2017-05-08,평균,50000
붉은고추,2017-05-08,평년,52350
붉은고추,2017-05-10,가락도매,44000
붉은고추,2017-05-10,평균,44000
붉은고추,2017-05-10,평년,52383
붉은고추,2017-05-11,가락도매,44000
붉은고추,2017-05-11,평균,44000
붉은고추,2017-05-11,평년,52383
붉은고추,2017-05-12,가락도매,42000
붉은고추,2017-05-12,평균,42000
붉은고추,2017-05-12,평년,51267
붉은고추,2017-05-15,가락도매,42000
붉은고추,2017-05-15,평균,42000
붉은고추,2017-05-15,평년,46417
붉은고추,2017-05-16,가락도매,42000
붉은고추,2017-05-16,평균,42000
붉은고추,2017-05-16,평년,45300
붉은고추,2017-05-17,가락도매,45000
붉은고추,2017-05-17,평균,45000
붉은고추,2017-05-17,평년,44333
붉은고추,2017-05-18,가락도매,45000
붉은고추,2017-05-18,평균,45000
붉은고추,2017-05-18,평년,43900
붉은고추,2017-05-19,가락도매,50000
붉은고추,2017-05-19,평균,50000
붉은고추,2017-05-19,평년,43133
붉은고추,2017-05-22,가락도매,80000
붉은고추,2017-05-22,평균,80000
붉은고추,2017-05-22,평년,43567
붉은고추,2017-05-23,가락도매,80000
붉은고추,2017-05-23,평균,80000
붉은고추,2017-05-23,평년,43867
붉은고추,2017-05-24,가락도매,80000
붉은고추,2017-05-24,평균,80000
붉은고추,2017-05-24,평년,44200
붉은고추,2017-05-25,가락도매,80000
붉은고추,2017-05-25,평균,80000
붉은고추,2017-05-25,평년,44667
붉은고추,2017-05-26,가락도매,90000
붉은고추,2017-05-26,평균,90000
붉은고추,2017-05-26,평년,44967
붉은고추,2017-05-29,가락도매,90000
붉은고추,2017-05-29,평균,90000
붉은고추,2017-05-29,평년,45567
붉은고추,2017-05-30,가락도매,80000
붉은고추,2017-05-30,평균,80000
붉은고추,2017-05-30,평년,45800
붉은고추,2017-05-31,가락도매,75000
붉은고추,2017-05-31,평균,75000
붉은고추,2017-05-31,평년,46033
붉은고추,2017-06-01,가락도매,70000
붉은고추,2017-06-01,평균,70000
붉은고추,2017-06-01,평년,46567
붉은고추,2017-06-02,가락도매,70000
붉은고추,2017-06-02,평균,70000
붉은고추,2017-06-02,평년,47933
붉은고추,2017-06-05,가락도매,70000
붉은고추,2017-06-05,평균,70000
붉은고추,2017-06-05,평년,52000
붉은고추,2017-06-07,가락도매,75000
붉은고추,2017-06-07,평균,75000
붉은고추,2017-06-07,평년,54333
붉은고추,2017-06-08,가락도매,75000
붉은고추,2017-06-08,평균,75000
붉은고추,2017-06-08,평년,57083
붉은고추,2017-06-09,가락도매,75000
붉은고추,2017-06-09,평균,75000
붉은고추,2017-06-09,평년,57183
붉은고추,2017-06-12,가락도매,66000
붉은고추,2017-06-12,평균,66000
붉은고추,2017-06-12,평년,55433
붉은고추,2017-06-13,가락도매,60000
붉은고추,2017-06-13,평균,60000
붉은고추,2017-06-13,평년,52250
붉은고추,2017-06-14,가락도매,50000
붉은고추,2017-06-14,평균,50000
붉은고추,2017-06-14,평년,50783
붉은고추,2017-06-15,가락도매,50000
붉은고추,2017-06-15,평균,50000
붉은고추,2017-06-15,평년,49583
붉은고추,2017-06-16,가락도매,50000
붉은고추,2017-06-16,평균,50000
붉은고추,2017-06-16,평년,48250
붉은고추,2017-06-19,가락도매,55000
붉은고추,2017-06-19,평균,55000
붉은고추,2017-06-19,평년,50333
붉은고추,2017-06-20,가락도매,55000
붉은고추,2017-06-20,평균,55000
붉은고추,2017-06-20,평년,51500
붉은고추,2017-06-21,가락도매,53000
붉은고추,2017-06-21,평균,53000
붉은고추,2017-06-21,평년,51317
붉은고추,2017-06-22,가락도매,53000
붉은고추,2017-06-22,평균,53000
붉은고추,2017-06-22,평년,50200
붉은고추,2017-06-23,가락도매,53000
붉은고추,2017-06-23,평균,53000
붉은고추,2017-06-23,평년,49650
붉은고추,2017-06-26,가락도매,46000
붉은고추,2017-06-26,평균,46000
붉은고추,2017-06-26,평년,47067
붉은고추,2017-06-27,가락도매,46000
붉은고추,2017-06-27,평균,46000
붉은고추,2017-06-27,평년,47183
붉은고추,2017-06-28,가락도매,49000
붉은고추,2017-06-28,평균,49000
붉은고추,2017-06-28,평년,47300
붉은고추,2017-06-29,가락도매,49000
붉은고추,2017-06-29,평균,49000
붉은고추,2017-06-29,평년,47117
붉은고추,2017-06-30,가락도매,52000
붉은고추,2017-06-30,평균,52000
붉은고추,2017-06-30,평년,48000
붉은고추,2017-07-03,가락도매,56000
붉은고추,2017-07-03,평균,56000
붉은고추,2017-07-03,평년,44800
붉은고추,2017-07-04,가락도매,60000
붉은고추,2017-07-04,평균,60000
붉은고추,2017-07-04,평년,43800
붉은고추,2017-07-05,가락도매,55000
붉은고추,2017-07-05,평균,55000
붉은고추,2017-07-05,평년,42883
붉은고추,2017-07-06,가락도매,51000
붉은고추,2017-07-06,평균,51000
붉은고추,2017-07-06,평년,41750
붉은고추,2017-07-07,가락도매,51000
붉은고추,2017-07-07,평균,51000
붉은고추,2017-07-07,평년,40500
붉은고추,2017-07-10,가락도매,53000
붉은고추,2017-07-10,평균,53000
붉은고추,2017-07-10,평년,39433
붉은고추,2017-07-11,가락도매,55000
붉은고추,2017-07-11,평균,55000
붉은고추,2017-07-11,평년,39917
붉은고추,2017-07-12,가락도매,50000
붉은고추,2017-07-12,평균,50000
붉은고추,2017-07-12,평년,40450
붉은고추,2017-07-13,가락도매,45000
붉은고추,2017-07-13,평균,45000
붉은고추,2017-07-13,평년,39983
붉은고추,2017-07-14,가락도매,45000
붉은고추,2017-07-14,평균,45000
붉은고추,2017-07-14,평년,39600
붉은고추,2017-07-17,가락도매,47000
붉은고추,2017-07-17,평균,47000
붉은고추,2017-07-17,평년,42100
붉은고추,2017-07-18,가락도매,45000
붉은고추,2017-07-18,평균,45000
붉은고추,2017-07-18,평년,41700
붉은고추,2017-07-19,가락도매,40000
붉은고추,2017-07-19,평균,40000
붉은고추,2017-07-19,평년,41033
붉은고추,2017-07-20,가락도매,40000
붉은고추,2017-07-20,평균,40000
붉은고추,2017-07-20,평년,40133
붉은고추,2017-07-21,가락도매,40000
붉은고추,2017-07-21,평균,40000
붉은고추,2017-07-21,평년,39283
붉은고추,2017-07-24,가락도매,43000
붉은고추,2017-07-24,평균,43000
붉은고추,2017-07-24,평년,37133
붉은고추,2017-07-25,가락도매,48000
붉은고추,2017-07-25,평균,48000
붉은고추,2017-07-25,평년,38267
붉은고추,2017-07-26,가락도매,48000
붉은고추,2017-07-26,평균,48000
붉은고추,2017-07-26,평년,39233
붉은고추,2017-07-27,가락도매,50000
붉은고추,2017-07-27,평균,50000
붉은고추,2017-07-27,평년,38867
붉은고추,2017-07-28,가락도매,54000
붉은고추,2017-07-28,평균,54000
붉은고추,2017-07-28,평년,37333
붉은고추,2017-07-31,가락도매,56000
붉은고추,2017-07-31,평균,56000
붉은고추,2017-07-31,평년,33100
붉은고추,2017-08-01,가락도매,46000
붉은고추,2017-08-01,평균,46000
붉은고추,2017-08-01,평년,31667
붉은고추,2017-08-02,가락도매,46000
붉은고추,2017-08-02,평균,46000
붉은고추,2017-08-02,평년,31000
붉은고추,2017-08-03,가락도매,46000
붉은고추,2017-08-03,평균,46000
붉은고추,2017-08-03,평년,30433
붉은고추,2017-08-04,가락도매,46000
붉은고추,2017-08-04,평균,46000
붉은고추,2017-08-04,평년,30667
붉은고추,2017-08-07,가락도매,46000
붉은고추,2017-08-07,평균,46000
붉은고추,2017-08-07,평년,30633
붉은고추,2017-08-08,가락도매,46000
붉은고추,2017-08-08,평균,46000
붉은고추,2017-08-08,평년,30650
붉은고추,2017-08-09,가락도매,46000
붉은고추,2017-08-09,평균,46000
붉은고추,2017-08-09,평년,30450
붉은고추,2017-08-10,가락도매,46000
붉은고추,2017-08-10,평균,46000
붉은고추,2017-08-10,평년,29867
붉은고추,2017-08-11,가락도매,46000
붉은고추,2017-08-11,평균,46000
붉은고추,2017-08-11,평년,29067
붉은고추,2017-08-14,가락도매,46000
붉은고추,2017-08-14,평균,46000
붉은고추,2017-08-14,평년,28417
붉은고추,2017-08-16,가락도매,43000
붉은고추,2017-08-16,평균,43000
붉은고추,2017-08-16,평년,28183
붉은고추,2017-08-17,가락도매,40000
붉은고추,2017-08-17,평균,40000
붉은고추,2017-08-17,평년,28000
붉은고추,2017-08-18,가락도매,40000
붉은고추,2017-08-18,평균,40000
붉은고추,2017-08-18,평년,27933
붉은고추,2017-08-21,가락도매,38000
붉은고추,2017-08-21,평균,38000
붉은고추,2017-08-21,평년,26067
붉은고추,2017-08-22,가락도매,38000
붉은고추,2017-08-22,평균,38000
붉은고추,2017-08-22,평년,26200
붉은고추,2017-08-23,가락도매,38000
붉은고추,2017-08-23,평균,38000
붉은고추,2017-08-23,평년,26317
붉은고추,2017-08-24,가락도매,40000
붉은고추,2017-08-24,평균,40000
붉은고추,2017-08-24,평년,26317
붉은고추,2017-08-25,가락도매,37000
붉은고추,2017-08-25,평균,37000
붉은고추,2017-08-25,평년,26600
붉은고추,2017-08-28,가락도매,37000
붉은고추,2017-08-28,평균,37000
붉은고추,2017-08-28,평년,26683
붉은고추,2017-08-29,가락도매,42000
붉은고추,2017-08-29,평균,42000
붉은고추,2017-08-29,평년,26533
붉은고추,2017-08-30,가락도매,45000
붉은고추,2017-08-30,평균,45000
붉은고추,2017-08-30,평년,26733
붉은고추,2017-08-31,가락도매,50000
붉은고추,2017-08-31,평균,50000
붉은고추,2017-08-31,평년,26300
붉은고추,2017-09-01,가락도매,55000
붉은고추,2017-09-01,평균,55000
붉은고추,2017-09-01,평년,26100
붉은고추,2017-09-04,가락도매,50000
붉은고추,2017-09-04,평균,50000
붉은고추,2017-09-04,평년,28867
붉은고추,2017-09-05,가락도매,53000
붉은고추,2017-09-05,평균,53000
붉은고추,2017-09-05,평년,30733
붉은고추,2017-09-06,가락도매,70000
붉은고추,2017-09-06,평균,70000
붉은고추,2017-09-06,평년,31167
붉은고추,2017-09-07,가락도매,70000
붉은고추,2017-09-07,평균,70000
붉은고추,2017-09-07,평년,31300
붉은고추,2017-09-08,가락도매,80000
붉은고추,2017-09-08,평균,80000
붉은고추,2017-09-08,평년,31083
붉은고추,2017-09-11,가락도매,86000
붉은고추,2017-09-11,평균,86000
붉은고추,2017-09-11,평년,31567
붉은고추,2017-09-12,가락도매,86000
붉은고추,2017-09-12,평균,86000
붉은고추,2017-09-12,평년,33000
붉은고추,2017-09-13,가락도매,86000
붉은고추,2017-09-13,평균,86000
붉은고추,2017-09-13,평년,34683
붉은고추,2017-09-14,가락도매,73000
붉은고추,2017-09-14,평균,73000
붉은고추,2017-09-14,평년,34917
붉은고추,2017-09-15,가락도매,68000
붉은고추,2017-09-15,평균,68000
붉은고추,2017-09-15,평년,34833
붉은고추,2017-09-18,가락도매,68000
붉은고추,2017-09-18,평균,68000
붉은고추,2017-09-18,평년,35900
붉은고추,2017-09-19,가락도매,68000
붉은고추,2017-09-19,평균,68000
붉은고추,2017-09-19,평년,38933
붉은고추,2017-09-20,가락도매,68000
붉은고추,2017-09-20,평균,68000
붉은고추,2017-09-20,평년,41683
붉은고추,2017-09-21,가락도매,68000
붉은고추,2017-09-21,평균,68000
붉은고추,2017-09-21,평년,41550
붉은고추,2017-09-22,가락도매,76000
붉은고추,2017-09-22,평균,76000
붉은고추,2017-09-22,평년,41967
붉은고추,2017-09-25,가락도매,90000
붉은고추,2017-09-25,평균,90000
붉은고추,2017-09-25,평년,41417
붉은고추,2017-09-26,가락도매,110000
붉은고추,2017-09-26,평균,110000
붉은고추,2017-09-26,평년,42333
붉은고추,2017-09-27,가락도매,110000
붉은고추,2017-09-27,평균,110000
붉은고추,2017-09-27,평년,42050
붉은고추,2017-09-28,가락도매,100000
붉은고추,2017-09-28,평균,100000
붉은고추,2017-09-28,평년,42583
붉은고추,2017-09-29,가락도매,100000
붉은고추,2017-09-29,평균,100000
붉은고추,2017-09-29,평년,44133
붉은고추,2017-10-10,가락도매,80000
붉은고추,2017-10-10,평균,80000
붉은고추,2017-10-10,평년,48167
붉은고추,2017-10-11,가락도매,75000
붉은고추,2017-10-11,평균,75000
붉은고추,2017-10-11,평년,49000
붉은고추,2017-10-12,가락도매,80000
붉은고추,2017-10-12,평균,80000
붉은고추,2017-10-12,평년,49900
붉은고추,2017-10-13,가락도매,80000
붉은고추,2017-10-13,평균,80000
붉은고추,2017-10-13,평년,51000
붉은고추,2017-10-16,가락도매,70000
붉은고추,2017-10-16,평균,70000
붉은고추,2017-10-16,평년,58533
붉은고추,2017-10-17,가락도매,70000
붉은고추,2017-10-17,평균,70000
붉은고추,2017-10-17,평년,61200
붉은고추,2017-10-18,가락도매,70000
붉은고추,2017-10-18,평균,70000
붉은고추,2017-10-18,평년,62950
붉은고추,2017-10-19,가락도매,75000
붉은고추,2017-10-19,평균,75000
붉은고추,2017-10-19,평년,64283
붉은고추,2017-10-20,가락도매,95000
붉은고추,2017-10-20,평균,95000
붉은고추,2017-10-20,평년,67533
붉은고추,2017-10-23,가락도매,92000
붉은고추,2017-10-23,평균,92000
붉은고추,2017-10-23,평년,73867
붉은고추,2017-10-24,가락도매,85000
붉은고추,2017-10-24,평균,85000
붉은고추,2017-10-24,평년,75867
붉은고추,2017-10-25,가락도매,85000
붉은고추,2017-10-25,평균,85000
붉은고추,2017-10-25,평년,76033
붉은고추,2017-10-26,가락도매,80000
붉은고추,2017-10-26,평균,80000
붉은고추,2017-10-26,평년,75917
붉은고추,2017-10-27,가락도매,75000
붉은고추,2017-10-27,평균,75000
붉은고추,2017-10-27,평년,75083
붉은고추,2017-10-30,가락도매,72000
붉은고추,2017-10-30,평균,72000
붉은고추,2017-10-30,평년,76333
붉은고추,2017-10-31,가락도매,72000
붉은고추,2017-10-31,평균,72000
붉은고추,2017-10-31,평년,74333
붉은고추,2017-11-01,가락도매,72000
붉은고추,2017-11-01,평균,72000
붉은고추,2017-11-01,평년,73667
붉은고추,2017-11-02,가락도매,70000
붉은고추,2017-11-02,평균,70000
붉은고추,2017-11-02,평년,72333
붉은고추,2017-11-03,가락도매,70000
붉은고추,2017-11-03,평균,70000
붉은고추,2017-11-03,평년,71667
붉은고추,2017-11-06,가락도매,80000
붉은고추,2017-11-06,평균,80000
붉은고추,2017-11-06,평년,70267
붉은고추,2017-11-07,가락도매,83000
붉은고추,2017-11-07,평균,83000
붉은고추,2017-11-07,평년,70600
붉은고추,2017-11-08,가락도매,80000
붉은고추,2017-11-08,평균,80000
붉은고추,2017-11-08,평년,71167
붉은고추,2017-11-09,가락도매,80000
붉은고추,2017-11-09,평균,80000
붉은고추,2017-11-09,평년,71833
붉은고추,2017-11-10,가락도매,84000
붉은고추,2017-11-10,평균,84000
붉은고추,2017-11-10,평년,72100
붉은고추,2017-11-13,가락도매,70000
붉은고추,2017-11-13,평균,70000
붉은고추,2017-11-13,평년,72200
붉은고추,2017-11-14,가락도매,70000
붉은고추,2017-11-14,평균,70000
붉은고추,2017-11-14,평년,70933
붉은고추,2017-11-15,가락도매,68000
붉은고추,2017-11-15,평균,68000
붉은고추,2017-11-15,평년,69667
붉은고추,2017-11-16,가락도매,68000
붉은고추,2017-11-16,평균,68000
붉은고추,2017-11-16,평년,68833
붉은고추,2017-11-17,가락도매,68000
붉은고추,2017-11-17,평균,68000
붉은고추,2017-11-17,평년,67517
붉은고추,2017-11-20,가락도매,58000
붉은고추,2017-11-20,평균,58000
붉은고추,2017-11-20,평년,63733
붉은고추,2017-11-21,가락도매,58000
붉은고추,2017-11-21,평균,58000
붉은고추,2017-11-21,평년,63333
붉은고추,2017-11-22,가락도매,58000
붉은고추,2017-11-22,평균,58000
붉은고추,2017-11-22,평년,63250
붉은고추,2017-11-23,가락도매,58000
붉은고추,2017-11-23,평균,58000
붉은고추,2017-11-23,평년,62583
붉은고추,2017-11-24,가락도매,58000
붉은고추,2017-11-24,평균,58000
붉은고추,2017-11-24,평년,62717
붉은고추,2017-11-27,가락도매,60000
붉은고추,2017-11-27,평균,60000
붉은고추,2017-11-27,평년,63333
붉은고추,2017-11-28,가락도매,60000
붉은고추,2017-11-28,평균,60000
붉은고추,2017-11-28,평년,63333
붉은고추,2017-11-29,가락도매,65000
붉은고추,2017-11-29,평균,65000
붉은고추,2017-11-29,평년,63200
붉은고추,2017-11-30,가락도매,65000
붉은고추,2017-11-30,평균,65000
붉은고추,2017-11-30,평년,63350
붉은고추,2017-12-04,가락도매,80000
붉은고추,2017-12-04,평균,80000
붉은고추,2017-12-04,평년,69067
붉은고추,2017-12-05,가락도매,85000
붉은고추,2017-12-05,평균,85000
붉은고추,2017-12-05,평년,71733
붉은고추,2017-12-06,가락도매,85000
붉은고추,2017-12-06,평균,85000
붉은고추,2017-12-06,평년,74317
붉은고추,2017-12-07,가락도매,85000
붉은고추,2017-12-07,평균,85000
붉은고추,2017-12-07,평년,75283
붉은고추,2017-12-08,가락도매,85000
붉은고추,2017-12-08,평균,85000
붉은고추,2017-12-08,평년,75167
붉은고추,2017-12-11,가락도매,85000
붉은고추,2017-12-11,평균,85000
붉은고추,2017-12-11,평년,73200
붉은고추,2017-12-12,가락도매,85000
붉은고추,2017-12-12,평균,85000
붉은고추,2017-12-12,평년,72067
붉은고추,2017-12-13,가락도매,85000
붉은고추,2017-12-13,평균,85000
붉은고추,2017-12-13,평년,71333
붉은고추,2017-12-14,가락도매,85000
붉은고추,2017-12-14,평균,85000
붉은고추,2017-12-14,평년,71250
붉은고추,2017-12-15,가락도매,85000
붉은고추,2017-12-15,평균,85000
붉은고추,2017-12-15,평년,70850
붉은고추,2017-12-18,가락도매,85000
붉은고추,2017-12-18,평균,85000
붉은고추,2017-12-18,평년,71333
붉은고추,2017-12-19,가락도매,85000
붉은고추,2017-12-19,평균,85000
붉은고추,2017-12-19,평년,71800
붉은고추,2017-12-20,가락도매,85000
붉은고추,2017-12-20,평균,85000
붉은고추,2017-12-20,평년,72667
붉은고추,2017-12-21,가락도매,82000
붉은고추,2017-12-21,평균,82000
붉은고추,2017-12-21,평년,73333
붉은고추,2017-12-22,가락도매,82000
붉은고추,2017-12-22,평균,82000
붉은고추,2017-12-22,평년,74067
붉은고추,2017-12-26,가락도매,72000
붉은고추,2017-12-26,평균,72000
붉은고추,2017-12-26,평년,78533
붉은고추,2017-12-27,가락도매,70000
붉은고추,2017-12-27,평균,70000
붉은고추,2017-12-27,평년,80083
붉은고추,2017-12-28,가락도매,65000
붉은고추,2017-12-28,평균,65000
붉은고추,2017-12-28,평년,80583
붉은고추,2017-12-29,가락도매,65000
붉은고추,2017-12-29,평균,65000
붉은고추,2017-12-29,평년,82200
붉은고추,2018-01-02,가락도매,65000
붉은고추,2018-01-02,평균,65000
붉은고추,2018-01-02,평년,86333
붉은고추,2018-01-03,가락도매,60000
붉은고추,2018-01-03,평균,60000
붉은고추,2018-01-03,평년,84667
붉은고추,2018-01-04,가락도매,60000
붉은고추,2018-01-04,평균,60000
붉은고추,2018-01-04,평년,83000
붉은고추,2018-01-05,가락도매,60000
붉은고추,2018-01-05,평균,60000
붉은고추,2018-01-05,평년,79833
붉은고추,2018-01-08,가락도매,50000
붉은고추,2018-01-08,평균,50000
붉은고추,2018-01-08,평년,78333
붉은고추,2018-01-09,가락도매,47000
붉은고추,2018-01-09,평균,47000
붉은고추,2018-01-09,평년,77733
붉은고추,2018-01-10,가락도매,47000
붉은고추,2018-01-10,평균,47000
붉은고추,2018-01-10,평년,77600
붉은고추,2018-01-11,가락도매,47000
붉은고추,2018-01-11,평균,47000
붉은고추,2018-01-11,평년,76000
붉은고추,2018-01-12,가락도매,47000
붉은고추,2018-01-12,평균,47000
붉은고추,2018-01-12,평년,75833
붉은고추,2018-01-15,가락도매,42000
붉은고추,2018-01-15,평균,42000
붉은고추,2018-01-15,평년,75283
붉은고추,2018-01-16,가락도매,40000
붉은고추,2018-01-16,평균,40000
붉은고추,2018-01-16,평년,75133
붉은고추,2018-01-17,가락도매,40000
붉은고추,2018-01-17,평균,40000
붉은고추,2018-01-17,평년,75600
붉은고추,2018-01-18,가락도매,40000
붉은고추,2018-01-18,평균,40000
붉은고추,2018-01-18,평년,76617
붉은고추,2018-01-19,가락도매,40000
붉은고추,2018-01-19,평균,40000
붉은고추,2018-01-19,평년,78117
붉은고추,2018-01-22,가락도매,40000
붉은고추,2018-01-22,평균,40000
붉은고추,2018-01-22,평년,85867
붉은고추,2018-01-23,가락도매,40000
붉은고추,2018-01-23,평균,40000
붉은고추,2018-01-23,평년,87600
붉은고추,2018-01-24,가락도매,40000
붉은고추,2018-01-24,평균,40000
붉은고추,2018-01-24,평년,89600
붉은고추,2018-01-25,가락도매,40000
붉은고추,2018-01-25,평균,40000
붉은고추,2018-01-25,평년,89433
붉은고추,2018-01-26,가락도매,40000
붉은고추,2018-01-26,평균,40000
붉은고추,2018-01-26,평년,88417
붉은고추,2018-01-29,가락도매,45000
붉은고추,2018-01-29,평균,45000
붉은고추,2018-01-29,평년,89200
붉은고추,2018-01-30,가락도매,40000
붉은고추,2018-01-30,평균,40000
붉은고추,2018-01-30,평년,90417
붉은고추,2018-01-31,가락도매,40000
붉은고추,2018-01-31,평균,40000
붉은고추,2018-01-31,평년,92083
붉은고추,2018-02-01,가락도매,40000
붉은고추,2018-02-01,평균,40000
붉은고추,2018-02-01,평년,93667
붉은고추,2018-02-02,가락도매,48000
붉은고추,2018-02-02,평균,48000
붉은고추,2018-02-02,평년,96083
붉은고추,2018-02-05,가락도매,48000
붉은고추,2018-02-05,평균,48000
붉은고추,2018-02-05,평년,104883
붉은고추,2018-02-06,가락도매,48000
붉은고추,2018-02-06,평균,48000
붉은고추,2018-02-06,평년,107667
붉은고추,2018-02-07,가락도매,48000
붉은고추,2018-02-07,평균,48000
붉은고추,2018-02-07,평년,107333
붉은고추,2018-02-08,가락도매,45000
붉은고추,2018-02-08,평균,45000
붉은고추,2018-02-08,평년,107000
붉은고추,2018-02-09,가락도매,48000
붉은고추,2018-02-09,평균,48000
붉은고추,2018-02-09,평년,106667
붉은고추,2018-02-12,가락도매,50000
붉은고추,2018-02-12,평균,50000
붉은고추,2018-02-12,평년,103883
붉은고추,2018-02-13,가락도매,50000
붉은고추,2018-02-13,평균,50000
붉은고추,2018-02-13,평년,103800
붉은고추,2018-02-14,가락도매,45000
붉은고추,2018-02-14,평균,45000
붉은고추,2018-02-14,평년,102800
붉은고추,2018-02-19,가락도매,45000
붉은고추,2018-02-19,평균,45000
붉은고추,2018-02-19,평년,82000
붉은고추,2018-02-20,가락도매,50000
붉은고추,2018-02-20,평균,50000
붉은고추,2018-02-20,평년,79917
붉은고추,2018-02-21,가락도매,45000
붉은고추,2018-02-21,평균,45000
붉은고추,2018-02-21,평년,79583
붉은고추,2018-02-22,가락도매,45000
붉은고추,2018-02-22,평균,45000
붉은고추,2018-02-22,평년,79600
붉은고추,2018-02-23,가락도매,45000
붉은고추,2018-02-23,평균,45000
붉은고추,2018-02-23,평년,79467
붉은고추,2018-02-26,가락도매,47000
붉은고추,2018-02-26,평균,47000
붉은고추,2018-02-26,평년,68133
붉은고추,2018-02-27,가락도매,47000
붉은고추,2018-02-27,평균,47000
붉은고추,2018-02-27,평년,67167
붉은고추,2018-02-28,가락도매,50000
붉은고추,2018-02-28,평균,50000
붉은고추,2018-02-28,평년,68350
붉은고추,2018-03-02,가락도매,65000
붉은고추,2018-03-02,평균,65000
붉은고추,2018-03-02,평년,76267
붉은고추,2018-03-05,가락도매,80000
붉은고추,2018-03-05,평균,80000
붉은고추,2018-03-05,평년,87667
붉은고추,2018-03-06,가락도매,80000
붉은고추,2018-03-06,평균,80000
붉은고추,2018-03-06,평년,86300
붉은고추,2018-03-07,가락도매,90000
붉은고추,2018-03-07,평균,90000
붉은고추,2018-03-07,평년,86767
붉은고추,2018-03-08,가락도매,90000
붉은고추,2018-03-08,평균,90000
붉은고추,2018-03-08,평년,88300
붉은고추,2018-03-09,가락도매,95000
붉은고추,2018-03-09,평균,95000
붉은고추,2018-03-09,평년,87733
붉은고추,2018-03-12,가락도매,95000
붉은고추,2018-03-12,평균,95000
붉은고추,2018-03-12,평년,87033
붉은고추,2018-03-13,가락도매,100000
붉은고추,2018-03-13,평균,100000
붉은고추,2018-03-13,평년,87650
붉은고추,2018-03-14,가락도매,110000
붉은고추,2018-03-14,평균,110000
붉은고추,2018-03-14,평년,88750
붉은고추,2018-03-15,가락도매,120000
붉은고추,2018-03-15,평균,120000
붉은고추,2018-03-15,평년,88883
붉은고추,2018-03-16,가락도매,135000
붉은고추,2018-03-16,평균,135000
붉은고추,2018-03-16,평년,88200
붉은고추,2018-03-19,가락도매,145000
붉은고추,2018-03-19,평균,145000
붉은고추,2018-03-19,평년,92200
붉은고추,2018-03-20,가락도매,160000
붉은고추,2018-03-20,평균,160000
붉은고추,2018-03-20,평년,95400
붉은고추,2018-03-21,가락도매,210000
붉은고추,2018-03-21,평균,210000
붉은고추,2018-03-21,평년,95867
붉은고추,2018-03-22,가락도매,240000
붉은고추,2018-03-22,평균,240000
붉은고추,2018-03-22,평년,94833
붉은고추,2018-03-23,가락도매,200000
붉은고추,2018-03-23,평균,200000
붉은고추,2018-03-23,평년,94417
붉은고추,2018-03-26,가락도매,170000
붉은고추,2018-03-26,평균,170000
붉은고추,2018-03-26,평년,99050
붉은고추,2018-03-27,가락도매,190000
붉은고추,2018-03-27,평균,190000
붉은고추,2018-03-27,평년,100067
붉은고추,2018-03-28,가락도매,200000
붉은고추,2018-03-28,평균,200000
붉은고추,2018-03-28,평년,100600
붉은고추,2018-03-29,가락도매,190000
붉은고추,2018-03-29,평균,190000
붉은고추,2018-03-29,평년,99667
붉은고추,2018-03-30,가락도매,190000
붉은고추,2018-03-30,평균,190000
붉은고추,2018-03-30,평년,98967
붉은고추,2018-04-02,가락도매,210000
붉은고추,2018-04-02,평균,210000
붉은고추,2018-04-02,평년,104083
붉은고추,2018-04-03,가락도매,190000
붉은고추,2018-04-03,평균,190000
붉은고추,2018-04-03,평년,107100
붉은고추,2018-04-04,가락도매,160000
붉은고추,2018-04-04,평균,160000
붉은고추,2018-04-04,평년,112000
붉은고추,2018-04-05,가락도매,140000
붉은고추,2018-04-05,평균,140000
붉은고추,2018-04-05,평년,115633
붉은고추,2018-04-06,가락도매,130000
붉은고추,2018-04-06,평균,130000
붉은고추,2018-04-06,평년,117100
붉은고추,2018-04-09,가락도매,110000
붉은고추,2018-04-09,평균,110000
붉은고추,2018-04-09,평년,126483
붉은고추,2018-04-10,가락도매,100000
붉은고추,2018-04-10,평균,100000
붉은고추,2018-04-10,평년,131283
붉은고추,2018-04-11,가락도매,95000
붉은고추,2018-04-11,평균,95000
붉은고추,2018-04-11,평년,132417
붉은고추,2018-04-12,가락도매,95000
붉은고추,2018-04-12,평균,95000
붉은고추,2018-04-12,평년,130083
붉은고추,2018-04-13,가락도매,105000
붉은고추,2018-04-13,평균,105000
붉은고추,2018-04-13,평년,129350
붉은고추,2018-04-16,가락도매,120000
붉은고추,2018-04-16,평균,120000
붉은고추,2018-04-16,평년,122633
붉은고추,2018-04-17,가락도매,135000
붉은고추,2018-04-17,평균,135000
붉은고추,2018-04-17,평년,118467
붉은고추,2018-04-18,가락도매,130000
붉은고추,2018-04-18,평균,130000
붉은고추,2018-04-18,평년,113150
붉은고추,2018-04-19,가락도매,120000
붉은고추,2018-04-19,평균,120000
붉은고추,2018-04-19,평년,107617
붉은고추,2018-04-20,가락도매,100000
붉은고추,2018-04-20,평균,100000
붉은고추,2018-04-20,평년,100267
붉은고추,2018-04-23,가락도매,95000
붉은고추,2018-04-23,평균,95000
붉은고추,2018-04-23,평년,82900
붉은고추,2018-04-24,가락도매,95000
붉은고추,2018-04-24,평균,95000
붉은고추,2018-04-24,평년,77733
붉은고추,2018-04-25,가락도매,105000
붉은고추,2018-04-25,평균,105000
붉은고추,2018-04-25,평년,74867
붉은고추,2018-04-26,가락도매,93000
붉은고추,2018-04-26,평균,93000
붉은고추,2018-04-26,평년,70933
붉은고추,2018-04-27,가락도매,93000
붉은고추,2018-04-27,평균,93000
붉은고추,2018-04-27,평년,69467
붉은고추,2018-04-30,가락도매,93000
붉은고추,2018-04-30,평균,93000
붉은고추,2018-04-30,평년,54117
붉은고추,2018-05-02,가락도매,93000
붉은고추,2018-05-02,평균,93000
붉은고추,2018-05-02,평년,52000
붉은고추,2018-05-03,가락도매,100000
붉은고추,2018-05-03,평균,100000
붉은고추,2018-05-03,평년,50733
붉은고추,2018-05-04,가락도매,100000
붉은고추,2018-05-04,평균,100000
붉은고추,2018-05-04,평년,50400
붉은고추,2018-05-08,가락도매,95000
붉은고추,2018-05-08,평균,95000
붉은고추,2018-05-08,평년,47817
붉은고추,2018-05-09,가락도매,85000
붉은고추,2018-05-09,평균,85000
붉은고추,2018-05-09,평년,47667
붉은고추,2018-05-10,가락도매,80000
붉은고추,2018-05-10,평균,80000
붉은고추,2018-05-10,평년,48183
붉은고추,2018-05-11,가락도매,80000
붉은고추,2018-05-11,평균,80000
붉은고추,2018-05-11,평년,48850
붉은고추,2018-05-14,가락도매,65000
붉은고추,2018-05-14,평균,65000
붉은고추,2018-05-14,평년,45650
붉은고추,2018-05-15,가락도매,70000
붉은고추,2018-05-15,평균,70000
붉은고추,2018-05-15,평년,44667
붉은고추,2018-05-16,가락도매,70000
붉은고추,2018-05-16,평균,70000
붉은고추,2018-05-16,평년,43833
붉은고추,2018-05-17,가락도매,65000
붉은고추,2018-05-17,평균,65000
붉은고추,2018-05-17,평년,43933
붉은고추,2018-05-18,가락도매,65000
붉은고추,2018-05-18,평균,65000
붉은고추,2018-05-18,평년,43900
붉은고추,2018-05-21,가락도매,55000
붉은고추,2018-05-21,평균,55000
붉은고추,2018-05-21,평년,43633
붉은고추,2018-05-23,가락도매,45000
붉은고추,2018-05-23,평균,45000
붉은고추,2018-05-23,평년,47067
붉은고추,2018-05-24,가락도매,48000
붉은고추,2018-05-24,평균,48000
붉은고추,2018-05-24,평년,47133
붉은고추,2018-05-25,가락도매,48000
붉은고추,2018-05-25,평균,48000
붉은고추,2018-05-25,평년,47200
붉은고추,2018-05-28,가락도매,50000
붉은고추,2018-05-28,평균,50000
붉은고추,2018-05-28,평년,55233
붉은고추,2018-05-29,가락도매,50000
붉은고추,2018-05-29,평균,50000
붉은고추,2018-05-29,평년,56967
붉은고추,2018-05-30,가락도매,50000
붉은고추,2018-05-30,평균,50000
붉은고추,2018-05-30,평년,56400
붉은고추,2018-05-31,가락도매,47000
붉은고추,2018-05-31,평균,47000
붉은고추,2018-05-31,평년,55167
붉은고추,2018-06-01,가락도매,45000
붉은고추,2018-06-01,평균,45000
붉은고추,2018-06-01,평년,53967
붉은고추,2018-06-04,가락도매,47000
붉은고추,2018-06-04,평균,47000
붉은고추,2018-06-04,평년,57917
붉은고추,2018-06-05,가락도매,60000
붉은고추,2018-06-05,평균,60000
붉은고추,2018-06-05,평년,58133
붉은고추,2018-06-07,가락도매,80000
붉은고추,2018-06-07,평균,80000
붉은고추,2018-06-07,평년,59467
붉은고추,2018-06-08,가락도매,85000
붉은고추,2018-06-08,평균,85000
붉은고추,2018-06-08,평년,60617
붉은고추,2018-06-11,가락도매,75000
붉은고추,2018-06-11,평균,75000
붉은고추,2018-06-11,평년,56967
붉은고추,2018-06-12,가락도매,65000
붉은고추,2018-06-12,평균,65000
붉은고추,2018-06-12,평년,55433
붉은고추,2018-06-14,가락도매,70000
붉은고추,2018-06-14,평균,70000
붉은고추,2018-06-14,평년,48933
붉은고추,2018-06-15,가락도매,70000
붉은고추,2018-06-15,평균,70000
붉은고추,2018-06-15,평년,47917
붉은고추,2018-06-18,가락도매,60000
붉은고추,2018-06-18,평균,60000
붉은고추,2018-06-18,평년,49333
붉은고추,2018-06-19,가락도매,55000
붉은고추,2018-06-19,평균,55000
붉은고추,2018-06-19,평년,50333
붉은고추,2018-06-20,가락도매,58000
붉은고추,2018-06-20,평균,58000
붉은고추,2018-06-20,평년,51367
붉은고추,2018-06-21,가락도매,70000
붉은고추,2018-06-21,평균,70000
붉은고추,2018-06-21,평년,51317
붉은고추,2018-06-22,가락도매,80000
붉은고추,2018-06-22,평균,80000
붉은고추,2018-06-22,평년,50117
붉은고추,2018-06-25,가락도매,60000
붉은고추,2018-06-25,평균,60000
붉은고추,2018-06-25,평년,46700
붉은고추,2018-06-26,가락도매,60000
붉은고추,2018-06-26,평균,60000
붉은고추,2018-06-26,평년,44667
붉은고추,2018-06-27,가락도매,65000
붉은고추,2018-06-27,평균,65000
붉은고추,2018-06-27,평년,43133
붉은고추,2018-06-28,가락도매,65000
붉은고추,2018-06-28,평균,65000
붉은고추,2018-06-28,평년,43183
붉은고추,2018-06-29,가락도매,62000
붉은고추,2018-06-29,평균,62000
붉은고추,2018-06-29,평년,43850
붉은고추,2018-07-02,가락도매,60000
붉은고추,2018-07-02,평균,60000
붉은고추,2018-07-02,평년,45950
붉은고추,2018-07-03,가락도매,58000
붉은고추,2018-07-03,평균,58000
붉은고추,2018-07-03,평년,44800
붉은고추,2018-07-04,가락도매,58000
붉은고추,2018-07-04,평균,58000
붉은고추,2018-07-04,평년,43800
붉은고추,2018-07-05,가락도매,58000
붉은고추,2018-07-05,평균,58000
붉은고추,2018-07-05,평년,43750
붉은고추,2018-07-06,가락도매,58000
붉은고추,2018-07-06,평균,58000
붉은고추,2018-07-06,평년,43417
붉은고추,2018-07-09,가락도매,75000
붉은고추,2018-07-09,평균,75000
붉은고추,2018-07-09,평년,40367
붉은고추,2018-07-10,가락도매,95000
붉은고추,2018-07-10,평균,95000
붉은고추,2018-07-10,평년,39500
붉은고추,2018-07-11,가락도매,98000
붉은고추,2018-07-11,평균,98000
붉은고추,2018-07-11,평년,39917
붉은고추,2018-07-12,가락도매,80000
붉은고추,2018-07-12,평균,80000
붉은고추,2018-07-12,평년,40450
붉은고추,2018-07-13,가락도매,65000
붉은고추,2018-07-13,평균,65000
붉은고추,2018-07-13,평년,40317
붉은고추,2018-07-16,가락도매,60000
붉은고추,2018-07-16,평균,60000
붉은고추,2018-07-16,평년,42500
붉은고추,2018-07-17,가락도매,55000
붉은고추,2018-07-17,평균,55000
붉은고추,2018-07-17,평년,43233
붉은고추,2018-07-18,가락도매,50000
붉은고추,2018-07-18,평균,50000
붉은고추,2018-07-18,평년,42700
붉은고추,2018-07-19,가락도매,50000
붉은고추,2018-07-19,평균,50000
붉은고추,2018-07-19,평년,41833
붉은고추,2018-07-20,가락도매,55000
붉은고추,2018-07-20,평균,55000
붉은고추,2018-07-20,평년,41200
붉은고추,2018-07-23,가락도매,70000
붉은고추,2018-07-23,평균,70000
붉은고추,2018-07-23,평년,39267
붉은고추,2018-07-24,가락도매,68000
붉은고추,2018-07-24,평균,68000
붉은고추,2018-07-24,평년,38667
붉은고추,2018-07-25,가락도매,68000
붉은고추,2018-07-25,평균,68000
붉은고추,2018-07-25,평년,38900
붉은고추,2018-07-26,가락도매,72000
붉은고추,2018-07-26,평균,72000
붉은고추,2018-07-26,평년,39233
붉은고추,2018-07-27,가락도매,72000
붉은고추,2018-07-27,평균,72000
붉은고추,2018-07-27,평년,38867
붉은고추,2018-07-30,가락도매,65000
붉은고추,2018-07-30,평균,65000
붉은고추,2018-07-30,평년,34300
붉은고추,2018-07-31,가락도매,65000
붉은고추,2018-07-31,평균,65000
붉은고추,2018-07-31,평년,33100
붉은고추,2018-08-01,가락도매,67000
붉은고추,2018-08-01,평균,67000
붉은고추,2018-08-01,평년,31667
붉은고추,2018-08-02,가락도매,74000
붉은고추,2018-08-02,평균,74000
붉은고추,2018-08-02,평년,31000
붉은고추,2018-08-03,가락도매,85000
붉은고추,2018-08-03,평균,85000
붉은고추,2018-08-03,평년,30433
붉은고추,2018-08-06,가락도매,90000
붉은고추,2018-08-06,평균,90000
붉은고추,2018-08-06,평년,30633
붉은고추,2018-08-07,가락도매,88000
붉은고추,2018-08-07,평균,88000
붉은고추,2018-08-07,평년,30633
붉은고추,2018-08-08,가락도매,75000
붉은고추,2018-08-08,평균,75000
붉은고추,2018-08-08,평년,30650
붉은고추,2018-08-09,가락도매,72000
붉은고추,2018-08-09,평균,72000
붉은고추,2018-08-09,평년,30450
붉은고추,2018-08-10,가락도매,70000
붉은고추,2018-08-10,평균,70000
붉은고추,2018-08-10,평년,29867
붉은고추,2018-08-13,가락도매,60000
붉은고추,2018-08-13,평균,60000
붉은고추,2018-08-13,평년,28433
붉은고추,2018-08-14,가락도매,60000
붉은고추,2018-08-14,평균,60000
붉은고추,2018-08-14,평년,28417
붉은고추,2018-08-16,가락도매,60000
붉은고추,2018-08-16,평균,60000
붉은고추,2018-08-16,평년,28183
붉은고추,2018-08-17,가락도매,55000
붉은고추,2018-08-17,평균,55000
붉은고추,2018-08-17,평년,28000
붉은고추,2018-08-20,가락도매,60000
붉은고추,2018-08-20,평균,60000
붉은고추,2018-08-20,평년,26800
붉은고추,2018-08-21,가락도매,56000
붉은고추,2018-08-21,평균,56000
붉은고추,2018-08-21,평년,26067
붉은고추,2018-08-22,가락도매,56000
붉은고추,2018-08-22,평균,56000
붉은고추,2018-08-22,평년,26200
붉은고추,2018-08-23,가락도매,56000
붉은고추,2018-08-23,평균,56000
붉은고추,2018-08-23,평년,26317
붉은고추,2018-08-24,가락도매,58000
붉은고추,2018-08-24,평균,58000
붉은고추,2018-08-24,평년,26317
붉은고추,2018-08-27,가락도매,58000
붉은고추,2018-08-27,평균,58000
붉은고추,2018-08-27,평년,26483
붉은고추,2018-08-28,가락도매,50000
붉은고추,2018-08-28,평균,50000
붉은고추,2018-08-28,평년,26683
붉은고추,2018-08-29,가락도매,52000
붉은고추,2018-08-29,평균,52000
붉은고추,2018-08-29,평년,26533
붉은고추,2018-08-30,가락도매,55000
붉은고추,2018-08-30,평균,55000
붉은고추,2018-08-30,평년,27067
붉은고추,2018-08-31,가락도매,58000
붉은고추,2018-08-31,평균,58000
붉은고추,2018-08-31,평년,27367
붉은고추,2018-09-03,가락도매,48000
붉은고추,2018-09-03,평균,48000
붉은고추,2018-09-03,평년,28933
붉은고추,2018-09-04,가락도매,54000
붉은고추,2018-09-04,평균,54000
붉은고추,2018-09-04,평년,30200
붉은고추,2018-09-05,가락도매,54000
붉은고추,2018-09-05,평균,54000
붉은고추,2018-09-05,평년,32200
붉은고추,2018-09-06,가락도매,50000
붉은고추,2018-09-06,평균,50000
붉은고추,2018-09-06,평년,34233
붉은고추,2018-09-07,가락도매,50000
붉은고추,2018-09-07,평균,50000
붉은고추,2018-09-07,평년,34683
붉은고추,2018-09-10,가락도매,50000
붉은고추,2018-09-10,평균,50000
붉은고추,2018-09-10,평년,36000
붉은고추,2018-09-11,가락도매,55000
붉은고추,2018-09-11,평균,55000
붉은고추,2018-09-11,평년,38300
붉은고추,2018-09-12,가락도매,60000
붉은고추,2018-09-12,평균,60000
붉은고추,2018-09-12,평년,40533
붉은고추,2018-09-13,가락도매,56000
붉은고추,2018-09-13,평균,56000
붉은고추,2018-09-13,평년,42683
붉은고추,2018-09-14,가락도매,65000
붉은고추,2018-09-14,평균,65000
붉은고추,2018-09-14,평년,43917
붉은고추,2018-09-17,가락도매,65000
붉은고추,2018-09-17,평균,65000
붉은고추,2018-09-17,평년,41100
붉은고추,2018-09-18,가락도매,72000
붉은고추,2018-09-18,평균,72000
붉은고추,2018-09-18,평년,39400
붉은고추,2018-09-19,가락도매,85000
붉은고추,2018-09-19,평균,85000
붉은고추,2018-09-19,평년,40633
붉은고추,2018-09-20,가락도매,85000
붉은고추,2018-09-20,평균,85000
붉은고추,2018-09-20,평년,41683
붉은고추,2018-09-21,가락도매,80000
붉은고추,2018-09-21,평균,80000
붉은고추,2018-09-21,평년,41550
붉은고추,2018-09-27,가락도매,80000
붉은고추,2018-09-27,평균,80000
붉은고추,2018-09-27,평년,42050
붉은고추,2018-09-28,가락도매,90000
붉은고추,2018-09-28,평균,90000
붉은고추,2018-09-28,평년,42583
붉은고추,2018-10-01,가락도매,70000
붉은고추,2018-10-01,평균,70000
붉은고추,2018-10-01,평년,46600
붉은고추,2018-10-02,가락도매,65000
붉은고추,2018-10-02,평균,65000
붉은고추,2018-10-02,평년,45467
붉은고추,2018-10-04,가락도매,60000
붉은고추,2018-10-04,평균,60000
붉은고추,2018-10-04,평년,47367
붉은고추,2018-10-05,가락도매,65000
붉은고추,2018-10-05,평균,65000
붉은고추,2018-10-05,평년,50117
붉은고추,2018-10-08,가락도매,80000
붉은고추,2018-10-08,평균,80000
붉은고추,2018-10-08,평년,55517
붉은고추,2018-10-10,가락도매,100000
붉은고추,2018-10-10,평균,100000
붉은고추,2018-10-10,평년,56167
붉은고추,2018-10-11,가락도매,100000
붉은고추,2018-10-11,평균,100000
붉은고추,2018-10-11,평년,55400
붉은고추,2018-10-12,가락도매,100000
붉은고추,2018-10-12,평균,100000
붉은고추,2018-10-12,평년,54433
붉은고추,2018-10-15,가락도매,90000
붉은고추,2018-10-15,평균,90000
붉은고추,2018-10-15,평년,55333
붉은고추,2018-10-16,가락도매,95000
붉은고추,2018-10-16,평균,95000
붉은고추,2018-10-16,평년,58533
붉은고추,2018-10-17,가락도매,95000
붉은고추,2018-10-17,평균,95000
붉은고추,2018-10-17,평년,61200
붉은고추,2018-10-18,가락도매,110000
붉은고추,2018-10-18,평균,110000
붉은고추,2018-10-18,평년,62950
붉은고추,2018-10-19,가락도매,110000
붉은고추,2018-10-19,평균,110000
붉은고추,2018-10-19,평년,64283
붉은고추,2018-10-22,가락도매,100000
붉은고추,2018-10-22,평균,100000
붉은고추,2018-10-22,평년,72783
붉은고추,2018-10-23,가락도매,100000
붉은고추,2018-10-23,평균,100000
붉은고추,2018-10-23,평년,72667
붉은고추,2018-10-24,가락도매,100000
붉은고추,2018-10-24,평균,100000
붉은고추,2018-10-24,평년,73667
붉은고추,2018-10-25,가락도매,110000
붉은고추,2018-10-25,평균,110000
붉은고추,2018-10-25,평년,72500
붉은고추,2018-10-26,가락도매,110000
붉은고추,2018-10-26,평균,110000
붉은고추,2018-10-26,평년,71717
붉은고추,2018-10-29,가락도매,130000
붉은고추,2018-10-29,평균,130000
붉은고추,2018-10-29,평년,72917
붉은고추,2018-10-30,가락도매,140000
붉은고추,2018-10-30,평균,140000
붉은고추,2018-10-30,평년,74400
붉은고추,2018-10-31,가락도매,140000
붉은고추,2018-10-31,평균,140000
붉은고추,2018-10-31,평년,74067
붉은고추,2018-11-01,가락도매,140000
붉은고추,2018-11-01,평균,140000
붉은고추,2018-11-01,평년,74067
붉은고추,2018-11-02,가락도매,140000
붉은고추,2018-11-02,평균,140000
붉은고추,2018-11-02,평년,74267
붉은고추,2018-11-05,가락도매,120000
붉은고추,2018-11-05,평균,120000
붉은고추,2018-11-05,평년,73850
붉은고추,2018-11-06,가락도매,120000
붉은고추,2018-11-06,평균,120000
붉은고추,2018-11-06,평년,73467
붉은고추,2018-11-07,가락도매,125000
붉은고추,2018-11-07,평균,125000
붉은고추,2018-11-07,평년,74133
붉은고추,2018-11-08,가락도매,130000
붉은고추,2018-11-08,평균,130000
붉은고추,2018-11-08,평년,74967
붉은고추,2018-11-09,가락도매,125000
붉은고추,2018-11-09,평균,125000
붉은고추,2018-11-09,평년,74300
붉은고추,2018-11-12,가락도매,135000
붉은고추,2018-11-12,평균,135000
붉은고추,2018-11-12,평년,73667
붉은고추,2018-11-13,가락도매,120000
붉은고추,2018-11-13,평균,120000
붉은고추,2018-11-13,평년,72667
붉은고추,2018-11-14,가락도매,120000
붉은고추,2018-11-14,평균,120000
붉은고추,2018-11-14,평년,70933
붉은고추,2018-11-15,가락도매,90000
붉은고추,2018-11-15,평균,90000
붉은고추,2018-11-15,평년,69267
붉은고추,2018-11-16,가락도매,80000
붉은고추,2018-11-16,평균,80000
붉은고추,2018-11-16,평년,68300
붉은고추,2018-11-19,가락도매,70000
붉은고추,2018-11-19,평균,70000
붉은고추,2018-11-19,평년,63933
붉은고추,2018-11-20,가락도매,60000
붉은고추,2018-11-20,평균,60000
붉은고추,2018-11-20,평년,62733
붉은고추,2018-11-21,가락도매,60000
붉은고추,2018-11-21,평균,60000
붉은고추,2018-11-21,평년,61667
붉은고추,2018-11-22,가락도매,60000
붉은고추,2018-11-22,평균,60000
붉은고추,2018-11-22,평년,60917
붉은고추,2018-11-23,가락도매,63000
붉은고추,2018-11-23,평균,63000
붉은고추,2018-11-23,평년,60717
붉은고추,2018-11-26,가락도매,70000
붉은고추,2018-11-26,평균,70000
붉은고추,2018-11-26,평년,61733
붉은고추,2018-11-27,가락도매,75000
붉은고추,2018-11-27,평균,75000
붉은고추,2018-11-27,평년,62733
붉은고추,2018-11-28,가락도매,75000
붉은고추,2018-11-28,평균,75000
붉은고추,2018-11-28,평년,63667
붉은고추,2018-11-29,가락도매,70000
붉은고추,2018-11-29,평균,70000
붉은고추,2018-11-29,평년,65467
붉은고추,2018-11-30,가락도매,66000
붉은고추,2018-11-30,평균,66000
붉은고추,2018-11-30,평년,67417
붉은고추,2018-12-03,가락도매,62000
붉은고추,2018-12-03,평균,62000
붉은고추,2018-12-03,평년,72117
붉은고추,2018-12-04,가락도매,62000
붉은고추,2018-12-04,평균,62000
붉은고추,2018-12-04,평년,74933
붉은고추,2018-12-05,가락도매,65000
붉은고추,2018-12-05,평균,65000
붉은고추,2018-12-05,평년,78800
붉은고추,2018-12-06,가락도매,67000
붉은고추,2018-12-06,평균,67000
붉은고추,2018-12-06,평년,82583
붉은고추,2018-12-10,가락도매,55000
붉은고추,2018-12-10,평균,55000
붉은고추,2018-12-10,평년,82333
붉은고추,2018-12-11,가락도매,55000
붉은고추,2018-12-11,평균,55000
붉은고추,2018-12-11,평년,81867
붉은고추,2018-12-12,가락도매,55000
붉은고추,2018-12-12,평균,55000
붉은고추,2018-12-12,평년,81067
붉은고추,2018-12-13,가락도매,55000
붉은고추,2018-12-13,평균,55000
붉은고추,2018-12-13,평년,80667
붉은고추,2018-12-14,가락도매,50000
붉은고추,2018-12-14,평균,50000
붉은고추,2018-12-14,평년,80917
붉은고추,2018-12-17,가락도매,53000
붉은고추,2018-12-17,평균,53000
붉은고추,2018-12-17,평년,81000
붉은고추,2018-12-18,가락도매,53000
붉은고추,2018-12-18,평균,53000
붉은고추,2018-12-18,평년,81333
붉은고추,2018-12-19,가락도매,50000
붉은고추,2018-12-19,평균,50000
붉은고추,2018-12-19,평년,81600
붉은고추,2018-12-20,가락도매,48000
붉은고추,2018-12-20,평균,48000
붉은고추,2018-12-20,평년,81600
붉은고추,2018-12-21,가락도매,48000
붉은고추,2018-12-21,평균,48000
붉은고추,2018-12-21,평년,80733
붉은고추,2018-12-24,가락도매,50000
붉은고추,2018-12-24,평균,50000
붉은고추,2018-12-24,평년,81567
붉은고추,2018-12-26,가락도매,48000
붉은고추,2018-12-26,평균,48000
붉은고추,2018-12-26,평년,81600
붉은고추,2018-12-27,가락도매,48000
붉은고추,2018-12-27,평균,48000
붉은고추,2018-12-27,평년,80683
붉은고추,2018-12-28,가락도매,48000
붉은고추,2018-12-28,평균,48000
붉은고추,2018-12-28,평년,79383
붉은고추,2018-12-31,가락도매,48000
붉은고추,2018-12-31,평균,48000
붉은고추,2018-12-31,평년,81983
붉은고추,2019-01-02,가락도매,48000
붉은고추,2019-01-02,평균,48000
붉은고추,2019-01-02,평년,82667
붉은고추,2019-01-03,가락도매,51000
붉은고추,2019-01-03,평균,51000
붉은고추,2019-01-03,평년,80667
붉은고추,2019-01-04,가락도매,53000
붉은고추,2019-01-04,평균,53000
붉은고추,2019-01-04,평년,78333
붉은고추,2019-01-07,가락도매,50000
붉은고추,2019-01-07,평균,50000
붉은고추,2019-01-07,평년,72083
붉은고추,2019-01-08,가락도매,50000
붉은고추,2019-01-08,평균,50000
붉은고추,2019-01-08,평년,71600
붉은고추,2019-01-09,가락도매,50000
붉은고추,2019-01-09,평균,50000
붉은고추,2019-01-09,평년,70133
붉은고추,2019-01-10,가락도매,50000
붉은고추,2019-01-10,평균,50000
붉은고추,2019-01-10,평년,68800
붉은고추,2019-01-11,가락도매,50000
붉은고추,2019-01-11,평균,50000
붉은고추,2019-01-11,평년,66467
붉은고추,2019-01-14,가락도매,50000
붉은고추,2019-01-14,평균,50000
붉은고추,2019-01-14,평년,66350
붉은고추,2019-01-15,가락도매,52000
붉은고추,2019-01-15,평균,52000
붉은고추,2019-01-15,평년,67150
붉은고추,2019-01-16,가락도매,52000
붉은고추,2019-01-16,평균,52000
붉은고추,2019-01-16,평년,67517
붉은고추,2019-01-17,가락도매,60000
붉은고추,2019-01-17,평균,60000
붉은고추,2019-01-17,평년,68317
붉은고추,2019-01-18,가락도매,60000
붉은고추,2019-01-18,평균,60000
붉은고추,2019-01-18,평년,68950
붉은고추,2019-01-21,가락도매,60000
붉은고추,2019-01-21,평균,60000
붉은고추,2019-01-21,평년,75600
붉은고추,2019-01-22,가락도매,64000
붉은고추,2019-01-22,평균,64000
붉은고추,2019-01-22,평년,78400
붉은고추,2019-01-23,가락도매,70000
붉은고추,2019-01-23,평균,70000
붉은고추,2019-01-23,평년,79617
붉은고추,2019-01-24,가락도매,68000
붉은고추,2019-01-24,평균,68000
붉은고추,2019-01-24,평년,80283
붉은고추,2019-01-25,가락도매,68000
붉은고추,2019-01-25,평균,68000
붉은고추,2019-01-25,평년,80367
붉은고추,2019-01-28,가락도매,60000
붉은고추,2019-01-28,평균,60000
붉은고추,2019-01-28,평년,84733
붉은고추,2019-01-29,가락도매,68000
붉은고추,2019-01-29,평균,68000
붉은고추,2019-01-29,평년,85933
붉은고추,2019-01-30,가락도매,65000
붉은고추,2019-01-30,평균,65000
붉은고추,2019-01-30,평년,86667
붉은고추,2019-01-31,가락도매,70000
붉은고추,2019-01-31,평균,70000
붉은고추,2019-01-31,평년,86333
붉은고추,2019-02-01,가락도매,80000
붉은고추,2019-02-01,평균,80000
붉은고추,2019-02-01,평년,87083
붉은고추,2019-02-07,가락도매,80000
붉은고추,2019-02-07,평균,80000
붉은고추,2019-02-07,평년,79333
붉은고추,2019-02-08,가락도매,85000
붉은고추,2019-02-08,평균,85000
붉은고추,2019-02-08,평년,76500
붉은고추,2019-02-11,가락도매,65000
붉은고추,2019-02-11,평균,65000
붉은고추,2019-02-11,평년,73217
붉은고추,2019-02-12,가락도매,58000
붉은고추,2019-02-12,평균,58000
붉은고추,2019-02-12,평년,70883
붉은고추,2019-02-13,가락도매,55000
붉은고추,2019-02-13,평균,55000
붉은고추,2019-02-13,평년,70467
붉은고추,2019-02-14,가락도매,55000
붉은고추,2019-02-14,평균,55000
붉은고추,2019-02-14,평년,69800
붉은고추,2019-02-15,가락도매,55000
붉은고추,2019-02-15,평균,55000
붉은고추,2019-02-15,평년,66600
붉은고추,2019-02-18,가락도매,63000
붉은고추,2019-02-18,평균,63000
붉은고추,2019-02-18,평년,54833
붉은고추,2019-02-19,가락도매,63000
붉은고추,2019-02-19,평균,63000
붉은고추,2019-02-19,평년,54167
붉은고추,2019-02-20,가락도매,63000
붉은고추,2019-02-20,평균,63000
붉은고추,2019-02-20,평년,53850
붉은고추,2019-02-21,가락도매,65000
붉은고추,2019-02-21,평균,65000
붉은고추,2019-02-21,평년,53250
붉은고추,2019-02-22,가락도매,68000
붉은고추,2019-02-22,평균,68000
붉은고추,2019-02-22,평년,52933
붉은고추,2019-02-25,가락도매,68000
붉은고추,2019-02-25,평균,68000
붉은고추,2019-02-25,평년,51133
붉은고추,2019-02-26,가락도매,70000
붉은고추,2019-02-26,평균,70000
붉은고추,2019-02-26,평년,51400
붉은고추,2019-02-27,가락도매,70000
붉은고추,2019-02-27,평균,70000
붉은고추,2019-02-27,평년,53100
붉은고추,2019-02-28,가락도매,70000
붉은고추,2019-02-28,평균,70000
붉은고추,2019-02-28,평년,58033
붉은고추,2019-03-04,가락도매,78000
붉은고추,2019-03-04,평균,78000
붉은고추,2019-03-04,평년,79083
붉은고추,2019-03-05,가락도매,84000
붉은고추,2019-03-05,평균,84000
붉은고추,2019-03-05,평년,82333
붉은고추,2019-03-06,가락도매,88000
붉은고추,2019-03-06,평균,88000
붉은고추,2019-03-06,평년,84133
붉은고추,2019-03-07,가락도매,90000
붉은고추,2019-03-07,평균,90000
붉은고추,2019-03-07,평년,86433
붉은고추,2019-03-08,가락도매,90000
붉은고추,2019-03-08,평균,90000
붉은고추,2019-03-08,평년,87767
붉은고추,2019-03-11,가락도매,85000
붉은고추,2019-03-11,평균,85000
붉은고추,2019-03-11,평년,87450
붉은고추,2019-03-12,가락도매,78000
붉은고추,2019-03-12,평균,78000
붉은고추,2019-03-12,평년,87033
붉은고추,2019-03-13,가락도매,80000
붉은고추,2019-03-13,평균,80000
붉은고추,2019-03-13,평년,87650
붉은고추,2019-03-14,가락도매,82000
붉은고추,2019-03-14,평균,82000
붉은고추,2019-03-14,평년,88750
붉은고추,2019-03-15,가락도매,80000
붉은고추,2019-03-15,평균,80000
붉은고추,2019-03-15,평년,88883
붉은고추,2019-03-18,가락도매,73000
붉은고추,2019-03-18,평균,73000
붉은고추,2019-03-18,평년,89683
붉은고추,2019-03-19,가락도매,70000
붉은고추,2019-03-19,평균,70000
붉은고추,2019-03-19,평년,92200
붉은고추,2019-03-20,가락도매,67000
붉은고추,2019-03-20,평균,67000
붉은고추,2019-03-20,평년,95400
붉은고추,2019-03-21,가락도매,67000
붉은고추,2019-03-21,평균,67000
붉은고추,2019-03-21,평년,97867
붉은고추,2019-03-22,가락도매,67000
붉은고추,2019-03-22,평균,67000
붉은고추,2019-03-22,평년,97700
붉은고추,2019-03-25,가락도매,67000
붉은고추,2019-03-25,평균,67000
붉은고추,2019-03-25,평년,102117
붉은고추,2019-03-26,가락도매,70000
붉은고추,2019-03-26,평균,70000
붉은고추,2019-03-26,평년,104517
붉은고추,2019-03-27,가락도매,85000
붉은고추,2019-03-27,평균,85000
붉은고추,2019-03-27,평년,107400
붉은고추,2019-03-28,가락도매,90000
붉은고추,2019-03-28,평균,90000
붉은고추,2019-03-28,평년,109617
붉은고추,2019-03-29,가락도매,80000
붉은고추,2019-03-29,평균,80000
붉은고추,2019-03-29,평년,110017
붉은고추,2019-04-01,가락도매,65000
붉은고추,2019-04-01,평균,65000
붉은고추,2019-04-01,평년,121133
붉은고추,2019-04-02,가락도매,68000
붉은고추,2019-04-02,평균,68000
붉은고추,2019-04-02,평년,123900
붉은고추,2019-04-03,가락도매,70000
붉은고추,2019-04-03,평균,70000
붉은고추,2019-04-03,평년,125233
붉은고추,2019-04-04,가락도매,75000
붉은고추,2019-04-04,평균,75000
붉은고추,2019-04-04,평년,129033
붉은고추,2019-04-05,가락도매,70000
붉은고추,2019-04-05,평균,70000
붉은고추,2019-04-05,평년,131633
붉은고추,2019-04-08,가락도매,68000
붉은고추,2019-04-08,평균,68000
붉은고추,2019-04-08,평년,131800
붉은고추,2019-04-09,가락도매,66000
붉은고추,2019-04-09,평균,66000
붉은고추,2019-04-09,평년,133733
붉은고추,2019-04-10,가락도매,68000
붉은고추,2019-04-10,평균,68000
붉은고추,2019-04-10,평년,135533
붉은고추,2019-04-11,가락도매,65000
붉은고추,2019-04-11,평균,65000
붉은고추,2019-04-11,평년,135750
붉은고추,2019-04-12,가락도매,65000
붉은고추,2019-04-12,평균,65000
붉은고추,2019-04-12,평년,135750
붉은고추,2019-04-15,가락도매,60000
붉은고추,2019-04-15,평균,60000
붉은고추,2019-04-15,평년,137550
붉은고추,2019-04-16,가락도매,63000
붉은고추,2019-04-16,평균,63000
붉은고추,2019-04-16,평년,137967
붉은고추,2019-04-17,가락도매,65000
붉은고추,2019-04-17,평균,65000
붉은고추,2019-04-17,평년,135467
붉은고추,2019-04-18,가락도매,67000
붉은고추,2019-04-18,평균,67000
붉은고추,2019-04-18,평년,131083
붉은고추,2019-04-19,가락도매,67000
붉은고추,2019-04-19,평균,67000
붉은고추,2019-04-19,평년,126083
붉은고추,2019-04-22,가락도매,68000
붉은고추,2019-04-22,평균,68000
붉은고추,2019-04-22,평년,106800
붉은고추,2019-04-23,가락도매,68000
붉은고추,2019-04-23,평균,68000
붉은고추,2019-04-23,평년,101500
붉은고추,2019-04-24,가락도매,65000
붉은고추,2019-04-24,평균,65000
붉은고추,2019-04-24,평년,94600
붉은고추,2019-04-25,가락도매,65000
붉은고추,2019-04-25,평균,65000
붉은고추,2019-04-25,평년,91400
붉은고추,2019-04-26,가락도매,65000
붉은고추,2019-04-26,평균,65000
붉은고추,2019-04-26,평년,87600
붉은고추,2019-04-29,가락도매,65000
붉은고추,2019-04-29,평균,65000
붉은고추,2019-04-29,평년,73850
붉은고추,2019-04-30,가락도매,60000
붉은고추,2019-04-30,평균,60000
붉은고추,2019-04-30,평년,67183
붉은고추,2019-05-02,가락도매,56000
붉은고추,2019-05-02,평균,56000
붉은고추,2019-05-02,평년,62450
붉은고추,2019-05-03,가락도매,58000
붉은고추,2019-05-03,평균,58000
붉은고추,2019-05-03,평년,60917
붉은고추,2019-05-07,가락도매,60000
붉은고추,2019-05-07,평균,60000
붉은고추,2019-05-07,평년,55417
붉은고추,2019-05-08,가락도매,64000
붉은고추,2019-05-08,평균,64000
붉은고추,2019-05-08,평년,52350
붉은고추,2019-05-09,가락도매,60000
붉은고추,2019-05-09,평균,60000
붉은고추,2019-05-09,평년,51667
붉은고추,2019-05-10,가락도매,60000
붉은고추,2019-05-10,평균,60000
붉은고추,2019-05-10,평년,52383
붉은고추,2019-05-13,가락도매,55000
붉은고추,2019-05-13,평균,55000
붉은고추,2019-05-13,평년,49533
붉은고추,2019-05-14,가락도매,50000
붉은고추,2019-05-14,평균,50000
붉은고추,2019-05-14,평년,47750
붉은고추,2019-05-15,가락도매,50000
붉은고추,2019-05-15,평균,50000
붉은고추,2019-05-15,평년,46417
붉은고추,2019-05-16,가락도매,50000
붉은고추,2019-05-16,평균,50000
붉은고추,2019-05-16,평년,45300
붉은고추,2019-05-17,가락도매,46000
붉은고추,2019-05-17,평균,46000
붉은고추,2019-05-17,평년,44767
붉은고추,2019-05-20,가락도매,43000
붉은고추,2019-05-20,평균,43000
붉은고추,2019-05-20,평년,47767
붉은고추,2019-05-21,가락도매,40000
붉은고추,2019-05-21,평균,40000
붉은고추,2019-05-21,평년,48433
붉은고추,2019-05-22,가락도매,37000
붉은고추,2019-05-22,평균,37000
붉은고추,2019-05-22,평년,49983
붉은고추,2019-05-23,가락도매,37000
붉은고추,2019-05-23,평균,37000
붉은고추,2019-05-23,평년,50467
붉은고추,2019-05-24,가락도매,37000
붉은고추,2019-05-24,평균,37000
붉은고추,2019-05-24,평년,49533
붉은고추,2019-05-27,가락도매,40000
붉은고추,2019-05-27,평균,40000
붉은고추,2019-05-27,평년,53267
붉은고추,2019-05-28,가락도매,43000
붉은고추,2019-05-28,평균,43000
붉은고추,2019-05-28,평년,57367
붉은고추,2019-05-29,가락도매,48000
붉은고추,2019-05-29,평균,48000
붉은고추,2019-05-29,평년,58833
붉은고추,2019-05-30,가락도매,53000
붉은고추,2019-05-30,평균,53000
붉은고추,2019-05-30,평년,57867
붉은고추,2019-05-31,가락도매,50000
붉은고추,2019-05-31,평균,50000
붉은고추,2019-05-31,평년,56433
붉은고추,2019-06-03,가락도매,53000
붉은고추,2019-06-03,평균,53000
붉은고추,2019-06-03,평년,57867
붉은고추,2019-06-04,가락도매,53000
붉은고추,2019-06-04,평균,53000
붉은고추,2019-06-04,평년,60683
붉은고추,2019-06-05,가락도매,53000
붉은고추,2019-06-05,평균,53000
붉은고추,2019-06-05,평년,63467
붉은고추,2019-06-07,가락도매,60000
붉은고추,2019-06-07,평균,60000
붉은고추,2019-06-07,평년,66600
붉은고추,2019-06-10,가락도매,60000
붉은고추,2019-06-10,평균,60000
붉은고추,2019-06-10,평년,66350
붉은고추,2019-06-11,가락도매,60000
붉은고추,2019-06-11,평균,60000
붉은고추,2019-06-11,평년,63300
붉은고추,2019-06-12,가락도매,65000
붉은고추,2019-06-12,평균,65000
붉은고추,2019-06-12,평년,59767
붉은고추,2019-06-13,가락도매,67000
붉은고추,2019-06-13,평균,67000
붉은고추,2019-06-13,평년,56450
붉은고추,2019-06-14,가락도매,63000
붉은고추,2019-06-14,평균,63000
붉은고추,2019-06-14,평년,53983
붉은고추,2019-06-17,가락도매,68000
붉은고추,2019-06-17,평균,68000
붉은고추,2019-06-17,평년,50233
붉은고추,2019-06-18,가락도매,73000
붉은고추,2019-06-18,평균,73000
붉은고추,2019-06-18,평년,50100
붉은고추,2019-06-19,가락도매,78000
붉은고추,2019-06-19,평균,78000
붉은고추,2019-06-19,평년,50533
붉은고추,2019-06-20,가락도매,84000
붉은고추,2019-06-20,평균,84000
붉은고추,2019-06-20,평년,51367
붉은고추,2019-06-21,가락도매,88000
붉은고추,2019-06-21,평균,88000
붉은고추,2019-06-21,평년,51850
붉은고추,2019-06-24,가락도매,70000
붉은고추,2019-06-24,평균,70000
붉은고추,2019-06-24,평년,49500
붉은고추,2019-06-25,가락도매,63000
붉은고추,2019-06-25,평균,63000
붉은고추,2019-06-25,평년,50367
붉은고추,2019-06-26,가락도매,60000
붉은고추,2019-06-26,평균,60000
붉은고추,2019-06-26,평년,50467
붉은고추,2019-06-27,가락도매,60000
붉은고추,2019-06-27,평균,60000
붉은고추,2019-06-27,평년,51117
붉은고추,2019-06-28,가락도매,55000
붉은고추,2019-06-28,평균,55000
붉은고추,2019-06-28,평년,50967
붉은고추,2019-07-01,가락도매,50000
붉은고추,2019-07-01,평균,50000
붉은고추,2019-07-01,평년,51617
붉은고추,2019-07-02,가락도매,45000
붉은고추,2019-07-02,평균,45000
붉은고추,2019-07-02,평년,50617
붉은고추,2019-07-03,가락도매,40000
붉은고추,2019-07-03,평균,40000
붉은고추,2019-07-03,평년,49667
붉은고추,2019-07-04,가락도매,38000
붉은고추,2019-07-04,평균,38000
붉은고추,2019-07-04,평년,49267
붉은고추,2019-07-05,가락도매,38000
붉은고추,2019-07-05,평균,38000
붉은고추,2019-07-05,평년,49200
붉은고추,2019-07-08,가락도매,45000
붉은고추,2019-07-08,평균,45000
붉은고추,2019-07-08,평년,45833
붉은고추,2019-07-09,가락도매,55000
붉은고추,2019-07-09,평균,55000
붉은고추,2019-07-09,평년,45000
붉은고추,2019-07-10,가락도매,55000
붉은고추,2019-07-10,평균,55000
붉은고추,2019-07-10,평년,44300
붉은고추,2019-07-11,가락도매,60000
붉은고추,2019-07-11,평균,60000
붉은고추,2019-07-11,평년,44317
붉은고추,2019-07-12,가락도매,60000
붉은고추,2019-07-12,평균,60000
붉은고추,2019-07-12,평년,44383
붉은고추,2019-07-15,가락도매,48000
붉은고추,2019-07-15,평균,48000
붉은고추,2019-07-15,평년,43300
붉은고추,2019-07-16,가락도매,45000
붉은고추,2019-07-16,평균,45000
붉은고추,2019-07-16,평년,43933
붉은고추,2019-07-17,가락도매,45000
붉은고추,2019-07-17,평균,45000
붉은고추,2019-07-17,평년,44033
붉은고추,2019-07-18,가락도매,48000
붉은고추,2019-07-18,평균,48000
붉은고추,2019-07-18,평년,43367
붉은고추,2019-07-19,가락도매,53000
붉은고추,2019-07-19,평균,53000
붉은고추,2019-07-19,평년,42967
붉은고추,2019-07-22,가락도매,60000
붉은고추,2019-07-22,평균,60000
붉은고추,2019-07-22,평년,42383
붉은고추,2019-07-23,가락도매,65000
붉은고추,2019-07-23,평균,65000
붉은고추,2019-07-23,평년,41183
붉은고추,2019-07-24,가락도매,58000
붉은고추,2019-07-24,평균,58000
붉은고추,2019-07-24,평년,40933
붉은고추,2019-07-25,가락도매,45000
붉은고추,2019-07-25,평균,45000
붉은고추,2019-07-25,평년,41633
붉은고추,2019-07-26,가락도매,45000
붉은고추,2019-07-26,평균,45000
붉은고추,2019-07-26,평년,42767
붉은고추,2019-07-29,가락도매,40000
붉은고추,2019-07-29,평균,40000
붉은고추,2019-07-29,평년,41500
붉은고추,2019-07-30,가락도매,45000
붉은고추,2019-07-30,평균,45000
붉은고추,2019-07-30,평년,40600
붉은고추,2019-07-31,가락도매,41000
붉은고추,2019-07-31,평균,41000
붉은고추,2019-07-31,평년,39633
붉은고추,2019-08-01,가락도매,41000
붉은고추,2019-08-01,평균,41000
붉은고추,2019-08-01,평년,38700
붉은고추,2019-08-02,가락도매,46000
붉은고추,2019-08-02,평균,46000
붉은고추,2019-08-02,평년,37500
붉은고추,2019-08-05,가락도매,46000
붉은고추,2019-08-05,평균,46000
붉은고추,2019-08-05,평년,36400
붉은고추,2019-08-06,가락도매,50000
붉은고추,2019-08-06,평균,50000
붉은고추,2019-08-06,평년,36567
붉은고추,2019-08-07,가락도매,60000
붉은고추,2019-08-07,평균,60000
붉은고추,2019-08-07,평년,36233
붉은고추,2019-08-08,가락도매,60000
붉은고추,2019-08-08,평균,60000
붉은고추,2019-08-08,평년,36250
붉은고추,2019-08-09,가락도매,54000
붉은고추,2019-08-09,평균,54000
붉은고추,2019-08-09,평년,36117
붉은고추,2019-08-12,가락도매,50000
붉은고추,2019-08-12,평균,50000
붉은고추,2019-08-12,평년,34883
붉은고추,2019-08-13,가락도매,50000
붉은고추,2019-08-13,평균,50000
붉은고추,2019-08-13,평년,34583
붉은고추,2019-08-14,가락도매,44000
붉은고추,2019-08-14,평균,44000
붉은고추,2019-08-14,평년,34233
붉은고추,2019-08-16,가락도매,44000
붉은고추,2019-08-16,평균,44000
붉은고추,2019-08-16,평년,33600
붉은고추,2019-08-19,가락도매,48000
붉은고추,2019-08-19,평균,48000
붉은고추,2019-08-19,평년,32000
붉은고추,2019-08-20,가락도매,44000
붉은고추,2019-08-20,평균,44000
붉은고추,2019-08-20,평년,31467
붉은고추,2019-08-21,가락도매,40000
붉은고추,2019-08-21,평균,40000
붉은고추,2019-08-21,평년,30800
붉은고추,2019-08-22,가락도매,45000
붉은고추,2019-08-22,평균,45000
붉은고추,2019-08-22,평년,30867
붉은고추,2019-08-23,가락도매,40000
붉은고추,2019-08-23,평균,40000
붉은고추,2019-08-23,평년,30717
붉은고추,2019-08-26,가락도매,33000
붉은고추,2019-08-26,평균,33000
붉은고추,2019-08-26,평년,31267
붉은고추,2019-08-27,가락도매,35000
붉은고추,2019-08-27,평균,35000
붉은고추,2019-08-27,평년,31017
붉은고추,2019-08-28,가락도매,35000
붉은고추,2019-08-28,평균,35000
붉은고추,2019-08-28,평년,31550
붉은고추,2019-08-29,가락도매,32000
붉은고추,2019-08-29,평균,32000
붉은고추,2019-08-29,평년,32200
붉은고추,2019-08-30,가락도매,32000
붉은고추,2019-08-30,평균,32000
붉은고추,2019-08-30,평년,33933
붉은고추,2019-09-02,가락도매,35000
붉은고추,2019-09-02,평균,35000
붉은고추,2019-09-02,평년,36333
붉은고추,2019-09-03,가락도매,35000
붉은고추,2019-09-03,평균,35000
붉은고추,2019-09-03,평년,36933
붉은고추,2019-09-04,가락도매,35000
붉은고추,2019-09-04,평균,35000
붉은고추,2019-09-04,평년,37733
붉은고추,2019-09-05,가락도매,38000
붉은고추,2019-09-05,평균,38000
붉은고추,2019-09-05,평년,37800
붉은고추,2019-09-06,가락도매,40000
붉은고추,2019-09-06,평균,40000
붉은고추,2019-09-06,평년,38367
붉은고추,2019-09-09,가락도매,50000
붉은고추,2019-09-09,평균,50000
붉은고추,2019-09-09,평년,37917
붉은고추,2019-09-10,가락도매,50000
붉은고추,2019-09-10,평균,50000
붉은고추,2019-09-10,평년,38667
붉은고추,2019-09-11,가락도매,50000
붉은고추,2019-09-11,평균,50000
붉은고추,2019-09-11,평년,39033
붉은고추,2019-09-16,가락도매,45000
붉은고추,2019-09-16,평균,45000
붉은고추,2019-09-16,평년,45333
붉은고추,2019-09-17,가락도매,45000
붉은고추,2019-09-17,평균,45000
붉은고추,2019-09-17,평년,46633
붉은고추,2019-09-18,가락도매,40000
붉은고추,2019-09-18,평균,40000
붉은고추,2019-09-18,평년,46567
붉은고추,2019-09-19,가락도매,40000
붉은고추,2019-09-19,평균,40000
붉은고추,2019-09-19,평년,47467
붉은고추,2019-09-20,가락도매,40000
붉은고추,2019-09-20,평균,40000
붉은고추,2019-09-20,평년,49050
붉은고추,2019-09-23,가락도매,43000
붉은고추,2019-09-23,평균,43000
붉은고추,2019-09-23,평년,54383
붉은고추,2019-09-24,가락도매,46000
붉은고추,2019-09-24,평균,46000
붉은고추,2019-09-24,평년,56583
붉은고추,2019-09-25,가락도매,58000
붉은고추,2019-09-25,평균,58000
붉은고추,2019-09-25,평년,57917
붉은고추,2019-09-26,가락도매,53000
붉은고추,2019-09-26,평균,53000
붉은고추,2019-09-26,평년,58917
붉은고추,2019-09-27,가락도매,50000
붉은고추,2019-09-27,평균,50000
붉은고추,2019-09-27,평년,58250
붉은고추,2019-09-30,가락도매,55000
붉은고추,2019-09-30,평균,55000
붉은고추,2019-09-30,평년,58883
붉은고추,2019-10-01,가락도매,60000
붉은고추,2019-10-01,평균,60000
붉은고추,2019-10-01,평년,58600
붉은고추,2019-10-02,가락도매,80000
붉은고추,2019-10-02,평균,80000
붉은고추,2019-10-02,평년,57133
붉은고추,2019-10-04,가락도매,95000
붉은고추,2019-10-04,평균,95000
붉은고추,2019-10-04,평년,58783
붉은고추,2019-10-07,가락도매,80000
붉은고추,2019-10-07,평균,80000
붉은고추,2019-10-07,평년,68550
붉은고추,2019-10-08,가락도매,75000
붉은고추,2019-10-08,평균,75000
붉은고추,2019-10-08,평년,70783
붉은고추,2019-10-10,가락도매,80000
붉은고추,2019-10-10,평균,80000
붉은고추,2019-10-10,평년,73000
붉은고추,2019-10-11,가락도매,75000
붉은고추,2019-10-11,평균,75000
붉은고추,2019-10-11,평년,70900
붉은고추,2019-10-14,가락도매,75000
붉은고추,2019-10-14,평균,75000
붉은고추,2019-10-14,평년,65867
붉은고추,2019-10-15,가락도매,75000
붉은고추,2019-10-15,평균,75000
붉은고추,2019-10-15,평년,66133
붉은고추,2019-10-16,가락도매,75000
붉은고추,2019-10-16,평균,75000
붉은고추,2019-10-16,평년,67000
붉은고추,2019-10-17,가락도매,75000
붉은고추,2019-10-17,평균,75000
붉은고추,2019-10-17,평년,67533
붉은고추,2019-10-18,가락도매,80000
붉은고추,2019-10-18,평균,80000
붉은고추,2019-10-18,평년,68950
붉은고추,2019-10-21,가락도매,70000
붉은고추,2019-10-21,평균,70000
붉은고추,2019-10-21,평년,82450
붉은고추,2019-10-22,가락도매,70000
붉은고추,2019-10-22,평균,70000
붉은고추,2019-10-22,평년,84667
붉은고추,2019-10-23,가락도매,70000
붉은고추,2019-10-23,평균,70000
붉은고추,2019-10-23,평년,84883
붉은고추,2019-10-24,가락도매,70000
붉은고추,2019-10-24,평균,70000
붉은고추,2019-10-24,평년,86800
붉은고추,2019-10-25,가락도매,70000
붉은고추,2019-10-25,평균,70000
붉은고추,2019-10-25,평년,87633
붉은고추,2019-10-28,가락도매,65000
붉은고추,2019-10-28,평균,65000
붉은고추,2019-10-28,평년,84917
붉은고추,2019-10-29,가락도매,65000
붉은고추,2019-10-29,평균,65000
붉은고추,2019-10-29,평년,84583
붉은고추,2019-10-30,가락도매,70000
붉은고추,2019-10-30,평균,70000
붉은고추,2019-10-30,평년,85067
붉은고추,2019-10-31,가락도매,70000
붉은고추,2019-10-31,평균,70000
붉은고추,2019-10-31,평년,87067
붉은고추,2019-11-01,가락도매,66000
붉은고추,2019-11-01,평균,66000
붉은고추,2019-11-01,평년,90067
붉은고추,2019-11-04,가락도매,70000
붉은고추,2019-11-04,평균,70000
붉은고추,2019-11-04,평년,96717
붉은고추,2019-11-05,가락도매,75000
붉은고추,2019-11-05,평균,75000
붉은고추,2019-11-05,평년,96183
붉은고추,2019-11-06,가락도매,78000
붉은고추,2019-11-06,평균,78000
붉은고추,2019-11-06,평년,95800
붉은고추,2019-11-07,가락도매,78000
붉은고추,2019-11-07,평균,78000
붉은고추,2019-11-07,평년,95467
붉은고추,2019-11-08,가락도매,78000
붉은고추,2019-11-08,평균,78000
붉은고추,2019-11-08,평년,97300
붉은고추,2019-11-11,가락도매,73000
붉은고추,2019-11-11,평균,73000
붉은고추,2019-11-11,평년,95967
붉은고추,2019-11-12,가락도매,73000
붉은고추,2019-11-12,평균,73000
붉은고추,2019-11-12,평년,95667
붉은고추,2019-11-13,가락도매,73000
붉은고추,2019-11-13,평균,73000
붉은고추,2019-11-13,평년,92000
붉은고추,2019-11-14,가락도매,80000
붉은고추,2019-11-14,평균,80000
붉은고추,2019-11-14,평년,87600
붉은고추,2019-11-15,가락도매,80000
붉은고추,2019-11-15,평균,80000
붉은고추,2019-11-15,평년,81933
붉은고추,2019-11-18,가락도매,80000
붉은고추,2019-11-18,평균,80000
붉은고추,2019-11-18,평년,71267
붉은고추,2019-11-19,가락도매,80000
붉은고추,2019-11-19,평균,80000
붉은고추,2019-11-19,평년,69600
붉은고추,2019-11-20,가락도매,85000
붉은고추,2019-11-20,평균,85000
붉은고추,2019-11-20,평년,67067
붉은고추,2019-11-21,가락도매,85000
붉은고추,2019-11-21,평균,85000
붉은고추,2019-11-21,평년,65200
붉은고추,2019-11-22,가락도매,80000
붉은고추,2019-11-22,평균,80000
붉은고추,2019-11-22,평년,64783
붉은고추,2019-11-25,가락도매,83000
붉은고추,2019-11-25,평균,83000
붉은고추,2019-11-25,평년,67267
붉은고추,2019-11-26,가락도매,83000
붉은고추,2019-11-26,평균,83000
붉은고추,2019-11-26,평년,67933
붉은고추,2019-11-27,가락도매,83000
붉은고추,2019-11-27,평균,83000
붉은고추,2019-11-27,평년,69133
붉은고추,2019-11-28,가락도매,80000
붉은고추,2019-11-28,평균,80000
붉은고추,2019-11-28,평년,69933
붉은고추,2019-11-29,가락도매,77000
붉은고추,2019-11-29,평균,77000
붉은고추,2019-11-29,평년,70867
붉은고추,2019-12-02,가락도매,80000
붉은고추,2019-12-02,평균,80000
붉은고추,2019-12-02,평년,72450
붉은고추,2019-12-03,가락도매,80000
붉은고추,2019-12-03,평균,80000
붉은고추,2019-12-03,평년,73317
붉은고추,2019-12-04,가락도매,85000
붉은고추,2019-12-04,평균,85000
붉은고추,2019-12-04,평년,74733
붉은고추,2019-12-05,가락도매,85000
붉은고추,2019-12-05,평균,85000
붉은고추,2019-12-05,평년,76200
붉은고추,2019-12-09,가락도매,80000
붉은고추,2019-12-09,평균,80000
붉은고추,2019-12-09,평년,77833
붉은고추,2019-12-10,가락도매,75000
붉은고추,2019-12-10,평균,75000
붉은고추,2019-12-10,평년,77133
붉은고추,2019-12-11,가락도매,75000
붉은고추,2019-12-11,평균,75000
붉은고추,2019-12-11,평년,76000
붉은고추,2019-12-12,가락도매,80000
붉은고추,2019-12-12,평균,80000
붉은고추,2019-12-12,평년,74400
붉은고추,2019-12-13,가락도매,75000
붉은고추,2019-12-13,평균,75000
붉은고추,2019-12-13,평년,74200
붉은고추,2019-12-16,가락도매,70000
붉은고추,2019-12-16,평균,70000
붉은고추,2019-12-16,평년,74050
붉은고추,2019-12-17,가락도매,70000
붉은고추,2019-12-17,평균,70000
붉은고추,2019-12-17,평년,74733
붉은고추,2019-12-18,가락도매,70000
붉은고추,2019-12-18,평균,70000
붉은고추,2019-12-18,평년,75267
붉은고추,2019-12-19,가락도매,65000
붉은고추,2019-12-19,평균,65000
붉은고추,2019-12-19,평년,76067
붉은고추,2019-12-20,가락도매,60000
붉은고추,2019-12-20,평균,60000
붉은고추,2019-12-20,평년,76533
붉은고추,2019-12-23,가락도매,65000
붉은고추,2019-12-23,평균,65000
붉은고추,2019-12-23,평년,75200
붉은고추,2019-12-24,가락도매,70000
붉은고추,2019-12-24,평균,70000
붉은고추,2019-12-24,평년,76033
붉은고추,2019-12-26,가락도매,65000
붉은고추,2019-12-26,평균,65000
붉은고추,2019-12-26,평년,76400
붉은고추,2019-12-27,가락도매,65000
붉은고추,2019-12-27,평균,65000
붉은고추,2019-12-27,평년,75817
붉은고추,2019-12-30,가락도매,65000
붉은고추,2019-12-30,평균,65000
붉은고추,2019-12-30,평년,75983
붉은고추,2019-12-31,가락도매,65000
붉은고추,2019-12-31,평균,65000
붉은고추,2019-12-31,평년,77850
붉은고추,2020-01-02,가락도매,65000
붉은고추,2020-01-02,평균,65000
붉은고추,2020-01-02,평년,79200
붉은고추,2020-01-03,가락도매,58000
붉은고추,2020-01-03,평균,58000
붉은고추,2020-01-03,평년,77333
붉은고추,2020-01-06,가락도매,57000
붉은고추,2020-01-06,평균,57000
붉은고추,2020-01-06,평년,68950
붉은고추,2020-01-07,가락도매,55000
붉은고추,2020-01-07,평균,55000
붉은고추,2020-01-07,평년,69017
붉은고추,2020-01-08,가락도매,50000
붉은고추,2020-01-08,평균,50000
붉은고추,2020-01-08,평년,68467
붉은고추,2020-01-09,가락도매,50000
붉은고추,2020-01-09,평균,50000
붉은고추,2020-01-09,평년,66800
붉은고추,2020-01-10,가락도매,50000
붉은고추,2020-01-10,평균,50000
붉은고추,2020-01-10,평년,65467
붉은고추,2020-01-13,가락도매,57000
붉은고추,2020-01-13,평균,57000
붉은고추,2020-01-13,평년,63100
붉은고추,2020-01-14,가락도매,63000
붉은고추,2020-01-14,평균,63000
붉은고추,2020-01-14,평년,63283
붉은고추,2020-01-15,가락도매,65000
붉은고추,2020-01-15,평균,65000
붉은고추,2020-01-15,평년,64417
붉은고추,2020-01-16,가락도매,62000
붉은고추,2020-01-16,평균,62000
붉은고추,2020-01-16,평년,65117
붉은고추,2020-01-17,가락도매,65000
붉은고추,2020-01-17,평균,65000
붉은고추,2020-01-17,평년,65583
붉은고추,2020-01-20,가락도매,72000
붉은고추,2020-01-20,평균,72000
붉은고추,2020-01-20,평년,68267
붉은고추,2020-01-21,가락도매,85000
붉은고추,2020-01-21,평균,85000
붉은고추,2020-01-21,평년,70200
붉은고추,2020-01-22,가락도매,85000
붉은고추,2020-01-22,평균,85000
붉은고추,2020-01-22,평년,71867
붉은고추,2020-01-23,가락도매,85000
붉은고추,2020-01-23,평균,85000
붉은고추,2020-01-23,평년,72283
붉은고추,2020-01-28,가락도매,70000
붉은고추,2020-01-28,평균,70000
붉은고추,2020-01-28,평년,77333
붉은고추,2020-01-29,가락도매,70000
붉은고추,2020-01-29,평균,70000
붉은고추,2020-01-29,평년,79333
붉은고추,2020-01-30,가락도매,67000
붉은고추,2020-01-30,평균,67000
붉은고추,2020-01-30,평년,80783
붉은고추,2020-01-31,가락도매,58000
붉은고추,2020-01-31,평균,58000
붉은고추,2020-01-31,평년,81783
붉은고추,2020-02-03,가락도매,53000
붉은고추,2020-02-03,평균,53000
붉은고추,2020-02-03,평년,84917
붉은고추,2020-02-04,가락도매,50000
붉은고추,2020-02-04,평균,50000
붉은고추,2020-02-04,평년,86467
붉은고추,2020-02-05,가락도매,47000
붉은고추,2020-02-05,평균,47000
붉은고추,2020-02-05,평년,88467
붉은고추,2020-02-06,가락도매,45000
붉은고추,2020-02-06,평균,45000
붉은고추,2020-02-06,평년,88583
붉은고추,2020-02-07,가락도매,48000
붉은고추,2020-02-07,평균,48000
붉은고추,2020-02-07,평년,86000
붉은고추,2020-02-10,가락도매,54000
붉은고추,2020-02-10,평균,54000
붉은고추,2020-02-10,평년,81800
붉은고추,2020-02-11,가락도매,54000
붉은고추,2020-02-11,평균,54000
붉은고추,2020-02-11,평년,79417
붉은고추,2020-02-12,가락도매,53000
붉은고추,2020-02-12,평균,53000
붉은고추,2020-02-12,평년,75417
붉은고추,2020-02-13,가락도매,62000
붉은고추,2020-02-13,평균,62000
붉은고추,2020-02-13,평년,73000
붉은고추,2020-02-14,가락도매,68000
붉은고추,2020-02-14,평균,68000
붉은고추,2020-02-14,평년,72200
붉은고추,2020-02-17,가락도매,61000
붉은고추,2020-02-17,평균,61000
붉은고추,2020-02-17,평년,60600
붉은고추,2020-02-18,가락도매,61000
붉은고추,2020-02-18,평균,61000
붉은고추,2020-02-18,평년,58100
붉은고추,2020-02-19,가락도매,65000
붉은고추,2020-02-19,평균,65000
붉은고추,2020-02-19,평년,58100
붉은고추,2020-02-20,가락도매,69000
붉은고추,2020-02-20,평균,69000
붉은고추,2020-02-20,평년,58650
붉은고추,2020-02-21,가락도매,69000
붉은고추,2020-02-21,평균,69000
붉은고추,2020-02-21,평년,58383
붉은고추,2020-02-24,가락도매,73000
붉은고추,2020-02-24,평균,73000
붉은고추,2020-02-24,평년,57383
붉은고추,2020-02-25,가락도매,77000
붉은고추,2020-02-25,평균,77000
붉은고추,2020-02-25,평년,57200
붉은고추,2020-02-26,가락도매,79000
붉은고추,2020-02-26,평균,79000
붉은고추,2020-02-26,평년,57800
붉은고추,2020-02-27,가락도매,85000
붉은고추,2020-02-27,평균,85000
붉은고추,2020-02-27,평년,59833
붉은고추,2020-02-28,가락도매,80000
붉은고추,2020-02-28,평균,80000
붉은고추,2020-02-28,평년,63667
붉은고추,2020-03-02,가락도매,82000
붉은고추,2020-03-02,평균,82000
붉은고추,2020-03-02,평년,71767
붉은고추,2020-03-03,가락도매,87000
붉은고추,2020-03-03,평균,87000
붉은고추,2020-03-03,평년,77033
붉은고추,2020-03-04,가락도매,82000
붉은고추,2020-03-04,평균,82000
붉은고추,2020-03-04,평년,82167
붉은고추,2020-03-05,가락도매,81000
붉은고추,2020-03-05,평균,81000
붉은고추,2020-03-05,평년,85333
붉은고추,2020-03-06,가락도매,85000
붉은고추,2020-03-06,평균,85000
붉은고추,2020-03-06,평년,85800
붉은고추,2020-03-09,가락도매,128000
붉은고추,2020-03-09,평균,128000
붉은고추,2020-03-09,평년,88183
붉은고추,2020-03-10,가락도매,130000
붉은고추,2020-03-10,평균,130000
붉은고추,2020-03-10,평년,88450
붉은고추,2020-03-11,가락도매,135000
붉은고추,2020-03-11,평균,135000
붉은고추,2020-03-11,평년,88917
붉은고추,2020-03-12,가락도매,125000
붉은고추,2020-03-12,평균,125000
붉은고추,2020-03-12,평년,88500
붉은고추,2020-03-13,가락도매,131000
붉은고추,2020-03-13,평균,131000
붉은고추,2020-03-13,평년,88183
붉은고추,2020-03-16,가락도매,131000
붉은고추,2020-03-16,평균,131000
붉은고추,2020-03-16,평년,88200
붉은고추,2020-03-17,가락도매,122000
붉은고추,2020-03-17,평균,122000
붉은고추,2020-03-17,평년,88533
붉은고추,2020-03-18,가락도매,120000
붉은고추,2020-03-18,평균,120000
붉은고추,2020-03-18,평년,89683
붉은고추,2020-03-19,가락도매,122000
붉은고추,2020-03-19,평균,122000
붉은고추,2020-03-19,평년,92200
붉은고추,2020-03-20,가락도매,129000
붉은고추,2020-03-20,평균,129000
붉은고추,2020-03-20,평년,94317
붉은고추,2020-03-23,가락도매,133000
붉은고추,2020-03-23,평균,133000
붉은고추,2020-03-23,평년,92667
붉은고추,2020-03-24,가락도매,133000
붉은고추,2020-03-24,평균,133000
붉은고추,2020-03-24,평년,93933
붉은고추,2020-03-25,가락도매,133000
붉은고추,2020-03-25,평균,133000
붉은고추,2020-03-25,평년,94317
붉은고추,2020-03-26,가락도매,116000
붉은고추,2020-03-26,평균,116000
붉은고추,2020-03-26,평년,95117
붉은고추,2020-03-27,가락도매,119000
붉은고추,2020-03-27,평균,119000
붉은고추,2020-03-27,평년,97533
붉은고추,2020-03-30,가락도매,112000
붉은고추,2020-03-30,평균,112000
붉은고추,2020-03-30,평년,102133
붉은고추,2020-03-31,가락도매,107000
붉은고추,2020-03-31,평균,107000
붉은고추,2020-03-31,평년,106000
붉은고추,2020-04-01,가락도매,96000
붉은고추,2020-04-01,평균,96000
붉은고추,2020-04-01,평년,110050
붉은고추,2020-04-02,가락도매,98000
붉은고추,2020-04-02,평균,98000
붉은고추,2020-04-02,평년,111483
붉은고추,2020-04-03,가락도매,109000
붉은고추,2020-04-03,평균,109000
붉은고추,2020-04-03,평년,112500
붉은고추,2020-04-06,가락도매,163000
붉은고추,2020-04-06,평균,163000
붉은고추,2020-04-06,평년,113933
붉은고추,2020-04-07,가락도매,163000
붉은고추,2020-04-07,평균,163000
붉은고추,2020-04-07,평년,111800
붉은고추,2020-04-08,가락도매,158000
붉은고추,2020-04-08,평균,158000
붉은고추,2020-04-08,평년,111867
붉은고추,2020-04-09,가락도매,140000
붉은고추,2020-04-09,평균,140000
붉은고추,2020-04-09,평년,109417
붉은고추,2020-04-10,가락도매,124000
붉은고추,2020-04-10,평균,124000
붉은고추,2020-04-10,평년,106417
붉은고추,2020-04-13,가락도매,119000
붉은고추,2020-04-13,평균,119000
붉은고추,2020-04-13,평년,103750
붉은고추,2020-04-14,가락도매,118000
붉은고추,2020-04-14,평균,118000
붉은고추,2020-04-14,평년,104117
붉은고추,2020-04-16,가락도매,109000
붉은고추,2020-04-16,평균,109000
붉은고추,2020-04-16,평년,101833
붉은고추,2020-04-17,가락도매,109000
붉은고추,2020-04-17,평균,109000
붉은고추,2020-04-17,평년,101667
붉은고추,2020-04-20,가락도매,92000
붉은고추,2020-04-20,평균,92000
붉은고추,2020-04-20,평년,85500
붉은고추,2020-04-21,가락도매,78000
붉은고추,2020-04-21,평균,78000
붉은고추,2020-04-21,평년,80667
붉은고추,2020-04-22,가락도매,70000
붉은고추,2020-04-22,평균,70000
붉은고추,2020-04-22,평년,79000
붉은고추,2020-04-23,가락도매,67000
붉은고추,2020-04-23,평균,67000
붉은고추,2020-04-23,평년,79033
붉은고추,2020-04-24,가락도매,61000
붉은고추,2020-04-24,평균,61000
붉은고추,2020-04-24,평년,76600
붉은고추,2020-04-27,가락도매,63000
붉은고추,2020-04-27,평균,63000
붉은고추,2020-04-27,평년,72383
붉은고추,2020-04-28,가락도매,64000
붉은고추,2020-04-28,평균,64000
붉은고추,2020-04-28,평년,70050
붉은고추,2020-04-29,가락도매,65000
붉은고추,2020-04-29,평균,65000
붉은고추,2020-04-29,평년,68250
붉은고추,2020-05-04,가락도매,60000
붉은고추,2020-05-04,평균,60000
붉은고추,2020-05-04,평년,60100
붉은고추,2020-05-06,가락도매,50000
붉은고추,2020-05-06,평균,50000
붉은고추,2020-05-06,평년,57450
붉은고추,2020-05-07,가락도매,44000
붉은고추,2020-05-07,평균,44000
붉은고추,2020-05-07,평년,56550
붉은고추,2020-05-08,가락도매,38000
붉은고추,2020-05-08,평균,38000
붉은고추,2020-05-08,평년,54750
붉은고추,2020-05-11,가락도매,41000
붉은고추,2020-05-11,평균,41000
붉은고추,2020-05-11,평년,54217
붉은고추,2020-05-12,가락도매,43000
붉은고추,2020-05-12,평균,43000
붉은고추,2020-05-12,평년,53150
붉은고추,2020-05-13,가락도매,39000
붉은고추,2020-05-13,평균,39000
붉은고추,2020-05-13,평년,51333
붉은고추,2020-05-14,가락도매,41000
붉은고추,2020-05-14,평균,41000
붉은고추,2020-05-14,평년,49150
붉은고추,2020-05-15,가락도매,40000
붉은고추,2020-05-15,평균,40000
붉은고추,2020-05-15,평년,47550
붉은고추,2020-05-18,가락도매,40000
붉은고추,2020-05-18,평균,40000
붉은고추,2020-05-18,평년,47383
붉은고추,2020-05-19,가락도매,38000
붉은고추,2020-05-19,평균,38000
붉은고추,2020-05-19,평년,48883
붉은고추,2020-05-20,가락도매,39000
붉은고추,2020-05-20,평균,39000
붉은고추,2020-05-20,평년,48167
붉은고추,2020-05-21,가락도매,40000
붉은고추,2020-05-21,평균,40000
붉은고추,2020-05-21,평년,48433
붉은고추,2020-05-22,가락도매,40000
붉은고추,2020-05-22,평균,40000
붉은고추,2020-05-22,평년,49983
붉은고추,2020-05-25,가락도매,43000
붉은고추,2020-05-25,평균,43000
붉은고추,2020-05-25,평년,49267
붉은고추,2020-05-26,가락도매,52000
붉은고추,2020-05-26,평균,52000
붉은고추,2020-05-26,평년,51067
붉은고추,2020-05-27,가락도매,67000
붉은고추,2020-05-27,평균,67000
붉은고추,2020-05-27,평년,53267
붉은고추,2020-05-28,가락도매,68000
붉은고추,2020-05-28,평균,68000
붉은고추,2020-05-28,평년,57367
붉은고추,2020-05-29,가락도매,72000
붉은고추,2020-05-29,평균,72000
붉은고추,2020-05-29,평년,59600
붉은고추,2020-06-01,가락도매,73000
붉은고추,2020-06-01,평균,73000
붉은고추,2020-06-01,평년,58350
붉은고추,2020-06-02,가락도매,66000
붉은고추,2020-06-02,평균,66000
붉은고추,2020-06-02,평년,58000
붉은고추,2020-06-03,가락도매,66000
붉은고추,2020-06-03,평균,66000
붉은고추,2020-06-03,평년,58750
붉은고추,2020-06-04,가락도매,57000
붉은고추,2020-06-04,평균,57000
붉은고추,2020-06-04,평년,60683
붉은고추,2020-06-05,가락도매,54000
붉은고추,2020-06-05,평균,54000
붉은고추,2020-06-05,평년,63733
붉은고추,2020-06-08,가락도매,50000
붉은고추,2020-06-08,평균,50000
붉은고추,2020-06-08,평년,68200
붉은고추,2020-06-09,가락도매,48000
붉은고추,2020-06-09,평균,48000
붉은고추,2020-06-09,평년,68233
붉은고추,2020-06-10,가락도매,50000
붉은고추,2020-06-10,평균,50000
붉은고추,2020-06-10,평년,68283
붉은고추,2020-06-11,가락도매,64000
붉은고추,2020-06-11,평균,64000
붉은고추,2020-06-11,평년,67267
붉은고추,2020-06-12,가락도매,67000
붉은고추,2020-06-12,평균,67000
붉은고추,2020-06-12,평년,63933
붉은고추,2020-06-15,가락도매,80000
붉은고추,2020-06-15,평균,80000
붉은고추,2020-06-15,평년,58333
붉은고추,2020-06-16,가락도매,72000
붉은고추,2020-06-16,평균,72000
붉은고추,2020-06-16,평년,56450
붉은고추,2020-06-17,가락도매,65000
붉은고추,2020-06-17,평균,65000
붉은고추,2020-06-17,평년,55683
붉은고추,2020-06-18,가락도매,58000
붉은고추,2020-06-18,평균,58000
붉은고추,2020-06-18,평년,54833
붉은고추,2020-06-19,가락도매,52600
붉은고추,2020-06-19,평균,52600
붉은고추,2020-06-19,평년,54733
붉은고추,2020-06-22,가락도매,51300
붉은고추,2020-06-22,평균,51300
붉은고추,2020-06-22,평년,55067
붉은고추,2020-06-23,가락도매,47000
붉은고추,2020-06-23,평균,47000
붉은고추,2020-06-23,평년,55033
붉은고추,2020-06-24,가락도매,47000
붉은고추,2020-06-24,평균,47000
붉은고추,2020-06-24,평년,55733
붉은고추,2020-06-25,가락도매,47000
붉은고추,2020-06-25,평균,47000
붉은고추,2020-06-25,평년,56767
붉은고추,2020-06-26,가락도매,49300
붉은고추,2020-06-26,평균,49300
붉은고추,2020-06-26,평년,55867
붉은고추,2020-06-29,가락도매,50000
붉은고추,2020-06-29,평균,50000
붉은고추,2020-06-29,평년,54367
붉은고추,2020-06-30,가락도매,45000
붉은고추,2020-06-30,평균,45000
붉은고추,2020-06-30,평년,55650
붉은고추,2020-07-01,가락도매,44300
붉은고추,2020-07-01,평균,44300
붉은고추,2020-07-01,평년,54217
붉은고추,2020-07-02,가락도매,47600
붉은고추,2020-07-02,평균,47600
붉은고추,2020-07-02,평년,51483
붉은고추,2020-07-03,가락도매,55000
붉은고추,2020-07-03,평균,55000
붉은고추,2020-07-03,평년,49667
붉은고추,2020-07-06,가락도매,74000
붉은고추,2020-07-06,평균,74000
붉은고추,2020-07-06,평년,49000
붉은고추,2020-07-07,가락도매,67000
붉은고추,2020-07-07,평균,67000
붉은고추,2020-07-07,평년,47800
붉은고추,2020-07-08,가락도매,57000
붉은고추,2020-07-08,평균,57000
붉은고추,2020-07-08,평년,48100
붉은고추,2020-07-09,가락도매,51000
붉은고추,2020-07-09,평균,51000
붉은고추,2020-07-09,평년,49033
붉은고추,2020-07-10,가락도매,45000
붉은고추,2020-07-10,평균,45000
붉은고추,2020-07-10,평년,49800
붉은고추,2020-07-13,가락도매,44000
붉은고추,2020-07-13,평균,44000
붉은고추,2020-07-13,평년,48150
붉은고추,2020-07-14,가락도매,43000
붉은고추,2020-07-14,평균,43000
붉은고추,2020-07-14,평년,47817
붉은고추,2020-07-15,가락도매,50000
붉은고추,2020-07-15,평균,50000
붉은고추,2020-07-15,평년,47167
붉은고추,2020-07-16,가락도매,51000
붉은고추,2020-07-16,평균,51000
붉은고추,2020-07-16,평년,46067
붉은고추,2020-07-17,가락도매,48000
붉은고추,2020-07-17,평균,48000
붉은고추,2020-07-17,평년,45233
붉은고추,2020-07-20,가락도매,59000
붉은고추,2020-07-20,평균,59000
붉은고추,2020-07-20,평년,46900
붉은고추,2020-07-21,가락도매,54000
붉은고추,2020-07-21,평균,54000
붉은고추,2020-07-21,평년,47300
붉은고추,2020-07-22,가락도매,53000
붉은고추,2020-07-22,평균,53000
붉은고추,2020-07-22,평년,47783
붉은고추,2020-07-23,가락도매,46000
붉은고추,2020-07-23,평균,46000
붉은고추,2020-07-23,평년,47183
붉은고추,2020-07-24,가락도매,44300
붉은고추,2020-07-24,평균,44300
붉은고추,2020-07-24,평년,46733
붉은고추,2020-07-27,가락도매,55000
붉은고추,2020-07-27,평균,55000
붉은고추,2020-07-27,평년,44917
붉은고추,2020-07-28,가락도매,58600
붉은고추,2020-07-28,평균,58600
붉은고추,2020-07-28,평년,44317
붉은고추,2020-07-29,가락도매,59000
붉은고추,2020-07-29,평균,59000
붉은고추,2020-07-29,평년,44233
붉은고추,2020-07-30,가락도매,59300
붉은고추,2020-07-30,평균,59300
붉은고추,2020-07-30,평년,43800
붉은고추,2020-07-31,가락도매,63000
붉은고추,2020-07-31,평균,63000
붉은고추,2020-07-31,평년,43500
붉은고추,2020-08-03,가락도매,57000
붉은고추,2020-08-03,평균,57000
붉은고추,2020-08-03,평년,41250
붉은고추,2020-08-04,가락도매,61000
붉은고추,2020-08-04,평균,61000
붉은고추,2020-08-04,평년,41250
붉은고추,2020-08-05,가락도매,69000
붉은고추,2020-08-05,평균,69000
붉은고추,2020-08-05,평년,42200
붉은고추,2020-08-06,가락도매,69000
붉은고추,2020-08-06,평균,69000
붉은고추,2020-08-06,평년,43633
붉은고추,2020-08-07,가락도매,75000
붉은고추,2020-08-07,평균,75000
붉은고추,2020-08-07,평년,44167
붉은고추,2020-08-10,가락도매,61600
붉은고추,2020-08-10,평균,61600
붉은고추,2020-08-10,평년,43900
붉은고추,2020-08-11,가락도매,60000
붉은고추,2020-08-11,평균,60000
붉은고추,2020-08-11,평년,43233
붉은고추,2020-08-12,가락도매,55000
붉은고추,2020-08-12,평균,55000
붉은고추,2020-08-12,평년,42217
붉은고추,2020-08-13,가락도매,66000
붉은고추,2020-08-13,평균,66000
붉은고추,2020-08-13,평년,40717
붉은고추,2020-08-14,가락도매,61300
붉은고추,2020-08-14,평균,61300
붉은고추,2020-08-14,평년,39967
붉은고추,2020-08-18,가락도매,76600
붉은고추,2020-08-18,평균,76600
붉은고추,2020-08-18,평년,37333
붉은고추,2020-08-19,가락도매,67000
붉은고추,2020-08-19,평균,67000
붉은고추,2020-08-19,평년,36667
붉은고추,2020-08-20,가락도매,62600
붉은고추,2020-08-20,평균,62600
붉은고추,2020-08-20,평년,36200
붉은고추,2020-08-21,가락도매,67600
붉은고추,2020-08-21,평균,67600
붉은고추,2020-08-21,평년,35733
붉은고추,2020-08-24,가락도매,60600
붉은고추,2020-08-24,평균,60600
붉은고추,2020-08-24,평년,34150
붉은고추,2020-08-25,가락도매,56600
붉은고추,2020-08-25,평균,56600
붉은고추,2020-08-25,평년,34883
붉은고추,2020-08-26,가락도매,55000
붉은고추,2020-08-26,평균,55000
붉은고추,2020-08-26,평년,35200
붉은고추,2020-08-27,가락도매,67600
붉은고추,2020-08-27,평균,67600
붉은고추,2020-08-27,평년,34417
붉은고추,2020-08-28,가락도매,72600
붉은고추,2020-08-28,평균,72600
붉은고추,2020-08-28,평년,34283
붉은고추,2020-08-31,가락도매,71000
붉은고추,2020-08-31,평균,71000
붉은고추,2020-08-31,평년,38367
붉은고추,2020-09-01,가락도매,63300
붉은고추,2020-09-01,평균,63300
붉은고추,2020-09-01,평년,39100
붉은고추,2020-09-02,가락도매,55600
붉은고추,2020-09-02,평균,55600
붉은고추,2020-09-02,평년,39667
붉은고추,2020-09-03,가락도매,56000
붉은고추,2020-09-03,평균,56000
붉은고추,2020-09-03,평년,40333
붉은고추,2020-09-04,가락도매,56600
붉은고추,2020-09-04,평균,56600
붉은고추,2020-09-04,평년,41133
붉은고추,2020-09-07,가락도매,58000
붉은고추,2020-09-07,평균,58000
붉은고추,2020-09-07,평년,43033
붉은고추,2020-09-08,가락도매,51600
붉은고추,2020-09-08,평균,51600
붉은고추,2020-09-08,평년,42583
붉은고추,2020-09-09,가락도매,56000
붉은고추,2020-09-09,평균,56000
붉은고추,2020-09-09,평년,42950
붉은고추,2020-09-10,가락도매,63000
붉은고추,2020-09-10,평균,63000
붉은고추,2020-09-10,평년,44167
붉은고추,2020-09-11,가락도매,66700
붉은고추,2020-09-11,평균,66700
붉은고추,2020-09-11,평년,44900
붉은고추,2020-09-14,가락도매,81200
붉은고추,2020-09-14,평균,81200
붉은고추,2020-09-14,평년,49867
붉은고추,2020-09-15,가락도매,79500
붉은고추,2020-09-15,평균,79500
붉은고추,2020-09-15,평년,50167
붉은고추,2020-09-16,가락도매,84200
붉은고추,2020-09-16,평균,84200
붉은고추,2020-09-16,평년,49667
붉은고추,2020-09-17,가락도매,79000
붉은고추,2020-09-17,평균,79000
붉은고추,2020-09-17,평년,50367
붉은고추,2020-09-18,가락도매,82000
붉은고추,2020-09-18,평균,82000
붉은고추,2020-09-18,평년,49833
붉은고추,2020-09-21,가락도매,83200
붉은고추,2020-09-21,평균,83200
붉은고추,2020-09-21,평년,52883
붉은고추,2020-09-22,가락도매,100000
붉은고추,2020-09-22,평균,100000
붉은고추,2020-09-22,평년,55083
붉은고추,2020-09-23,가락도매,100000
붉은고추,2020-09-23,평균,100000
붉은고추,2020-09-23,평년,55717
붉은고추,2020-09-24,가락도매,164000
붉은고추,2020-09-24,평균,164000
붉은고추,2020-09-24,평년,57250
붉은고추,2020-09-25,가락도매,176000
붉은고추,2020-09-25,평균,176000
붉은고추,2020-09-25,평년,57917
붉은고추,2020-09-28,가락도매,176000
붉은고추,2020-09-28,평균,176000
붉은고추,2020-09-28,평년,57167
붉은고추,2020-09-29,가락도매,177000
붉은고추,2020-09-29,평균,177000
붉은고추,2020-09-29,평년,56917
붉은고추,2020-10-05,가락도매,267000
붉은고추,2020-10-05,평균,267000
붉은고추,2020-10-05,평년,74033
붉은고추,2020-10-06,가락도매,217000
붉은고추,2020-10-06,평균,217000
붉은고추,2020-10-06,평년,77450
붉은고추,2020-10-07,가락도매,180000
붉은고추,2020-10-07,평균,180000
붉은고추,2020-10-07,평년,78950
붉은고추,2020-10-08,가락도매,180000
붉은고추,2020-10-08,평균,180000
붉은고추,2020-10-08,평년,80917
붉은고추,2020-10-12,가락도매,130000
붉은고추,2020-10-12,평균,130000
붉은고추,2020-10-12,평년,75283
붉은고추,2020-10-13,가락도매,130000
붉은고추,2020-10-13,평균,130000
붉은고추,2020-10-13,평년,73750
붉은고추,2020-10-14,가락도매,148000
붉은고추,2020-10-14,평균,148000
붉은고추,2020-10-14,평년,72667
붉은고추,2020-10-15,가락도매,195000
붉은고추,2020-10-15,평균,195000
붉은고추,2020-10-15,평년,71667
붉은고추,2020-10-16,가락도매,222000
붉은고추,2020-10-16,평균,222000
붉은고추,2020-10-16,평년,71667
붉은고추,2020-10-19,가락도매,270000
붉은고추,2020-10-19,평균,270000
붉은고추,2020-10-19,평년,73583
붉은고추,2020-10-20,가락도매,265000
붉은고추,2020-10-20,평균,265000
붉은고추,2020-10-20,평년,76917
붉은고추,2020-10-21,가락도매,255000
붉은고추,2020-10-21,평균,255000
붉은고추,2020-10-21,평년,82117
붉은고추,2020-10-22,가락도매,247000
붉은고추,2020-10-22,평균,247000
붉은고추,2020-10-22,평년,83333
붉은고추,2020-10-23,가락도매,230000
붉은고추,2020-10-23,평균,230000
붉은고추,2020-10-23,평년,82550
붉은고추,2020-10-26,가락도매,205000
붉은고추,2020-10-26,평균,205000
붉은고추,2020-10-26,평년,84967
붉은고추,2020-10-27,가락도매,222000
붉은고추,2020-10-27,평균,222000
붉은고추,2020-10-27,평년,84100
붉은고추,2020-10-28,가락도매,222000
붉은고추,2020-10-28,평균,222000
붉은고추,2020-10-28,평년,81583
붉은고추,2020-10-29,가락도매,222000
붉은고추,2020-10-29,평균,222000
붉은고추,2020-10-29,평년,80917
붉은고추,2020-10-30,가락도매,225000
붉은고추,2020-10-30,평균,225000
붉은고추,2020-10-30,평년,80467
붉은고추,2020-11-02,가락도매,225000
붉은고추,2020-11-02,평균,225000
붉은고추,2020-11-02,평년,88350
붉은고추,2020-11-03,가락도매,227000
붉은고추,2020-11-03,평균,227000
붉은고추,2020-11-03,평년,91750
붉은고추,2020-11-04,가락도매,215000
붉은고추,2020-11-04,평균,215000
붉은고추,2020-11-04,평년,92517
붉은고추,2020-11-05,가락도매,215000
붉은고추,2020-11-05,평균,215000
붉은고추,2020-11-05,평년,92717
붉은고추,2020-11-06,가락도매,215000
붉은고추,2020-11-06,평균,215000
붉은고추,2020-11-06,평년,93133
붉은고추,2020-11-09,가락도매,172000
붉은고추,2020-11-09,평균,172000
붉은고추,2020-11-09,평년,93967
붉은고추,2020-11-10,가락도매,168000
붉은고추,2020-11-10,평균,168000
붉은고추,2020-11-10,평년,93267
붉은고추,2020-11-11,가락도매,172000
붉은고추,2020-11-11,평균,172000
붉은고추,2020-11-11,평년,92833
붉은고추,2020-11-12,가락도매,172000
붉은고추,2020-11-12,평균,172000
붉은고추,2020-11-12,평년,92467
붉은고추,2020-11-13,가락도매,169000
붉은고추,2020-11-13,평균,169000
붉은고추,2020-11-13,평년,89400
붉은고추,2020-11-16,가락도매,169000
붉은고추,2020-11-16,평균,169000
붉은고추,2020-11-16,평년,76800
붉은고추,2020-11-17,가락도매,169000
붉은고추,2020-11-17,평균,169000
붉은고추,2020-11-17,평년,73000
붉은고추,2020-11-18,가락도매,138000
붉은고추,2020-11-18,평균,138000
붉은고추,2020-11-18,평년,73000
붉은고추,2020-11-19,가락도매,110000
붉은고추,2020-11-19,평균,110000
붉은고추,2020-11-19,평년,72333
붉은고추,2020-11-20,가락도매,108000
붉은고추,2020-11-20,평균,108000
붉은고추,2020-11-20,평년,70000
붉은고추,2020-11-23,가락도매,90000
붉은고추,2020-11-23,평균,90000
붉은고추,2020-11-23,평년,68917
붉은고추,2020-11-24,가락도매,79000
붉은고추,2020-11-24,평균,79000
붉은고추,2020-11-24,평년,69517
붉은고추,2020-11-25,가락도매,79000
붉은고추,2020-11-25,평균,79000
붉은고추,2020-11-25,평년,69600
붉은고추,2020-11-26,가락도매,79000
붉은고추,2020-11-26,평균,79000
붉은고추,2020-11-26,평년,69800
붉은고추,2020-11-27,가락도매,47500
붉은고추,2020-11-27,평균,47500
붉은고추,2020-11-27,평년,70667
붉은고추,2020-11-30,가락도매,54000
붉은고추,2020-11-30,평균,54000
붉은고추,2020-11-30,평년,72417
붉은고추,2020-12-01,가락도매,58200
붉은고추,2020-12-01,평균,58200
붉은고추,2020-12-01,평년,72667
붉은고추,2020-12-02,가락도매,60700
붉은고추,2020-12-02,평균,60700
붉은고추,2020-12-02,평년,73050
붉은고추,2020-12-03,가락도매,60200
붉은고추,2020-12-03,평균,60200
붉은고추,2020-12-03,평년,73383
붉은고추,2020-12-07,가락도매,51000
붉은고추,2020-12-07,평균,51000
붉은고추,2020-12-07,평년,75583
붉은고추,2020-12-08,가락도매,57500
붉은고추,2020-12-08,평균,57500
붉은고추,2020-12-08,평년,75583
붉은고추,2020-12-09,가락도매,57500
붉은고추,2020-12-09,평균,57500
붉은고추,2020-12-09,평년,75167
붉은고추,2020-12-10,가락도매,54000
붉은고추,2020-12-10,평균,54000
붉은고추,2020-12-10,평년,74467
붉은고추,2020-12-11,가락도매,57700
붉은고추,2020-12-11,평균,57700
붉은고추,2020-12-11,평년,73133
붉은고추,2020-12-14,가락도매,64000
붉은고추,2020-12-14,평균,64000
붉은고추,2020-12-14,평년,70650
붉은고추,2020-12-15,가락도매,68000
붉은고추,2020-12-15,평균,68000
붉은고추,2020-12-15,평년,70500
붉은고추,2020-12-16,가락도매,67000
붉은고추,2020-12-16,평균,67000
붉은고추,2020-12-16,평년,70250
붉은고추,2020-12-17,가락도매,68200
붉은고추,2020-12-17,평균,68200
붉은고추,2020-12-17,평년,69067
붉은고추,2020-12-18,가락도매,68500
붉은고추,2020-12-18,평균,68500
붉은고추,2020-12-18,평년,67600
붉은고추,2020-12-21,가락도매,73000
붉은고추,2020-12-21,평균,73000
붉은고추,2020-12-21,평년,65000
붉은고추,2020-12-22,가락도매,68500
붉은고추,2020-12-22,평균,68500
붉은고추,2020-12-22,평년,63900
붉은고추,2020-12-23,가락도매,70700
붉은고추,2020-12-23,평균,70700
붉은고추,2020-12-23,평년,63333
붉은고추,2020-12-24,가락도매,72500
붉은고추,2020-12-24,평균,72500
붉은고추,2020-12-24,평년,63300
붉은고추,2020-12-28,가락도매,68500
붉은고추,2020-12-28,평균,68500
붉은고추,2020-12-28,평년,60133
붉은고추,2020-12-29,가락도매,70000
붉은고추,2020-12-29,평균,70000
붉은고추,2020-12-29,평년,59333
붉은고추,2020-12-30,가락도매,61700
붉은고추,2020-12-30,평균,61700
붉은고추,2020-12-30,평년,58917
붉은고추,2020-12-31,가락도매,47500
붉은고추,2020-12-31,평균,47500
붉은고추,2020-12-31,평년,58650
붉은고추,2021-01-04,가락도매,52000
붉은고추,2021-01-04,평균,52000
붉은고추,2021-01-04,평년,56050
붉은고추,2021-01-05,가락도매,60000
붉은고추,2021-01-05,평균,60000
붉은고추,2021-01-05,평년,55050
붉은고추,2021-01-06,가락도매,60200
붉은고추,2021-01-06,평균,60200
붉은고추,2021-01-06,평년,54083
붉은고추,2021-01-07,가락도매,53200
붉은고추,2021-01-07,평균,53200
붉은고추,2021-01-07,평년,53017
붉은고추,2021-01-08,가락도매,45000
붉은고추,2021-01-08,평균,45000
붉은고추,2021-01-08,평년,51933
붉은고추,2021-01-11,가락도매,45700
붉은고추,2021-01-11,평균,45700
붉은고추,2021-01-11,평년,50467
붉은고추,2021-01-12,가락도매,49500
붉은고추,2021-01-12,평균,49500
붉은고추,2021-01-12,평년,50300
붉은고추,2021-01-13,가락도매,52200
붉은고추,2021-01-13,평균,52200
붉은고추,2021-01-13,평년,51300
붉은고추,2021-01-14,가락도매,53500
붉은고추,2021-01-14,평균,53500
붉은고추,2021-01-14,평년,52333
붉은고추,2021-01-15,가락도매,50000
붉은고추,2021-01-15,평균,50000
붉은고추,2021-01-15,평년,54467
붉은고추,2021-01-18,가락도매,51700
붉은고추,2021-01-18,평균,51700
붉은고추,2021-01-18,평년,59733
붉은고추,2021-01-19,가락도매,52700
붉은고추,2021-01-19,평균,52700
붉은고추,2021-01-19,평년,60200
붉은고추,2021-01-20,가락도매,53500
붉은고추,2021-01-20,평균,53500
붉은고추,2021-01-20,평년,61000
붉은고추,2021-01-21,가락도매,52700
붉은고추,2021-01-21,평균,52700
붉은고추,2021-01-21,평년,64000
붉은고추,2021-01-22,가락도매,52700
붉은고추,2021-01-22,평균,52700
붉은고추,2021-01-22,평년,66000
붉은고추,2021-01-25,가락도매,50000
붉은고추,2021-01-25,평균,50000
붉은고추,2021-01-25,평년,67767
붉은고추,2021-01-26,가락도매,50000
붉은고추,2021-01-26,평균,50000
붉은고추,2021-01-26,평년,69633
붉은고추,2021-01-27,가락도매,52000
붉은고추,2021-01-27,평균,52000
붉은고추,2021-01-27,평년,71767
붉은고추,2021-01-28,가락도매,53700
붉은고추,2021-01-28,평균,53700
붉은고추,2021-01-28,평년,72467
붉은고추,2021-01-29,가락도매,54000
붉은고추,2021-01-29,평균,54000
붉은고추,2021-01-29,평년,72667
붉은고추,2021-02-01,가락도매,57700
붉은고추,2021-02-01,평균,57700
붉은고추,2021-02-01,평년,73333
붉은고추,2021-02-02,가락도매,61500
붉은고추,2021-02-02,평균,61500
붉은고추,2021-02-02,평년,73250
붉은고추,2021-02-03,가락도매,66000
붉은고추,2021-02-03,평균,66000
붉은고추,2021-02-03,평년,70917
붉은고추,2021-02-04,가락도매,68500
붉은고추,2021-02-04,평균,68500
붉은고추,2021-02-04,평년,68533
붉은고추,2021-02-05,가락도매,77500
붉은고추,2021-02-05,평균,77500
붉은고추,2021-02-05,평년,67867
붉은고추,2021-02-08,가락도매,105000
붉은고추,2021-02-08,평균,105000
붉은고추,2021-02-08,평년,62617
붉은고추,2021-02-09,가락도매,110000
붉은고추,2021-02-09,평균,110000
붉은고추,2021-02-09,평년,61417
붉은고추,2021-02-10,가락도매,110000
붉은고추,2021-02-10,평균,110000
붉은고추,2021-02-10,평년,61067
붉은고추,2021-02-15,가락도매,69700
붉은고추,2021-02-15,평균,69700
붉은고추,2021-02-15,평년,58533
붉은고추,2021-02-16,가락도매,56500
붉은고추,2021-02-16,평균,56500
붉은고추,2021-02-16,평년,57933
붉은고추,2021-02-17,가락도매,57000
붉은고추,2021-02-17,평균,57000
붉은고추,2021-02-17,평년,57400
붉은고추,2021-02-18,가락도매,52500
붉은고추,2021-02-18,평균,52500
붉은고추,2021-02-18,평년,57700
붉은고추,2021-02-19,가락도매,50000
붉은고추,2021-02-19,평균,50000
붉은고추,2021-02-19,평년,58100
붉은고추,2021-02-22,가락도매,55000
붉은고추,2021-02-22,평균,55000
붉은고추,2021-02-22,평년,58533
붉은고추,2021-02-23,가락도매,63000
붉은고추,2021-02-23,평균,63000
붉은고추,2021-02-23,평년,57983
붉은고추,2021-02-24,가락도매,65000
붉은고추,2021-02-24,평균,65000
붉은고추,2021-02-24,평년,57383
붉은고추,2021-02-25,가락도매,64000
붉은고추,2021-02-25,평균,64000
붉은고추,2021-02-25,평년,57200
붉은고추,2021-02-26,가락도매,64500
붉은고추,2021-02-26,평균,64500
붉은고추,2021-02-26,평년,57800
붉은고추,2021-03-02,가락도매,106000
붉은고추,2021-03-02,평균,106000
붉은고추,2021-03-02,평년,71767
붉은고추,2021-03-03,가락도매,105000
붉은고추,2021-03-03,평균,105000
붉은고추,2021-03-03,평년,77033
붉은고추,2021-03-04,가락도매,95200
붉은고추,2021-03-04,평균,95200
붉은고추,2021-03-04,평년,81133
붉은고추,2021-03-05,가락도매,96500
붉은고추,2021-03-05,평균,96500
붉은고추,2021-03-05,평년,85333
붉은고추,2021-03-08,가락도매,112000
붉은고추,2021-03-08,평균,112000
붉은고추,2021-03-08,평년,89467
붉은고추,2021-03-09,가락도매,110000
붉은고추,2021-03-09,평균,110000
붉은고추,2021-03-09,평년,91117
붉은고추,2021-03-10,가락도매,111000
붉은고추,2021-03-10,평균,111000
붉은고추,2021-03-10,평년,91533
붉은고추,2021-03-11,가락도매,115000
붉은고추,2021-03-11,평균,115000
붉은고추,2021-03-11,평년,92383
붉은고추,2021-03-12,가락도매,140000
붉은고추,2021-03-12,평균,140000
붉은고추,2021-03-12,평년,93500
붉은고추,2021-03-15,가락도매,144000
붉은고추,2021-03-15,평균,144000
붉은고추,2021-03-15,평년,103133
붉은고추,2021-03-16,가락도매,153000
붉은고추,2021-03-16,평균,153000
붉은고추,2021-03-16,평년,103000
붉은고추,2021-03-17,가락도매,147000
붉은고추,2021-03-17,평균,147000
붉은고추,2021-03-17,평년,101467
붉은고추,2021-03-18,가락도매,142000
붉은고추,2021-03-18,평균,142000
붉은고추,2021-03-18,평년,100550
붉은고추,2021-03-19,가락도매,143000
붉은고추,2021-03-19,평균,143000
붉은고추,2021-03-19,평년,100400
붉은고추,2021-03-22,가락도매,146000
붉은고추,2021-03-22,평균,146000
붉은고추,2021-03-22,평년,98883
붉은고추,2021-03-23,가락도매,157000
붉은고추,2021-03-23,평균,157000
붉은고추,2021-03-23,평년,98600
붉은고추,2021-03-24,가락도매,162000
붉은고추,2021-03-24,평균,162000
붉은고추,2021-03-24,평년,98800
붉은고추,2021-03-25,가락도매,152000
붉은고추,2021-03-25,평균,152000
붉은고추,2021-03-25,평년,98050
붉은고추,2021-03-26,가락도매,157000
붉은고추,2021-03-26,평균,157000
붉은고추,2021-03-26,평년,96717
붉은고추,2021-03-29,가락도매,156000
붉은고추,2021-03-29,평균,156000
붉은고추,2021-03-29,평년,95233
붉은고추,2021-03-30,가락도매,152000
붉은고추,2021-03-30,평균,152000
붉은고추,2021-03-30,평년,95600
붉은고추,2021-03-31,가락도매,154000
붉은고추,2021-03-31,평균,154000
붉은고추,2021-03-31,평년,95533
붉은고추,2021-04-01,가락도매,155000
붉은고추,2021-04-01,평균,155000
붉은고추,2021-04-01,평년,96183
붉은고추,2021-04-02,가락도매,171000
붉은고추,2021-04-02,평균,171000
붉은고추,2021-04-02,평년,99950
붉은고추,2021-04-05,가락도매,230000
붉은고추,2021-04-05,평균,230000
붉은고추,2021-04-05,평년,114217
붉은고추,2021-04-06,가락도매,201000
붉은고추,2021-04-06,평균,201000
붉은고추,2021-04-06,평년,113933
붉은고추,2021-04-07,가락도매,172000
붉은고추,2021-04-07,평균,172000
붉은고추,2021-04-07,평년,111800
붉은고추,2021-04-08,가락도매,164000
붉은고추,2021-04-08,평균,164000
붉은고추,2021-04-08,평년,111867
붉은고추,2021-04-09,가락도매,163000
붉은고추,2021-04-09,평균,163000
붉은고추,2021-04-09,평년,109417
붉은고추,2021-04-12,가락도매,153000
붉은고추,2021-04-12,평균,153000
붉은고추,2021-04-12,평년,101667
붉은고추,2021-04-13,가락도매,150000
붉은고추,2021-04-13,평균,150000
붉은고추,2021-04-13,평년,103750
붉은고추,2021-04-14,가락도매,151000
붉은고추,2021-04-14,평균,151000
붉은고추,2021-04-14,평년,103383
붉은고추,2021-04-15,가락도매,152000
붉은고추,2021-04-15,평균,152000
붉은고추,2021-04-15,평년,100500
붉은고추,2021-04-16,가락도매,150000
붉은고추,2021-04-16,평균,150000
붉은고추,2021-04-16,평년,99133
붉은고추,2021-04-19,가락도매,101000
붉은고추,2021-04-19,평균,101000
붉은고추,2021-04-19,평년,85333
붉은고추,2021-04-20,가락도매,90000
붉은고추,2021-04-20,평균,90000
붉은고추,2021-04-20,평년,80033
붉은고추,2021-04-21,가락도매,83700
붉은고추,2021-04-21,평균,83700
붉은고추,2021-04-21,평년,74233
붉은고추,2021-04-22,가락도매,96000
붉은고추,2021-04-22,평균,96000
붉은고추,2021-04-22,평년,69367
붉은고추,2021-04-23,가락도매,102000
붉은고추,2021-04-23,평균,102000
붉은고추,2021-04-23,평년,67300
붉은고추,2021-04-26,가락도매,94000
붉은고추,2021-04-26,평균,94000
붉은고추,2021-04-26,평년,63250
붉은고추,2021-04-27,가락도매,86000
붉은고추,2021-04-27,평균,86000
붉은고추,2021-04-27,평년,61917
붉은고추,2021-04-28,가락도매,93500
붉은고추,2021-04-28,평균,93500
붉은고추,2021-04-28,평년,59917
붉은고추,2021-04-29,가락도매,103000
붉은고추,2021-04-29,평균,103000
붉은고추,2021-04-29,평년,58117
붉은고추,2021-04-30,가락도매,118000
붉은고추,2021-04-30,평균,118000
붉은고추,2021-04-30,평년,57433
붉은고추,2021-05-03,가락도매,123000
붉은고추,2021-05-03,평균,123000
붉은고추,2021-05-03,평년,56200
붉은고추,2021-05-04,가락도매,120000
붉은고추,2021-05-04,평균,120000
붉은고추,2021-05-04,평년,54767
붉은고추,2021-05-06,가락도매,98500
붉은고추,2021-05-06,평균,98500
붉은고추,2021-05-06,평년,52050
붉은고추,2021-05-07,가락도매,102000
붉은고추,2021-05-07,평균,102000
붉은고추,2021-05-07,평년,50483
붉은고추,2021-05-10,가락도매,95500
붉은고추,2021-05-10,평균,95500
붉은고추,2021-05-10,평년,50533
붉은고추,2021-05-11,가락도매,86000
붉은고추,2021-05-11,평균,86000
붉은고추,2021-05-11,평년,50683
붉은고추,2021-05-12,가락도매,80000
붉은고추,2021-05-12,평균,80000
붉은고추,2021-05-12,평년,49950
붉은고추,2021-05-13,가락도매,79500
붉은고추,2021-05-13,평균,79500
붉은고추,2021-05-13,평년,48900
붉은고추,2021-05-14,가락도매,74000
붉은고추,2021-05-14,평균,74000
붉은고추,2021-05-14,평년,47917
붉은고추,2021-05-17,가락도매,54500
붉은고추,2021-05-17,평균,54500
붉은고추,2021-05-17,평년,45533
붉은고추,2021-05-18,가락도매,52000
붉은고추,2021-05-18,평균,52000
붉은고추,2021-05-18,평년,47383
붉은고추,2021-05-20,가락도매,56000
붉은고추,2021-05-20,평균,56000
붉은고추,2021-05-20,평년,48167
붉은고추,2021-05-21,가락도매,59200
붉은고추,2021-05-21,평균,59200
붉은고추,2021-05-21,평년,46567
붉은고추,2021-05-24,가락도매,67000
붉은고추,2021-05-24,평균,67000
붉은고추,2021-05-24,평년,45450
붉은고추,2021-05-25,가락도매,65000
붉은고추,2021-05-25,평균,65000
붉은고추,2021-05-25,평년,46733
붉은고추,2021-05-26,가락도매,66700
붉은고추,2021-05-26,평균,66700
붉은고추,2021-05-26,평년,49133
붉은고추,2021-05-27,가락도매,73500
붉은고추,2021-05-27,평균,73500
붉은고추,2021-05-27,평년,51133
붉은고추,2021-05-28,가락도매,106000
붉은고추,2021-05-28,평균,106000
붉은고추,2021-05-28,평년,53367
붉은고추,2021-05-31,가락도매,99500
붉은고추,2021-05-31,평균,99500
붉은고추,2021-05-31,평년,56317
붉은고추,2021-06-01,가락도매,83200
붉은고추,2021-06-01,평균,83200
붉은고추,2021-06-01,평년,57017
붉은고추,2021-06-02,가락도매,75500
붉은고추,2021-06-02,평균,75500
붉은고추,2021-06-02,평년,56267
붉은고추,2021-06-03,가락도매,65000
붉은고추,2021-06-03,평균,65000
붉은고추,2021-06-03,평년,56067
붉은고추,2021-06-04,가락도매,67700
붉은고추,2021-06-04,평균,67700
붉은고추,2021-06-04,평년,56467
붉은고추,2021-06-07,가락도매,63200
붉은고추,2021-06-07,평균,63200
붉은고추,2021-06-07,평년,61333
붉은고추,2021-06-08,가락도매,62000
붉은고추,2021-06-08,평균,62000
붉은고추,2021-06-08,평년,63283
붉은고추,2021-06-09,가락도매,60000
붉은고추,2021-06-09,평균,60000
붉은고추,2021-06-09,평년,62083
붉은고추,2021-06-10,가락도매,57000
붉은고추,2021-06-10,평균,57000
붉은고추,2021-06-10,평년,61467
붉은고추,2021-06-11,가락도매,58200
붉은고추,2021-06-11,평균,58200
붉은고추,2021-06-11,평년,64400
붉은고추,2021-06-14,가락도매,61500
붉은고추,2021-06-14,평균,61500
붉은고추,2021-06-14,평년,63467
붉은고추,2021-06-15,가락도매,58500
붉은고추,2021-06-15,평균,58500
붉은고추,2021-06-15,평년,61583
붉은고추,2021-06-16,가락도매,52700
붉은고추,2021-06-16,평균,52700
붉은고추,2021-06-16,평년,61167
붉은고추,2021-06-17,가락도매,55200
붉은고추,2021-06-17,평균,55200
붉은고추,2021-06-17,평년,60590
붉은고추,2021-06-18,가락도매,55500
붉은고추,2021-06-18,평균,55500
붉은고추,2021-06-18,평년,58293
붉은고추,2021-06-21,가락도매,55000
붉은고추,2021-06-21,평균,55000
붉은고추,2021-06-21,평년,56875
붉은고추,2021-06-22,가락도매,60700
붉은고추,2021-06-22,평균,60700
붉은고추,2021-06-22,평년,56260
붉은고추,2021-06-23,가락도매,60000
붉은고추,2021-06-23,평균,60000
붉은고추,2021-06-23,평년,55560
붉은고추,2021-06-24,가락도매,60000
붉은고추,2021-06-24,평균,60000
붉은고추,2021-06-24,평년,55107
붉은고추,2021-06-25,가락도매,88700
붉은고추,2021-06-25,평균,88700
붉은고추,2021-06-25,평년,54853
붉은고추,2021-06-28,가락도매,69500
붉은고추,2021-06-28,평균,69500
붉은고추,2021-06-28,평년,50075
붉은고추,2021-06-29,가락도매,68700
붉은고추,2021-06-29,평균,68700
붉은고추,2021-06-29,평년,50007
붉은고추,2021-06-30,가락도매,64500
붉은고추,2021-06-30,평균,64500
붉은고추,2021-06-30,평년,50980
붉은고추,2021-07-01,가락도매,56500
붉은고추,2021-07-01,평균,56500
붉은고추,2021-07-01,평년,50877
붉은고추,2021-07-02,가락도매,59000
붉은고추,2021-07-02,평균,59000
붉은고추,2021-07-02,평년,51010
붉은고추,2021-07-05,가락도매,72000
붉은고추,2021-07-05,평균,72000
붉은고추,2021-07-05,평년,52900
붉은고추,2021-07-06,가락도매,82000
붉은고추,2021-07-06,평균,82000
붉은고추,2021-07-06,평년,52707
붉은고추,2021-07-07,가락도매,83500
붉은고추,2021-07-07,평균,83500
붉은고추,2021-07-07,평년,52600
붉은고추,2021-07-08,가락도매,72500
붉은고추,2021-07-08,평균,72500
붉은고추,2021-07-08,평년,52500
붉은고추,2021-07-09,가락도매,67700
붉은고추,2021-07-09,평균,67700
붉은고추,2021-07-09,평년,51967
붉은고추,2021-07-12,가락도매,59500
붉은고추,2021-07-12,평균,59500
붉은고추,2021-07-12,평년,49650
붉은고추,2021-07-13,가락도매,65700
붉은고추,2021-07-13,평균,65700
붉은고추,2021-07-13,평년,49417
붉은고추,2021-07-14,가락도매,72000
붉은고추,2021-07-14,평균,72000
붉은고추,2021-07-14,평년,48750
붉은고추,2021-07-15,가락도매,92500
붉은고추,2021-07-15,평균,92500
붉은고추,2021-07-15,평년,48100
붉은고추,2021-07-16,가락도매,106000
붉은고추,2021-07-16,평균,106000
붉은고추,2021-07-16,평년,48300
붉은고추,2021-07-19,가락도매,85700
붉은고추,2021-07-19,평균,85700
붉은고추,2021-07-19,평년,49867
붉은고추,2021-07-20,가락도매,67000
붉은고추,2021-07-20,평균,67000
붉은고추,2021-07-20,평년,50367
붉은고추,2021-07-21,가락도매,56700
붉은고추,2021-07-21,평균,56700
붉은고추,2021-07-21,평년,50233
붉은고추,2021-07-22,가락도매,53500
붉은고추,2021-07-22,평균,53500
붉은고추,2021-07-22,평년,50270
붉은고추,2021-07-23,가락도매,55700
붉은고추,2021-07-23,평균,55700
붉은고추,2021-07-23,평년,49803
붉은고추,2021-07-26,가락도매,69200
붉은고추,2021-07-26,평균,69200
붉은고추,2021-07-26,평년,48725
붉은고추,2021-07-27,가락도매,71000
붉은고추,2021-07-27,평균,71000
붉은고추,2021-07-27,평년,49177
붉은고추,2021-07-28,가락도매,75000
붉은고추,2021-07-28,평균,75000
붉은고추,2021-07-28,평년,49930
붉은고추,2021-07-29,가락도매,77500
붉은고추,2021-07-29,평균,77500
붉은고추,2021-07-29,평년,51227
붉은고추,2021-07-30,가락도매,74700
붉은고추,2021-07-30,평균,74700
붉은고추,2021-07-30,평년,51093
붉은고추,2021-08-02,가락도매,74200
붉은고추,2021-08-02,평균,74200
붉은고추,2021-08-02,평년,50958
붉은고추,2021-08-03,가락도매,74500
붉은고추,2021-08-03,평균,74500
붉은고추,2021-08-03,평년,51203
붉은고추,2021-08-04,가락도매,78200
붉은고추,2021-08-04,평균,78200
붉은고추,2021-08-04,평년,51850
붉은고추,2021-08-05,가락도매,76500
붉은고추,2021-08-05,평균,76500
붉은고추,2021-08-05,평년,53600
붉은고추,2021-08-06,가락도매,97500
붉은고추,2021-08-06,평균,97500
붉은고추,2021-08-06,평년,55173
붉은고추,2021-08-09,가락도매,89500
붉은고추,2021-08-09,평균,89500
붉은고추,2021-08-09,평년,55733
붉은고추,2021-08-10,가락도매,74200
붉은고추,2021-08-10,평균,74200
붉은고추,2021-08-10,평년,54540
붉은고추,2021-08-11,가락도매,65000
붉은고추,2021-08-11,평균,65000
붉은고추,2021-08-11,평년,54140
붉은고추,2021-08-12,가락도매,70700
붉은고추,2021-08-12,평균,70700
붉은고추,2021-08-12,평년,52543
붉은고추,2021-08-13,가락도매,64700
붉은고추,2021-08-13,평균,64700
붉은고추,2021-08-13,평년,52477
붉은고추,2021-08-17,가락도매,47000
붉은고추,2021-08-17,평균,47000
붉은고추,2021-08-17,평년,48200
붉은고추,2021-08-18,가락도매,43500
붉은고추,2021-08-18,평균,43500
붉은고추,2021-08-18,평년,47517
붉은고추,2021-08-19,가락도매,51500
붉은고추,2021-08-19,평균,51500
붉은고추,2021-08-19,평년,46917
붉은고추,2021-08-20,가락도매,48700
붉은고추,2021-08-20,평균,48700
붉은고추,2021-08-20,평년,46867
붉은고추,2021-08-23,가락도매,47000
붉은고추,2021-08-23,평균,47000
붉은고추,2021-08-23,평년,44533
붉은고추,2021-08-24,가락도매,41700
붉은고추,2021-08-24,평균,41700
붉은고추,2021-08-24,평년,43950
붉은고추,2021-08-25,가락도매,45000
붉은고추,2021-08-25,평균,45000
붉은고추,2021-08-25,평년,44183
붉은고추,2021-08-26,가락도매,41700
붉은고추,2021-08-26,평균,41700
붉은고추,2021-08-26,평년,44033
붉은고추,2021-08-27,가락도매,46700
붉은고추,2021-08-27,평균,46700
붉은고추,2021-08-27,평년,42933
붉은고추,2021-08-30,가락도매,43700
붉은고추,2021-08-30,평균,43700
붉은고추,2021-08-30,평년,44067
붉은고추,2021-08-31,가락도매,43000
붉은고추,2021-08-31,평균,43000
붉은고추,2021-08-31,평년,45100
붉은고추,2021-09-01,가락도매,43700
붉은고추,2021-09-01,평균,43700
붉은고추,2021-09-01,평년,45950
붉은고추,2021-09-02,가락도매,45000
붉은고추,2021-09-02,평균,45000
붉은고추,2021-09-02,평년,46517
붉은고추,2021-09-03,가락도매,46200
붉은고추,2021-09-03,평균,46200
붉은고추,2021-09-03,평년,46933
붉은고추,2021-09-06,가락도매,44500
붉은고추,2021-09-06,평균,44500
붉은고추,2021-09-06,평년,49917
붉은고추,2021-09-07,가락도매,47000
붉은고추,2021-09-07,평균,47000
붉은고추,2021-09-07,평년,50647
붉은고추,2021-09-08,가락도매,45500
붉은고추,2021-09-08,평균,45500
붉은고추,2021-09-08,평년,50930
붉은고추,2021-09-09,가락도매,54000
붉은고추,2021-09-09,평균,54000
붉은고추,2021-09-09,평년,51970
붉은고추,2021-09-10,가락도매,50700
붉은고추,2021-09-10,평균,50700
붉은고추,2021-09-10,평년,54567
붉은고추,2021-09-13,가락도매,52000
붉은고추,2021-09-13,평균,52000
붉은고추,2021-09-13,평년,60100
붉은고추,2021-09-14,가락도매,59000
붉은고추,2021-09-14,평균,59000
붉은고추,2021-09-14,평년,62007
붉은고추,2021-09-15,가락도매,62000
붉은고추,2021-09-15,평균,62000
붉은고추,2021-09-15,평년,61533
붉은고추,2021-09-16,가락도매,64500
붉은고추,2021-09-16,평균,64500
붉은고추,2021-09-16,평년,59917
붉은고추,2021-09-17,가락도매,75000
붉은고추,2021-09-17,평균,75000
붉은고추,2021-09-17,평년,60617
붉은고추,2021-09-23,가락도매,75000
붉은고추,2021-09-23,평균,75000
붉은고추,2021-09-23,평년,71717
붉은고추,2021-09-24,가락도매,75000
붉은고추,2021-09-24,평균,75000
붉은고추,2021-09-24,평년,72583
붉은고추,2021-09-27,가락도매,50000
붉은고추,2021-09-27,평균,50000
붉은고추,2021-09-27,평년,79400
붉은고추,2021-09-28,가락도매,44700
붉은고추,2021-09-28,평균,44700
붉은고추,2021-09-28,평년,77167
붉은고추,2021-09-29,가락도매,43500
붉은고추,2021-09-29,평균,43500
붉은고추,2021-09-29,평년,74583
붉은고추,2021-09-30,가락도매,36200
붉은고추,2021-09-30,평균,36200
붉은고추,2021-09-30,평년,74867
붉은고추,2021-10-01,가락도매,38700
붉은고추,2021-10-01,평균,38700
붉은고추,2021-10-01,평년,76583
붉은고추,2021-10-05,가락도매,40000
붉은고추,2021-10-05,평균,40000
붉은고추,2021-10-05,평년,81750
붉은고추,2021-10-06,가락도매,45200
붉은고추,2021-10-06,평균,45200
붉은고추,2021-10-06,평년,82500
붉은고추,2021-10-07,가락도매,44000
붉은고추,2021-10-07,평균,44000
붉은고추,2021-10-07,평년,83117
붉은고추,2021-10-08,가락도매,46200
붉은고추,2021-10-08,평균,46200
붉은고추,2021-10-08,평년,83583
붉은고추,2021-10-12,가락도매,59700
붉은고추,2021-10-12,평균,59700
붉은고추,2021-10-12,평년,83417
붉은고추,2021-10-13,가락도매,62700
붉은고추,2021-10-13,평균,62700
붉은고추,2021-10-13,평년,82500
붉은고추,2021-10-14,가락도매,68700
붉은고추,2021-10-14,평균,68700
붉은고추,2021-10-14,평년,82417
붉은고추,2021-10-15,가락도매,70000
붉은고추,2021-10-15,평균,70000
붉은고추,2021-10-15,평년,82000
붉은고추,2021-10-18,가락도매,70000
붉은고추,2021-10-18,평균,70000
붉은고추,2021-10-18,평년,84000
붉은고추,2021-10-19,가락도매,68700
붉은고추,2021-10-19,평균,68700
붉은고추,2021-10-19,평년,85717
붉은고추,2021-10-20,가락도매,65700
붉은고추,2021-10-20,평균,65700
붉은고추,2021-10-20,평년,87383
붉은고추,2021-10-21,가락도매,69500
붉은고추,2021-10-21,평균,69500
붉은고추,2021-10-21,평년,92783
붉은고추,2021-10-22,가락도매,67500
붉은고추,2021-10-22,평균,67500
붉은고추,2021-10-22,평년,94000
붉은고추,2021-10-25,가락도매,62000
붉은고추,2021-10-25,평균,62000
붉은고추,2021-10-25,평년,98467
붉은고추,2021-10-26,가락도매,62000
붉은고추,2021-10-26,평균,62000
붉은고추,2021-10-26,평년,101800
붉은고추,2021-10-27,가락도매,75700
붉은고추,2021-10-27,평균,75700
붉은고추,2021-10-27,평년,102433
붉은고추,2021-10-28,가락도매,86200
붉은고추,2021-10-28,평균,86200
붉은고추,2021-10-28,평년,99750
붉은고추,2021-10-29,가락도매,97500
붉은고추,2021-10-29,평균,97500
붉은고추,2021-10-29,평년,100250
붉은고추,2021-11-01,가락도매,94500
붉은고추,2021-11-01,평균,94500
붉은고추,2021-11-01,평년,107067
붉은고추,2021-11-02,가락도매,89200
붉은고추,2021-11-02,평균,89200
붉은고추,2021-11-02,평년,108933
붉은고추,2021-11-03,가락도매,85700
붉은고추,2021-11-03,평균,85700
붉은고추,2021-11-03,평년,112333
붉은고추,2021-11-04,가락도매,79500
붉은고추,2021-11-04,평균,79500
붉은고추,2021-11-04,평년,115917
붉은고추,2021-11-05,가락도매,88000
붉은고추,2021-11-05,평균,88000
붉은고추,2021-11-05,평년,116583
붉은고추,2021-11-08,가락도매,83000
붉은고추,2021-11-08,평균,83000
붉은고추,2021-11-08,평년,119467
붉은고추,2021-11-09,가락도매,79000
붉은고추,2021-11-09,평균,79000
붉은고추,2021-11-09,평년,120467
붉은고추,2021-11-10,가락도매,68000
붉은고추,2021-11-10,평균,68000
붉은고추,2021-11-10,평년,122100
붉은고추,2021-11-11,가락도매,77500
붉은고추,2021-11-11,평균,77500
붉은고추,2021-11-11,평년,123167
붉은고추,2021-11-12,가락도매,66000
붉은고추,2021-11-12,평균,66000
붉은고추,2021-11-12,평년,124000
붉은고추,2021-11-15,가락도매,66000
붉은고추,2021-11-15,평균,66000
붉은고추,2021-11-15,평년,112867
붉은고추,2021-11-16,가락도매,54700
붉은고추,2021-11-16,평균,54700
붉은고추,2021-11-16,평년,108333
붉은고추,2021-11-17,가락도매,49200
붉은고추,2021-11-17,평균,49200
붉은고추,2021-11-17,평년,101000
붉은고추,2021-11-18,가락도매,51700
붉은고추,2021-11-18,평균,51700
붉은고추,2021-11-18,평년,98000
붉은고추,2021-11-19,가락도매,52500
붉은고추,2021-11-19,평균,52500
붉은고추,2021-11-19,평년,92333
붉은고추,2021-11-22,가락도매,52500
붉은고추,2021-11-22,평균,52500
붉은고추,2021-11-22,평년,80850
붉은고추,2021-11-23,가락도매,62000
붉은고추,2021-11-23,평균,62000
붉은고추,2021-11-23,평년,80517
붉은고추,2021-11-24,가락도매,58200
붉은고추,2021-11-24,평균,58200
붉은고추,2021-11-24,평년,78917
붉은고추,2021-11-25,가락도매,64000
붉은고추,2021-11-25,평균,64000
붉은고추,2021-11-25,평년,74900
붉은고추,2021-11-26,가락도매,69500
붉은고추,2021-11-26,평균,69500
붉은고추,2021-11-26,평년,72700
붉은고추,2021-11-29,가락도매,72500
붉은고추,2021-11-29,평균,72500
붉은고추,2021-11-29,평년,71867
붉은고추,2021-11-30,가락도매,75500
붉은고추,2021-11-30,평균,75500
붉은고추,2021-11-30,평년,72417
붉은고추,2021-12-01,가락도매,76000
붉은고추,2021-12-01,평균,76000
붉은고추,2021-12-01,평년,72667
붉은고추,2021-12-02,가락도매,77000
붉은고추,2021-12-02,평균,77000
붉은고추,2021-12-02,평년,73050
붉은고추,2021-12-06,가락도매,83500
붉은고추,2021-12-06,평균,83500
붉은고추,2021-12-06,평년,75350
붉은고추,2021-12-07,가락도매,85000
붉은고추,2021-12-07,평균,85000
붉은고추,2021-12-07,평년,75583
붉은고추,2021-12-08,가락도매,83500
붉은고추,2021-12-08,평균,83500
붉은고추,2021-12-08,평년,75583
붉은고추,2021-12-09,가락도매,80500
붉은고추,2021-12-09,평균,80500
붉은고추,2021-12-09,평년,75167
붉은고추,2021-12-10,가락도매,83000
붉은고추,2021-12-10,평균,83000
붉은고추,2021-12-10,평년,74467
붉은고추,2021-12-13,가락도매,76500
붉은고추,2021-12-13,평균,76500
붉은고추,2021-12-13,평년,73308
붉은고추,2021-12-14,가락도매,74000
붉은고추,2021-12-14,평균,74000
붉은고추,2021-12-14,평년,73630
붉은고추,2021-12-15,가락도매,75000
붉은고추,2021-12-15,평균,75000
붉은고추,2021-12-15,평년,74577
붉은고추,2021-12-16,가락도매,70700
붉은고추,2021-12-16,평균,70700
붉은고추,2021-12-16,평년,75047
붉은고추,2021-12-17,가락도매,77200
붉은고추,2021-12-17,평균,77200
붉은고추,2021-12-17,평년,74647
붉은고추,2021-12-20,가락도매,80200
붉은고추,2021-12-20,평균,80200
붉은고추,2021-12-20,평년,73117
붉은고추,2021-12-21,가락도매,80200
붉은고추,2021-12-21,평균,80200
붉은고추,2021-12-21,평년,71993
붉은고추,2021-12-22,가락도매,80000
붉은고추,2021-12-22,평균,80000
붉은고추,2021-12-22,평년,71280
붉은고추,2021-12-23,가락도매,80000
붉은고추,2021-12-23,평균,80000
붉은고추,2021-12-23,평년,70713
붉은고추,2021-12-24,가락도매,79500
붉은고추,2021-12-24,평균,79500
붉은고추,2021-12-24,평년,70513
붉은고추,2021-12-27,가락도매,62000
붉은고추,2021-12-27,평균,62000
붉은고추,2021-12-27,평년,69075
붉은고추,2021-12-28,가락도매,70000
붉은고추,2021-12-28,평균,70000
붉은고추,2021-12-28,평년,67027
붉은고추,2021-12-29,가락도매,75500
붉은고추,2021-12-29,평균,75500
붉은고추,2021-12-29,평년,64680
붉은고추,2021-12-30,가락도매,75000
붉은고추,2021-12-30,평균,75000
붉은고추,2021-12-30,평년,62897
붉은고추,2021-12-31,가락도매,64500
붉은고추,2021-12-31,평균,64500
붉은고추,2021-12-31,평년,61863
붉은고추,2022-01-03,가락도매,71500
붉은고추,2022-01-03,평균,71500
붉은고추,2022-01-03,평년,59100
붉은고추,2022-01-04,가락도매,71000
붉은고추,2022-01-04,평균,71000
붉은고추,2022-01-04,평년,58010
붉은고추,2022-01-05,가락도매,68000
붉은고추,2022-01-05,평균,68000
붉은고추,2022-01-05,평년,56243
붉은고추,2022-01-06,가락도매,69000
붉은고추,2022-01-06,평균,69000
붉은고추,2022-01-06,평년,55110
붉은고추,2022-01-07,가락도매,68500
붉은고추,2022-01-07,평균,68500
붉은고추,2022-01-07,평년,53690
붉은고추,2022-01-10,가락도매,60000
붉은고추,2022-01-10,평균,60000
붉은고추,2022-01-10,평년,50783
붉은고추,2022-01-11,가락도매,53200
붉은고추,2022-01-11,평균,53200
붉은고추,2022-01-11,평년,51507
붉은고추,2022-01-12,가락도매,55700
붉은고추,2022-01-12,평균,55700
붉은고추,2022-01-12,평년,51560
붉은고추,2022-01-13,가락도매,56500
붉은고추,2022-01-13,평균,56500
붉은고추,2022-01-13,평년,52560
붉은고추,2022-01-14,가락도매,64500
붉은고추,2022-01-14,평균,64500
붉은고추,2022-01-14,평년,53860
붉은고추,2022-01-17,가락도매,61500
붉은고추,2022-01-17,평균,61500
붉은고추,2022-01-17,평년,59525
붉은고추,2022-01-18,가락도매,59000
붉은고추,2022-01-18,평균,59000
붉은고추,2022-01-18,평년,60827
붉은고추,2022-01-19,가락도매,65000
붉은고추,2022-01-19,평균,65000
붉은고추,2022-01-19,평년,61373
붉은고추,2022-01-20,가락도매,68000
붉은고추,2022-01-20,평균,68000
붉은고추,2022-01-20,평년,62487
붉은고추,2022-01-21,가락도매,77200
붉은고추,2022-01-21,평균,77200
붉은고추,2022-01-21,평년,64507
붉은고추,2022-01-24,가락도매,82200
붉은고추,2022-01-24,평균,82200
붉은고추,2022-01-24,평년,64950
붉은고추,2022-01-25,가락도매,91500
붉은고추,2022-01-25,평균,91500
붉은고추,2022-01-25,평년,65260
붉은고추,2022-01-26,가락도매,112000
붉은고추,2022-01-26,평균,112000
붉은고추,2022-01-26,평년,65060
붉은고추,2022-01-27,가락도매,123000
붉은고추,2022-01-27,평균,123000
붉은고추,2022-01-27,평년,65147
붉은고추,2022-01-28,가락도매,130000
붉은고추,2022-01-28,평균,130000
붉은고추,2022-01-28,평년,64893
붉은고추,2022-02-03,가락도매,130000
붉은고추,2022-02-03,평균,130000
붉은고추,2022-02-03,평년,66663
붉은고추,2022-02-04,가락도매,126000
붉은고추,2022-02-04,평균,126000
붉은고추,2022-02-04,평년,67517
붉은고추,2022-02-07,가락도매,84500
붉은고추,2022-02-07,평균,84500
붉은고추,2022-02-07,평년,64867
붉은고추,2022-02-08,가락도매,79500
붉은고추,2022-02-08,평균,79500
붉은고추,2022-02-08,평년,62617
붉은고추,2022-02-09,가락도매,74000
붉은고추,2022-02-09,평균,74000
붉은고추,2022-02-09,평년,61417
붉은고추,2022-02-10,가락도매,74000
붉은고추,2022-02-10,평균,74000
붉은고추,2022-02-10,평년,61067
붉은고추,2022-02-11,가락도매,76500
붉은고추,2022-02-11,평균,76500
붉은고추,2022-02-11,평년,60683
붉은고추,2022-02-14,가락도매,81200
붉은고추,2022-02-14,평균,81200
붉은고추,2022-02-14,평년,58200
붉은고추,2022-02-15,가락도매,76500
붉은고추,2022-02-15,평균,76500
붉은고추,2022-02-15,평년,58533
붉은고추,2022-02-16,가락도매,78200
붉은고추,2022-02-16,평균,78200
붉은고추,2022-02-16,평년,57933
붉은고추,2022-02-17,가락도매,75500
붉은고추,2022-02-17,평균,75500
붉은고추,2022-02-17,평년,55313
붉은고추,2022-02-18,가락도매,75200
붉은고추,2022-02-18,평균,75200
붉은고추,2022-02-18,평년,54167
붉은고추,2022-02-21,가락도매,73200
붉은고추,2022-02-21,평균,73200
붉은고추,2022-02-21,평년,55508
붉은고추,2022-02-22,가락도매,83500
붉은고추,2022-02-22,평균,83500
붉은고추,2022-02-22,평년,56767
붉은고추,2022-02-23,가락도매,94000
붉은고추,2022-02-23,평균,94000
붉은고추,2022-02-23,평년,57650
붉은고추,2022-02-24,가락도매,124000
붉은고추,2022-02-24,평균,124000
붉은고추,2022-02-24,평년,58683
붉은고추,2022-02-25,가락도매,130000
붉은고추,2022-02-25,평균,130000
붉은고추,2022-02-25,평년,62233
붉은고추,2022-02-28,가락도매,115000
붉은고추,2022-02-28,평균,115000
붉은고추,2022-02-28,평년,71933
붉은고추,2022-03-02,가락도매,140000
붉은고추,2022-03-02,평균,140000
붉은고추,2022-03-02,평년,77033
붉은고추,2022-03-03,가락도매,152000
붉은고추,2022-03-03,평균,152000
붉은고추,2022-03-03,평년,79167
붉은고추,2022-03-04,가락도매,157000
붉은고추,2022-03-04,평균,157000
붉은고추,2022-03-04,평년,82633
붉은고추,2022-03-07,가락도매,157000
붉은고추,2022-03-07,평균,157000
붉은고추,2022-03-07,평년,92608
붉은고추,2022-03-08,가락도매,158000
붉은고추,2022-03-08,평균,158000
붉은고추,2022-03-08,평년,93913
붉은고추,2022-03-10,가락도매,168000
붉은고추,2022-03-10,평균,168000
붉은고추,2022-03-10,평년,100067
붉은고추,2022-03-11,가락도매,165000
붉은고추,2022-03-11,평균,165000
붉은고추,2022-03-11,평년,103250
붉은고추,2022-03-14,가락도매,100000
붉은고추,2022-03-14,평균,100000
붉은고추,2022-03-14,평년,111817
붉은고추,2022-03-15,가락도매,116000
붉은고추,2022-03-15,평균,116000
붉은고추,2022-03-15,평년,115617
붉은고추,2022-03-16,가락도매,133000
붉은고추,2022-03-16,평균,133000
붉은고추,2022-03-16,평년,118400
붉은고추,2022-03-17,가락도매,138000
붉은고추,2022-03-17,평균,138000
붉은고추,2022-03-17,평년,119667
붉은고추,2022-03-18,가락도매,136000
붉은고추,2022-03-18,평균,136000
붉은고추,2022-03-18,평년,119350
붉은고추,2022-03-21,가락도매,156000
붉은고추,2022-03-21,평균,156000
붉은고추,2022-03-21,평년,122283
붉은고추,2022-03-22,가락도매,171000
붉은고추,2022-03-22,평균,171000
붉은고추,2022-03-22,평년,122617
붉은고추,2022-03-23,가락도매,131000
붉은고추,2022-03-23,평균,131000
붉은고추,2022-03-23,평년,123667
붉은고추,2022-03-24,가락도매,122000
붉은고추,2022-03-24,평균,122000
붉은고추,2022-03-24,평년,125000
붉은고추,2022-03-25,가락도매,143000
붉은고추,2022-03-25,평균,143000
붉은고추,2022-03-25,평년,125117
붉은고추,2022-03-28,가락도매,159000
붉은고추,2022-03-28,평균,159000
붉은고추,2022-03-28,평년,119450
붉은고추,2022-03-29,가락도매,155000
붉은고추,2022-03-29,평균,155000
붉은고추,2022-03-29,평년,119167
붉은고추,2022-03-30,가락도매,167000
붉은고추,2022-03-30,평균,167000
붉은고추,2022-03-30,평년,118400
붉은고추,2022-03-31,가락도매,160000
붉은고추,2022-03-31,평균,160000
붉은고추,2022-03-31,평년,117933
붉은고추,2022-04-01,가락도매,157000
붉은고추,2022-04-01,평균,157000
붉은고추,2022-04-01,평년,122183
붉은고추,2022-04-04,가락도매,156000
붉은고추,2022-04-04,평균,156000
붉은고추,2022-04-04,평년,133950
붉은고추,2022-04-05,가락도매,154000
붉은고추,2022-04-05,평균,154000
붉은고추,2022-04-05,평년,130217
붉은고추,2022-04-06,가락도매,136000
붉은고추,2022-04-06,평균,136000
붉은고추,2022-04-06,평년,127200
붉은고추,2022-04-07,가락도매,127000
붉은고추,2022-04-07,평균,127000
붉은고추,2022-04-07,평년,128200
붉은고추,2022-04-08,가락도매,120000
붉은고추,2022-04-08,평균,120000
붉은고추,2022-04-08,평년,129867
붉은고추,2022-04-11,가락도매,115000
붉은고추,2022-04-11,평균,115000
붉은고추,2022-04-11,평년,114750
붉은고추,2022-04-12,가락도매,116000
붉은고추,2022-04-12,평균,116000
붉은고추,2022-04-12,평년,114750
붉은고추,2022-04-13,가락도매,113000
붉은고추,2022-04-13,평균,113000
붉은고추,2022-04-13,평년,116667
붉은고추,2022-04-14,가락도매,96500
붉은고추,2022-04-14,평균,96500
붉은고추,2022-04-14,평년,115850
붉은고추,2022-04-15,가락도매,77000
붉은고추,2022-04-15,평균,77000
붉은고추,2022-04-15,평년,115000
붉은고추,2022-04-18,가락도매,67700
붉은고추,2022-04-18,평균,67700
붉은고추,2022-04-18,평년,106667
붉은고추,2022-04-19,가락도매,68200
붉은고추,2022-04-19,평균,68200
붉은고추,2022-04-19,평년,101447
붉은고추,2022-04-20,가락도매,68700
붉은고추,2022-04-20,평균,68700
붉은고추,2022-04-20,평년,92247
붉은고추,2022-04-21,가락도매,68000
붉은고추,2022-04-21,평균,68000
붉은고추,2022-04-21,평년,83247
붉은고추,2022-04-22,가락도매,76500
붉은고추,2022-04-22,평균,76500
붉은고추,2022-04-22,평년,78080
붉은고추,2022-04-25,가락도매,88700
붉은고추,2022-04-25,평균,88700
붉은고추,2022-04-25,평년,74700
붉은고추,2022-04-26,가락도매,86700
붉은고추,2022-04-26,평균,86700
붉은고추,2022-04-26,평년,74017
붉은고추,2022-04-27,가락도매,86700
붉은고추,2022-04-27,평균,86700
붉은고추,2022-04-27,평년,74383
붉은고추,2022-04-28,가락도매,69000
붉은고추,2022-04-28,평균,69000
붉은고추,2022-04-28,평년,73117
붉은고추,2022-04-29,가락도매,66000
붉은고추,2022-04-29,평균,66000
붉은고추,2022-04-29,평년,71867
붉은고추,2022-05-02,가락도매,79000
붉은고추,2022-05-02,평균,79000
붉은고추,2022-05-02,평년,71783
붉은고추,2022-05-03,가락도매,76500
붉은고추,2022-05-03,평균,76500
붉은고추,2022-05-03,평년,71850
붉은고추,2022-05-04,가락도매,82200
붉은고추,2022-05-04,평균,82200
붉은고추,2022-05-04,평년,70233
붉은고추,2022-05-06,가락도매,99500
붉은고추,2022-05-06,평균,99500
붉은고추,2022-05-06,평년,68633
붉은고추,2022-05-09,가락도매,112000
붉은고추,2022-05-09,평균,112000
붉은고추,2022-05-09,평년,64267
붉은고추,2022-05-10,가락도매,116000
붉은고추,2022-05-10,평균,116000
붉은고추,2022-05-10,평년,61067
붉은고추,2022-05-11,가락도매,111000
붉은고추,2022-05-11,평균,111000
붉은고추,2022-05-11,평년,58883
붉은고추,2022-05-12,가락도매,110000
붉은고추,2022-05-12,평균,110000
붉은고추,2022-05-12,평년,57600
붉은고추,2022-05-13,가락도매,111000
붉은고추,2022-05-13,평균,111000
붉은고추,2022-05-13,평년,57083
붉은고추,2022-05-16,가락도매,123000
붉은고추,2022-05-16,평균,123000
붉은고추,2022-05-16,평년,52000
붉은고추,2022-05-17,가락도매,128000
붉은고추,2022-05-17,평균,128000
붉은고추,2022-05-17,평년,51267
붉은고추,2022-05-18,가락도매,128000
붉은고추,2022-05-18,평균,128000
붉은고추,2022-05-18,평년,52097
붉은고추,2022-05-19,가락도매,98000
붉은고추,2022-05-19,평균,98000
붉은고추,2022-05-19,평년,52558
붉은고추,2022-05-20,가락도매,87700
붉은고추,2022-05-20,평균,87700
붉은고추,2022-05-20,평년,52813
붉은고추,2022-05-23,가락도매,82700
붉은고추,2022-05-23,평균,82700
붉은고추,2022-05-23,평년,52583
붉은고추,2022-05-24,가락도매,77700
붉은고추,2022-05-24,평균,77700
붉은고추,2022-05-24,평년,51910
붉은고추,2022-05-25,가락도매,75500
붉은고추,2022-05-25,평균,75500
붉은고추,2022-05-25,평년,54293
붉은고추,2022-05-26,가락도매,76000
붉은고추,2022-05-26,평균,76000
붉은고추,2022-05-26,평년,59547
붉은고추,2022-05-27,가락도매,77500
붉은고추,2022-05-27,평균,77500
붉은고추,2022-05-27,평년,63847
붉은고추,2022-05-30,가락도매,60700
붉은고추,2022-05-30,평균,60700
붉은고추,2022-05-30,평년,66717
붉은고추,2022-05-31,가락도매,59500
붉은고추,2022-05-31,평균,59500
붉은고추,2022-05-31,평년,66050
붉은고추,2022-06-02,가락도매,65700
붉은고추,2022-06-02,평균,65700
붉은고추,2022-06-02,평년,63683
붉은고추,2022-06-03,가락도매,63000
붉은고추,2022-06-03,평균,63000
붉은고추,2022-06-03,평년,62173
붉은고추,2022-06-07,가락도매,89500
붉은고추,2022-06-07,평균,89500
붉은고추,2022-06-07,평년,63393
붉은고추,2022-06-08,가락도매,100000
붉은고추,2022-06-08,평균,100000
붉은고추,2022-06-08,평년,64143
붉은고추,2022-06-09,가락도매,111000
붉은고추,2022-06-09,평균,111000
붉은고추,2022-06-09,평년,62843
붉은고추,2022-06-10,가락도매,85700
붉은고추,2022-06-10,평균,85700
붉은고추,2022-06-10,평년,62780
붉은고추,2022-06-13,가락도매,77000
붉은고추,2022-06-13,평균,77000
붉은고추,2022-06-13,평년,64933
붉은고추,2022-06-14,가락도매,80000
붉은고추,2022-06-14,평균,80000
붉은고추,2022-06-14,평년,64260
붉은고추,2022-06-15,가락도매,80000
붉은고추,2022-06-15,평균,80000
붉은고추,2022-06-15,평년,62990
붉은고추,2022-06-16,가락도매,81500
붉은고추,2022-06-16,평균,81500
붉은고추,2022-06-16,평년,62727
붉은고추,2022-06-17,가락도매,86500
붉은고추,2022-06-17,평균,86500
붉은고추,2022-06-17,평년,61550
붉은고추,2022-06-20,가락도매,76500
붉은고추,2022-06-20,평균,76500
붉은고추,2022-06-20,평년,58133
붉은고추,2022-06-21,가락도매,65000
붉은고추,2022-06-21,평균,65000
붉은고추,2022-06-21,평년,58560
붉은고추,2022-06-22,가락도매,62700
붉은고추,2022-06-22,평균,62700
붉은고추,2022-06-22,평년,58613
붉은고추,2022-06-23,가락도매,64700
붉은고추,2022-06-23,평균,64700
붉은고추,2022-06-23,평년,60860
붉은고추,2022-06-24,가락도매,66200
붉은고추,2022-06-24,평균,66200
붉은고추,2022-06-24,평년,61593
붉은고추,2022-06-27,가락도매,66700
붉은고추,2022-06-27,평균,66700
붉은고추,2022-06-27,평년,56200
붉은고추,2022-06-28,가락도매,62000
붉은고추,2022-06-28,평균,62000
붉은고추,2022-06-28,평년,54933
붉은고추,2022-06-29,가락도매,50700
붉은고추,2022-06-29,평균,50700
붉은고추,2022-06-29,평년,54967
붉은고추,2022-06-30,가락도매,51700
붉은고추,2022-06-30,평균,51700
붉은고추,2022-06-30,평년,55650
붉은고추,2022-07-01,가락도매,51200
붉은고추,2022-07-01,평균,51200
붉은고추,2022-07-01,평년,55167
붉은고추,2022-07-04,가락도매,66200
붉은고추,2022-07-04,평균,66200
붉은고추,2022-07-04,평년,58033
붉은고추,2022-07-05,가락도매,64700
붉은고추,2022-07-05,평균,64700
붉은고추,2022-07-05,평년,58967
붉은고추,2022-07-06,가락도매,66000
붉은고추,2022-07-06,평균,66000
붉은고추,2022-07-06,평년,60973
붉은고추,2022-07-07,가락도매,64000
붉은고추,2022-07-07,평균,64000
붉은고추,2022-07-07,평년,61767
붉은고추,2022-07-08,가락도매,60200
붉은고추,2022-07-08,평균,60200
붉은고추,2022-07-08,평년,60933
붉은고추,2022-07-11,가락도매,74700
붉은고추,2022-07-11,평균,74700
붉은고추,2022-07-11,평년,57583
붉은고추,2022-07-12,가락도매,69200
붉은고추,2022-07-12,평균,69200
붉은고추,2022-07-12,평년,56893
붉은고추,2022-07-13,가락도매,63200
붉은고추,2022-07-13,평균,63200
붉은고추,2022-07-13,평년,57710
붉은고추,2022-07-14,가락도매,67200
붉은고추,2022-07-14,평균,67200
붉은고추,2022-07-14,평년,54950
붉은고추,2022-07-15,가락도매,68200
붉은고추,2022-07-15,평균,68200
붉은고추,2022-07-15,평년,54600
붉은고추,2022-07-18,가락도매,56500
붉은고추,2022-07-18,평균,56500
붉은고추,2022-07-18,평년,52400
붉은고추,2022-07-19,가락도매,59200
붉은고추,2022-07-19,평균,59200
붉은고추,2022-07-19,평년,54400
붉은고추,2022-07-20,가락도매,55000
붉은고추,2022-07-20,평균,55000
붉은고추,2022-07-20,평년,56033
붉은고추,2022-07-21,가락도매,56700
붉은고추,2022-07-21,평균,56700
붉은고추,2022-07-21,평년,56417
붉은고추,2022-07-22,가락도매,58200
붉은고추,2022-07-22,평균,58200
붉은고추,2022-07-22,평년,56160
붉은고추,2022-07-25,가락도매,59500
붉은고추,2022-07-25,평균,59500
붉은고추,2022-07-25,평년,54642
붉은고추,2022-07-26,가락도매,58700
붉은고추,2022-07-26,평균,58700
붉은고추,2022-07-26,평년,54818
붉은고추,2022-07-27,가락도매,58200
붉은고추,2022-07-27,평균,58200
붉은고추,2022-07-27,평년,57393
붉은고추,2022-07-28,가락도매,60700
붉은고추,2022-07-28,평균,60700
붉은고추,2022-07-28,평년,58180
붉은고추,2022-07-29,가락도매,60700
붉은고추,2022-07-29,평균,60700
붉은고추,2022-07-29,평년,59660
붉은고추,2022-08-01,가락도매,65500
붉은고추,2022-08-01,평균,65500
붉은고추,2022-08-01,평년,60292
붉은고추,2022-08-02,가락도매,80700
붉은고추,2022-08-02,평균,80700
붉은고추,2022-08-02,평년,61298
붉은고추,2022-08-03,가락도매,88000
붉은고추,2022-08-03,평균,88000
붉은고추,2022-08-03,평년,61160
붉은고추,2022-08-04,가락도매,90700
붉은고추,2022-08-04,평균,90700
붉은고추,2022-08-04,평년,63327
붉은고추,2022-08-05,가락도매,78000
붉은고추,2022-08-05,평균,78000
붉은고추,2022-08-05,평년,66013
붉은고추,2022-08-08,가락도매,72500
붉은고추,2022-08-08,평균,72500
붉은고추,2022-08-08,평년,66733
붉은고추,2022-08-09,가락도매,64000
붉은고추,2022-08-09,평균,64000
붉은고추,2022-08-09,평년,64733
붉은고추,2022-08-10,가락도매,56200
붉은고추,2022-08-10,평균,56200
붉은고추,2022-08-10,평년,61673
붉은고추,2022-08-11,가락도매,73200
붉은고추,2022-08-11,평균,73200
붉은고추,2022-08-11,평년,60840
붉은고추,2022-08-12,가락도매,69500
붉은고추,2022-08-12,평균,69500
붉은고추,2022-08-12,평년,58900
붉은고추,2022-08-16,가락도매,71000
붉은고추,2022-08-16,평균,71000
붉은고추,2022-08-16,평년,53825
붉은고추,2022-08-17,가락도매,87000
붉은고추,2022-08-17,평균,87000
붉은고추,2022-08-17,평년,52893
붉은고추,2022-08-18,가락도매,75700
붉은고추,2022-08-18,평균,75700
붉은고추,2022-08-18,평년,51277
붉은고추,2022-08-19,가락도매,75000
붉은고추,2022-08-19,평균,75000
붉은고추,2022-08-19,평년,49763
붉은고추,2022-08-22,가락도매,83700
붉은고추,2022-08-22,평균,83700
붉은고추,2022-08-22,평년,48275
붉은고추,2022-08-23,가락도매,81200
붉은고추,2022-08-23,평균,81200
붉은고추,2022-08-23,평년,47393
붉은고추,2022-08-24,가락도매,79200
붉은고추,2022-08-24,평균,79200
붉은고추,2022-08-24,평년,46223
붉은고추,2022-08-25,가락도매,78200
붉은고추,2022-08-25,평균,78200
붉은고추,2022-08-25,평년,46240
붉은고추,2022-08-26,가락도매,67000
붉은고추,2022-08-26,평균,67000
붉은고추,2022-08-26,평년,46087
붉은고추,2022-08-29,가락도매,59200
붉은고추,2022-08-29,평균,59200
붉은고추,2022-08-29,평년,46858
붉은고추,2022-08-30,가락도매,77000
붉은고추,2022-08-30,평균,77000
붉은고추,2022-08-30,평년,47387
붉은고추,2022-08-31,가락도매,73700
붉은고추,2022-08-31,평균,73700
붉은고추,2022-08-31,평년,48740
붉은고추,2022-09-01,가락도매,73700
붉은고추,2022-09-01,평균,73700
붉은고추,2022-09-01,평년,49557
붉은고추,2022-09-02,가락도매,71200
붉은고추,2022-09-02,평균,71200
붉은고추,2022-09-02,평년,50077
붉은고추,2022-09-05,가락도매,110000
붉은고추,2022-09-05,평균,110000
붉은고추,2022-09-05,평년,50808
붉은고추,2022-09-06,가락도매,89500
붉은고추,2022-09-06,평균,89500
붉은고추,2022-09-06,평년,50930
붉은고추,2022-09-07,가락도매,93700
붉은고추,2022-09-07,평균,93700
붉은고추,2022-09-07,평년,51627
붉은고추,2022-09-08,가락도매,96200
붉은고추,2022-09-08,평균,96200
붉은고추,2022-09-08,평년,52210
붉은고추,2022-09-13,가락도매,92200
붉은고추,2022-09-13,평균,92200
붉은고추,2022-09-13,평년,62780
붉은고추,2022-09-14,가락도매,94700
붉은고추,2022-09-14,평균,94700
붉은고추,2022-09-14,평년,65387
붉은고추,2022-09-15,가락도매,95500
붉은고추,2022-09-15,평균,95500
붉은고추,2022-09-15,평년,66533
붉은고추,2022-09-16,가락도매,94700
붉은고추,2022-09-16,평균,94700
붉은고추,2022-09-16,평년,66950
붉은고추,2022-09-19,가락도매,71200
붉은고추,2022-09-19,평균,71200
붉은고추,2022-09-19,평년,72592
붉은고추,2022-09-20,가락도매,120000
붉은고추,2022-09-20,평균,120000
붉은고추,2022-09-20,평년,74125
붉은고추,2022-09-21,가락도매,120000
붉은고추,2022-09-21,평균,120000
붉은고추,2022-09-21,평년,76792
붉은고추,2022-09-22,가락도매,125000
붉은고추,2022-09-22,평균,125000
붉은고추,2022-09-22,평년,79508
붉은고추,2022-09-23,가락도매,123000
붉은고추,2022-09-23,평균,123000
붉은고추,2022-09-23,평년,79217
붉은고추,2022-09-26,가락도매,117000
붉은고추,2022-09-26,평균,117000
붉은고추,2022-09-26,평년,80708
붉은고추,2022-09-27,가락도매,116000
붉은고추,2022-09-27,평균,116000
붉은고추,2022-09-27,평년,80213
붉은고추,2022-09-28,가락도매,122000
붉은고추,2022-09-28,평균,122000
붉은고추,2022-09-28,평년,77167
붉은고추,2022-09-29,가락도매,142000
붉은고추,2022-09-29,평균,142000
붉은고추,2022-09-29,평년,74583
붉은고추,2022-09-30,가락도매,147000
붉은고추,2022-09-30,평균,147000
붉은고추,2022-09-30,평년,74867
붉은고추,2022-10-04,가락도매,155000
붉은고추,2022-10-04,평균,155000
붉은고추,2022-10-04,평년,78250
붉은고추,2022-10-05,가락도매,152000
붉은고추,2022-10-05,평균,152000
붉은고추,2022-10-05,평년,81750
붉은고추,2022-10-06,가락도매,150000
붉은고추,2022-10-06,평균,150000
붉은고추,2022-10-06,평년,82500
붉은고추,2022-10-07,가락도매,168000
붉은고추,2022-10-07,평균,168000
붉은고추,2022-10-07,평년,82333
붉은고추,2022-10-11,가락도매,102000
붉은고추,2022-10-11,평균,102000
붉은고추,2022-10-11,평년,84333
붉은고추,2022-10-12,가락도매,110000
붉은고추,2022-10-12,평균,110000
붉은고추,2022-10-12,평년,83417
붉은고추,2022-10-13,가락도매,117000
붉은고추,2022-10-13,평균,117000
붉은고추,2022-10-13,평년,82500
붉은고추,2022-10-14,가락도매,107000
붉은고추,2022-10-14,평균,107000
붉은고추,2022-10-14,평년,82417
붉은고추,2022-10-17,가락도매,127000
붉은고추,2022-10-17,평균,127000
붉은고추,2022-10-17,평년,82667
붉은고추,2022-10-18,가락도매,138000
붉은고추,2022-10-18,평균,138000
붉은고추,2022-10-18,평년,84000
붉은고추,2022-10-19,가락도매,137000
붉은고추,2022-10-19,평균,137000
붉은고추,2022-10-19,평년,85717
붉은고추,2022-10-20,가락도매,136000
붉은고추,2022-10-20,평균,136000
붉은고추,2022-10-20,평년,87383
붉은고추,2022-10-21,가락도매,143000
붉은고추,2022-10-21,평균,143000
붉은고추,2022-10-21,평년,88250
붉은고추,2022-10-24,가락도매,161000
붉은고추,2022-10-24,평균,161000
붉은고추,2022-10-24,평년,86800
붉은고추,2022-10-25,가락도매,147000
붉은고추,2022-10-25,평균,147000
붉은고추,2022-10-25,평년,87133
붉은고추,2022-10-26,가락도매,141000
붉은고추,2022-10-26,평균,141000
붉은고추,2022-10-26,평년,89360
붉은고추,2022-10-27,가락도매,143000
붉은고추,2022-10-27,평균,143000
붉은고추,2022-10-27,평년,91993
붉은고추,2022-10-28,가락도매,145000
붉은고추,2022-10-28,평균,145000
붉은고추,2022-10-28,평년,93477
붉은고추,2022-10-31,가락도매,119000
붉은고추,2022-10-31,평균,119000
붉은고추,2022-10-31,평년,100683
붉은고추,2022-11-01,가락도매,115000
붉은고추,2022-11-01,평균,115000
붉은고추,2022-11-01,평년,99273
붉은고추,2022-11-02,가락도매,114000
붉은고추,2022-11-02,평균,114000
붉은고추,2022-11-02,평년,98027
붉은고추,2022-11-03,가락도매,104000
붉은고추,2022-11-03,평균,104000
붉은고추,2022-11-03,평년,97460
붉은고추,2022-11-04,가락도매,113000
붉은고추,2022-11-04,평균,113000
붉은고추,2022-11-04,평년,96943
붉은고추,2022-11-07,가락도매,91500
붉은고추,2022-11-07,평균,91500
붉은고추,2022-11-07,평년,94992
붉은고추,2022-11-08,가락도매,90000
붉은고추,2022-11-08,평균,90000
붉은고추,2022-11-08,평년,95967
붉은고추,2022-11-09,가락도매,81700
붉은고추,2022-11-09,평균,81700
붉은고추,2022-11-09,평년,95167
붉은고추,2022-11-10,가락도매,85000
붉은고추,2022-11-10,평균,85000
붉은고추,2022-11-10,평년,93267
붉은고추,2022-11-11,가락도매,85000
붉은고추,2022-11-11,평균,85000
붉은고추,2022-11-11,평년,92833
붉은고추,2022-11-14,가락도매,73000
붉은고추,2022-11-14,평균,73000
붉은고추,2022-11-14,평년,86067
붉은고추,2022-11-15,가락도매,81200
붉은고추,2022-11-15,평균,81200
붉은고추,2022-11-15,평년,81133
붉은고추,2022-11-16,가락도매,82700
붉은고추,2022-11-16,평균,82700
붉은고추,2022-11-16,평년,76800
붉은고추,2022-11-17,가락도매,79700
붉은고추,2022-11-17,평균,79700
붉은고추,2022-11-17,평년,73000
붉은고추,2022-11-18,가락도매,78200
붉은고추,2022-11-18,평균,78200
붉은고추,2022-11-18,평년,73000
붉은고추,2022-11-21,가락도매,78200
붉은고추,2022-11-21,평균,78200
붉은고추,2022-11-21,평년,68400
붉은고추,2022-11-22,가락도매,73000
붉은고추,2022-11-22,평균,73000
붉은고추,2022-11-22,평년,67933
붉은고추,2022-11-23,가락도매,72500
붉은고추,2022-11-23,평균,72500
붉은고추,2022-11-23,평년,68917
붉은고추,2022-11-24,가락도매,72000
붉은고추,2022-11-24,평균,72000
붉은고추,2022-11-24,평년,70330
붉은고추,2022-11-25,가락도매,72000
붉은고추,2022-11-25,평균,72000
붉은고추,2022-11-25,평년,69047
붉은고추,2022-11-28,가락도매,72000
붉은고추,2022-11-28,평균,72000
붉은고추,2022-11-28,평년,67725
붉은고추,2022-11-29,가락도매,80000
붉은고추,2022-11-29,평균,80000
붉은고추,2022-11-29,평년,69033
붉은고추,2022-11-30,가락도매,83700
붉은고추,2022-11-30,평균,83700
붉은고추,2022-11-30,평년,70700
붉은고추,2022-12-01,가락도매,85200
붉은고추,2022-12-01,평균,85200
붉은고추,2022-12-01,평년,71883
붉은고추,2022-12-05,가락도매,86000
붉은고추,2022-12-05,평균,86000
붉은고추,2022-12-05,평년,74192
붉은고추,2022-12-06,가락도매,94000
붉은고추,2022-12-06,평균,94000
붉은고추,2022-12-06,평년,74350
붉은고추,2022-12-07,가락도매,102000
붉은고추,2022-12-07,평균,102000
붉은고추,2022-12-07,평년,74550
붉은고추,2022-12-08,가락도매,105000
붉은고추,2022-12-08,평균,105000
붉은고추,2022-12-08,평년,74950
붉은고추,2022-12-09,가락도매,92200
붉은고추,2022-12-09,평균,92200
붉은고추,2022-12-09,평년,74067
붉은고추,2022-12-12,가락도매,92200
붉은고추,2022-12-12,평균,92200
붉은고추,2022-12-12,평년,71475
붉은고추,2022-12-13,가락도매,112000
붉은고추,2022-12-13,평균,112000
붉은고추,2022-12-13,평년,70908
붉은고추,2022-12-14,가락도매,104000
붉은고추,2022-12-14,평균,104000
붉은고추,2022-12-14,평년,70577
붉은고추,2022-12-15,가락도매,104000
붉은고추,2022-12-15,평균,104000
붉은고추,2022-12-15,평년,71137
붉은고추,2022-12-16,가락도매,97000
붉은고추,2022-12-16,평균,97000
붉은고추,2022-12-16,평년,71853
붉은고추,2022-12-19,가락도매,103000
붉은고추,2022-12-19,평균,103000
붉은고추,2022-12-19,평년,70875
붉은고추,2022-12-20,가락도매,103000
붉은고추,2022-12-20,평균,103000
붉은고추,2022-12-20,평년,71070
붉은고추,2022-12-21,가락도매,115000
붉은고추,2022-12-21,평균,115000
붉은고추,2022-12-21,평년,71433
붉은고추,2022-12-22,가락도매,117000
붉은고추,2022-12-22,평균,117000
붉은고추,2022-12-22,평년,71280
붉은고추,2022-12-23,가락도매,124000
붉은고추,2022-12-23,평균,124000
붉은고추,2022-12-23,평년,70660
붉은고추,2022-12-26,가락도매,123000
붉은고추,2022-12-26,평균,123000
붉은고추,2022-12-26,평년,69767
붉은고추,2022-12-27,가락도매,123000
붉은고추,2022-12-27,평균,123000
붉은고추,2022-12-27,평년,69075
붉은고추,2022-12-28,가락도매,124000
붉은고추,2022-12-28,평균,124000
붉은고추,2022-12-28,평년,67027
붉은고추,2022-12-29,가락도매,119000
붉은고추,2022-12-29,평균,119000
붉은고추,2022-12-29,평년,64680
붉은고추,2022-12-30,가락도매,118000
붉은고추,2022-12-30,평균,118000
붉은고추,2022-12-30,평년,62897
붉은고추,2023-01-02,가락도매,118000
붉은고추,2023-01-02,평균,118000
붉은고추,2023-01-02,평년,60100
붉은고추,2023-01-03,가락도매,120000
붉은고추,2023-01-03,평균,120000
붉은고추,2023-01-03,평년,59100
붉은고추,2023-01-04,가락도매,115000
붉은고추,2023-01-04,평균,115000
붉은고추,2023-01-04,평년,58010
붉은고추,2023-01-05,가락도매,112000
붉은고추,2023-01-05,평균,112000
붉은고추,2023-01-05,평년,56243
붉은고추,2023-01-06,가락도매,99200
붉은고추,2023-01-06,평균,99200
붉은고추,2023-01-06,평년,55110
붉은고추,2023-01-09,가락도매,85200
붉은고추,2023-01-09,평균,85200
붉은고추,2023-01-09,평년,50867
붉은고추,2023-01-10,가락도매,92200
붉은고추,2023-01-10,평균,92200
붉은고추,2023-01-10,평년,50783
붉은고추,2023-01-11,가락도매,91000
붉은고추,2023-01-11,평균,91000
붉은고추,2023-01-11,평년,51507
붉은고추,2023-01-12,가락도매,94500
붉은고추,2023-01-12,평균,94500
붉은고추,2023-01-12,평년,51560
붉은고추,2023-01-13,가락도매,94500
붉은고추,2023-01-13,평균,94500
붉은고추,2023-01-13,평년,52560
붉은고추,2023-01-16,가락도매,111000
붉은고추,2023-01-16,평균,111000
붉은고추,2023-01-16,평년,55717
붉은고추,2023-01-17,가락도매,116000
붉은고추,2023-01-17,평균,116000
붉은고추,2023-01-17,평년,56692
붉은고추,2023-01-18,가락도매,120000
붉은고추,2023-01-18,평균,120000
붉은고추,2023-01-18,평년,58360
붉은고추,2023-01-19,가락도매,106000
붉은고추,2023-01-19,평균,106000
붉은고추,2023-01-19,평년,59753
붉은고추,2023-01-20,가락도매,99500
붉은고추,2023-01-20,평균,99500
붉은고추,2023-01-20,평년,61313
붉은고추,2023-01-25,가락도매,79700
붉은고추,2023-01-25,평균,79700
붉은고추,2023-01-25,평년,65260
붉은고추,2023-01-26,가락도매,80700
붉은고추,2023-01-26,평균,80700
붉은고추,2023-01-26,평년,65060
붉은고추,2023-01-27,가락도매,90500
붉은고추,2023-01-27,평균,90500
붉은고추,2023-01-27,평년,65147
붉은고추,2023-01-30,가락도매,86500
붉은고추,2023-01-30,평균,86500
붉은고추,2023-01-30,평년,62975
붉은고추,2023-01-31,가락도매,81200
붉은고추,2023-01-31,평균,81200
붉은고추,2023-01-31,평년,62975
붉은고추,2023-02-01,가락도매,76200
붉은고추,2023-02-01,평균,76200
붉은고추,2023-02-01,평년,63860
붉은고추,2023-02-02,가락도매,78500
붉은고추,2023-02-02,평균,78500
붉은고추,2023-02-02,평년,65763
붉은고추,2023-02-03,가락도매,83500
붉은고추,2023-02-03,평균,83500
붉은고추,2023-02-03,평년,66663
붉은고추,2023-02-06,가락도매,83500
붉은고추,2023-02-06,평균,83500
붉은고추,2023-02-06,평년,72600
붉은고추,2023-02-07,가락도매,60700
붉은고추,2023-02-07,평균,60700
붉은고추,2023-02-07,평년,71950
붉은고추,2023-02-08,가락도매,61500
붉은고추,2023-02-08,평균,61500
붉은고추,2023-02-08,평년,70483
붉은고추,2023-02-09,가락도매,64000
붉은고추,2023-02-09,평균,64000
붉은고추,2023-02-09,평년,66650
붉은고추,2023-02-10,가락도매,63200
붉은고추,2023-02-10,평균,63200
붉은고추,2023-02-10,평년,66613
붉은고추,2023-02-13,가락도매,57700
붉은고추,2023-02-13,평균,57700
붉은고추,2023-02-13,평년,64750
붉은고추,2023-02-14,가락도매,62000
붉은고추,2023-02-14,평균,62000
붉은고추,2023-02-14,평년,65160
붉은고추,2023-02-15,가락도매,65500
붉은고추,2023-02-15,평균,65500
붉은고추,2023-02-15,평년,66260
붉은고추,2023-02-16,가락도매,68200
붉은고추,2023-02-16,평균,68200
붉은고추,2023-02-16,평년,63713
붉은고추,2023-02-17,가락도매,78500
붉은고추,2023-02-17,평균,78500
붉은고추,2023-02-17,평년,59847
붉은고추,2023-02-20,가락도매,136000
붉은고추,2023-02-20,평균,136000
붉은고추,2023-02-20,평년,62308
붉은고추,2023-02-21,가락도매,141000
붉은고추,2023-02-21,평균,141000
붉은고추,2023-02-21,평년,63708
붉은고추,2023-02-22,가락도매,128000
붉은고추,2023-02-22,평균,128000
붉은고추,2023-02-22,평년,65300
붉은고추,2023-02-23,가락도매,123000
붉은고추,2023-02-23,평균,123000
붉은고추,2023-02-23,평년,66383
붉은고추,2023-02-24,가락도매,118000
붉은고추,2023-02-24,평균,118000
붉은고추,2023-02-24,평년,67817
붉은고추,2023-02-27,가락도매,118000
붉은고추,2023-02-27,평균,118000
붉은고추,2023-02-27,평년,78892
붉은고추,2023-02-28,가락도매,140000
붉은고추,2023-02-28,평균,140000
붉은고추,2023-02-28,평년,80625
붉은고추,2023-03-02,가락도매,150000
붉은고추,2023-03-02,평균,150000
붉은고추,2023-03-02,평년,81880
붉은고추,2023-03-03,가락도매,176000
붉은고추,2023-03-03,평균,176000
붉은고추,2023-03-03,평년,83780
붉은고추,2023-03-06,가락도매,172000
붉은고추,2023-03-06,평균,172000
붉은고추,2023-03-06,평년,96875
붉은고추,2023-03-07,가락도매,163000
붉은고추,2023-03-07,평균,163000
붉은고추,2023-03-07,평년,98942
붉은고추,2023-03-08,가락도매,147000
붉은고추,2023-03-08,평균,147000
붉은고추,2023-03-08,평년,100313
붉은고추,2023-03-09,가락도매,144000
붉은고추,2023-03-09,평균,144000
붉은고추,2023-03-09,평년,104900
붉은고추,2023-03-10,가락도매,144000
붉은고추,2023-03-10,평균,144000
붉은고추,2023-03-10,평년,111067
붉은고추,2023-03-13,가락도매,187000
붉은고추,2023-03-13,평균,187000
붉은고추,2023-03-13,평년,123350
붉은고추,2023-03-14,가락도매,196000
붉은고추,2023-03-14,평균,196000
붉은고추,2023-03-14,평년,125217
붉은고추,2023-03-15,가락도매,210000
붉은고추,2023-03-15,평균,210000
붉은고추,2023-03-15,평년,126550
붉은고추,2023-03-16,가락도매,239000
붉은고추,2023-03-16,평균,239000
붉은고추,2023-03-16,평년,128133
붉은고추,2023-03-17,가락도매,203000
붉은고추,2023-03-17,평균,203000
붉은고추,2023-03-17,평년,133667
붉은고추,2023-03-20,가락도매,197000
붉은고추,2023-03-20,평균,197000
붉은고추,2023-03-20,평년,141550
붉은고추,2023-03-21,가락도매,236000
붉은고추,2023-03-21,평균,236000
붉은고추,2023-03-21,평년,140883
붉은고추,2023-03-22,가락도매,242000
붉은고추,2023-03-22,평균,242000
붉은고추,2023-03-22,평년,140817
붉은고추,2023-03-23,가락도매,242000
붉은고추,2023-03-23,평균,242000
붉은고추,2023-03-23,평년,142200
붉은고추,2023-03-24,가락도매,255000
붉은고추,2023-03-24,평균,255000
붉은고추,2023-03-24,평년,142933
붉은고추,2023-03-27,가락도매,258000
붉은고추,2023-03-27,평균,258000
붉은고추,2023-03-27,평년,138800
붉은고추,2023-03-28,가락도매,235000
붉은고추,2023-03-28,평균,235000
붉은고추,2023-03-28,평년,138983
붉은고추,2023-03-29,가락도매,213000
붉은고추,2023-03-29,평균,213000
붉은고추,2023-03-29,평년,141500
붉은고추,2023-03-30,가락도매,179000
붉은고추,2023-03-30,평균,179000
붉은고추,2023-03-30,평년,141467
붉은고추,2023-03-31,가락도매,196000
붉은고추,2023-03-31,평균,196000
붉은고추,2023-03-31,평년,141000
붉은고추,2023-04-03,가락도매,240000
붉은고추,2023-04-03,평균,240000
붉은고추,2023-04-03,평년,153517
붉은고추,2023-04-04,가락도매,237000
붉은고추,2023-04-04,평균,237000
붉은고추,2023-04-04,평년,150617
붉은고추,2023-04-05,가락도매,225000
붉은고추,2023-04-05,평균,225000
붉은고추,2023-04-05,평년,141750
붉은고추,2023-04-06,가락도매,223000
붉은고추,2023-04-06,평균,223000
붉은고추,2023-04-06,평년,134933
붉은고추,2023-04-07,가락도매,215000
붉은고추,2023-04-07,평균,215000
붉은고추,2023-04-07,평년,132333
붉은고추,2023-04-10,가락도매,197000
붉은고추,2023-04-10,평균,197000
붉은고추,2023-04-10,평년,119100
붉은고추,2023-04-11,가락도매,186000
붉은고추,2023-04-11,평균,186000
붉은고추,2023-04-11,평년,114817
붉은고추,2023-04-12,가락도매,175000
붉은고추,2023-04-12,평균,175000
붉은고추,2023-04-12,평년,113450
붉은고추,2023-04-13,가락도매,185000
붉은고추,2023-04-13,평균,185000
붉은고추,2023-04-13,평년,111833
붉은고추,2023-04-14,가락도매,193000
붉은고추,2023-04-14,평균,193000
붉은고추,2023-04-14,평년,107863
붉은고추,2023-04-17,가락도매,233000
붉은고추,2023-04-17,평균,233000
붉은고추,2023-04-17,평년,100183
붉은고추,2023-04-18,가락도매,216000
붉은고추,2023-04-18,평균,216000
붉은고추,2023-04-18,평년,97873
붉은고추,2023-04-19,가락도매,221000
붉은고추,2023-04-19,평균,221000
붉은고추,2023-04-19,평년,94087
붉은고추,2023-04-20,가락도매,226000
붉은고추,2023-04-20,평균,226000
붉은고추,2023-04-20,평년,88520
붉은고추,2023-04-21,가락도매,233000
붉은고추,2023-04-21,평균,233000
붉은고추,2023-04-21,평년,83920
붉은고추,2023-04-24,가락도매,175000
붉은고추,2023-04-24,평균,175000
붉은고추,2023-04-24,평년,80225
붉은고추,2023-04-25,가락도매,175000
붉은고추,2023-04-25,평균,175000
붉은고추,2023-04-25,평년,80473
붉은고추,2023-04-26,가락도매,103000
붉은고추,2023-04-26,평균,103000
붉은고추,2023-04-26,평년,79940
붉은고추,2023-04-27,가락도매,113000
붉은고추,2023-04-27,평균,113000
붉은고추,2023-04-27,평년,79607
붉은고추,2023-04-28,가락도매,113000
붉은고추,2023-04-28,평균,113000
붉은고추,2023-04-28,평년,78077
붉은고추,2023-05-02,가락도매,75700
붉은고추,2023-05-02,평균,75700
붉은고추,2023-05-02,평년,76713
붉은고추,2023-05-03,가락도매,51500
붉은고추,2023-05-03,평균,51500
붉은고추,2023-05-03,평년,78863
붉은고추,2023-05-04,가락도매,93000
붉은고추,2023-05-04,평균,93000
붉은고추,2023-05-04,평년,81313
붉은고추,2023-05-08,가락도매,60000
붉은고추,2023-05-08,평균,60000
붉은고추,2023-05-08,평년,82633
붉은고추,2023-05-09,가락도매,59700
붉은고추,2023-05-09,평균,59700
붉은고추,2023-05-09,평년,81100
붉은고추,2023-05-10,가락도매,62700
붉은고추,2023-05-10,평균,62700
붉은고추,2023-05-10,평년,77067
붉은고추,2023-05-11,가락도매,63000
붉은고추,2023-05-11,평균,63000
붉은고추,2023-05-11,평년,73617
붉은고추,2023-05-12,가락도매,67000
붉은고추,2023-05-12,평균,67000
붉은고추,2023-05-12,평년,71000
붉은고추,2023-05-15,가락도매,95700
붉은고추,2023-05-15,평균,95700
붉은고추,2023-05-15,평년,61733
붉은고추,2023-05-16,가락도매,108000
붉은고추,2023-05-16,평균,108000
붉은고추,2023-05-16,평년,59933
붉은고추,2023-05-17,가락도매,120000
붉은고추,2023-05-17,평균,120000
붉은고추,2023-05-17,평년,58000
붉은고추,2023-05-18,가락도매,132000
붉은고추,2023-05-18,평균,132000
붉은고추,2023-05-18,평년,54630
붉은고추,2023-05-19,가락도매,162000
붉은고추,2023-05-19,평균,162000
붉은고추,2023-05-19,평년,52558
붉은고추,2023-05-22,가락도매,138000
붉은고추,2023-05-22,평균,138000
붉은고추,2023-05-22,평년,52617
붉은고추,2023-05-23,가락도매,119000
붉은고추,2023-05-23,평균,119000
붉은고추,2023-05-23,평년,52583
붉은고추,2023-05-24,가락도매,106000
붉은고추,2023-05-24,평균,106000
붉은고추,2023-05-24,평년,51910
붉은고추,2023-05-25,가락도매,103000
붉은고추,2023-05-25,평균,103000
붉은고추,2023-05-25,평년,54293
붉은고추,2023-05-26,가락도매,123000
붉은고추,2023-05-26,평균,123000
붉은고추,2023-05-26,평년,58827
붉은고추,2023-05-30,가락도매,69700
붉은고추,2023-05-30,평균,69700
붉은고추,2023-05-30,평년,62343
붉은고추,2023-05-31,가락도매,68200
붉은고추,2023-05-31,평균,68200
붉은고추,2023-05-31,평년,62143
붉은고추,2023-06-01,가락도매,65200
붉은고추,2023-06-01,평균,65200
붉은고추,2023-06-01,평년,61158
붉은고추,2023-06-02,가락도매,64500
붉은고추,2023-06-02,평균,64500
붉은고추,2023-06-02,평년,62243
붉은고추,2023-06-05,가락도매,64500
붉은고추,2023-06-05,평균,64500
붉은고추,2023-06-05,평년,61225
붉은고추,2023-06-07,가락도매,66500
붉은고추,2023-06-07,평균,66500
붉은고추,2023-06-07,평년,63393
붉은고추,2023-06-08,가락도매,75000
붉은고추,2023-06-08,평균,75000
붉은고추,2023-06-08,평년,64410
붉은고추,2023-06-09,가락도매,125000
붉은고추,2023-06-09,평균,125000
붉은고추,2023-06-09,평년,64860
붉은고추,2023-06-12,가락도매,99500
붉은고추,2023-06-12,평균,99500
붉은고추,2023-06-12,평년,67533
붉은고추,2023-06-13,가락도매,97700
붉은고추,2023-06-13,평균,97700
붉은고추,2023-06-13,평년,68450
붉은고추,2023-06-14,가락도매,101000
붉은고추,2023-06-14,평균,101000
붉은고추,2023-06-14,평년,68650
붉은고추,2023-06-15,가락도매,135000
붉은고추,2023-06-15,평균,135000
붉은고추,2023-06-15,평년,67117
붉은고추,2023-06-16,가락도매,140000
붉은고추,2023-06-16,평균,140000
붉은고추,2023-06-16,평년,66633
붉은고추,2023-06-19,가락도매,128000
붉은고추,2023-06-19,평균,128000
붉은고추,2023-06-19,평년,65525
붉은고추,2023-06-20,가락도매,132000
붉은고추,2023-06-20,평균,132000
붉은고추,2023-06-20,평년,65213
붉은고추,2023-06-21,가락도매,132000
붉은고추,2023-06-21,평균,132000
붉은고추,2023-06-21,평년,64320
붉은고추,2023-06-22,가락도매,138000
붉은고추,2023-06-22,평균,138000
붉은고추,2023-06-22,평년,63620
붉은고추,2023-06-23,가락도매,140000
붉은고추,2023-06-23,평균,140000
붉은고추,2023-06-23,평년,65813
붉은고추,2023-06-26,가락도매,115000
붉은고추,2023-06-26,평균,115000
붉은고추,2023-06-26,평년,64167
붉은고추,2023-06-27,가락도매,118000
붉은고추,2023-06-27,평균,118000
붉은고추,2023-06-27,평년,60687
붉은고추,2023-06-28,가락도매,118000
붉은고추,2023-06-28,평균,118000
붉은고추,2023-06-28,평년,58620
붉은고추,2023-06-29,가락도매,90000
붉은고추,2023-06-29,평균,90000
붉은고추,2023-06-29,평년,56987
붉은고추,2023-06-30,가락도매,84500
붉은고추,2023-06-30,평균,84500
붉은고추,2023-06-30,평년,56703
붉은고추,2023-07-03,가락도매,79200
붉은고추,2023-07-03,평균,79200
붉은고추,2023-07-03,평년,58410
붉은고추,2023-07-04,가락도매,78200
붉은고추,2023-07-04,평균,78200
붉은고추,2023-07-04,평년,59753
붉은고추,2023-07-05,가락도매,83200
붉은고추,2023-07-05,평균,83200
붉은고추,2023-07-05,평년,61573
붉은고추,2023-07-06,가락도매,86500
붉은고추,2023-07-06,평균,86500
붉은고추,2023-07-06,평년,64380
붉은고추,2023-07-07,가락도매,88500
붉은고추,2023-07-07,평균,88500
붉은고추,2023-07-07,평년,66073
붉은고추,2023-07-10,가락도매,88500
붉은고추,2023-07-10,평균,88500
붉은고추,2023-07-10,평년,62792
붉은고추,2023-07-11,가락도매,77200
붉은고추,2023-07-11,평균,77200
붉은고추,2023-07-11,평년,62737
붉은고추,2023-07-12,가락도매,73700
붉은고추,2023-07-12,평균,73700
붉은고추,2023-07-12,평년,62660
붉은고추,2023-07-13,가락도매,73700
붉은고추,2023-07-13,평균,73700
붉은고추,2023-07-13,평년,64410
붉은고추,2023-07-14,가락도매,72500
붉은고추,2023-07-14,평균,72500
붉은고추,2023-07-14,평년,61037
붉은고추,2023-07-17,가락도매,84200
붉은고추,2023-07-17,평균,84200
붉은고추,2023-07-17,평년,57058
붉은고추,2023-07-18,가락도매,82000
붉은고추,2023-07-18,평균,82000
붉은고추,2023-07-18,평년,56073
붉은고추,2023-07-19,가락도매,84500
붉은고추,2023-07-19,평균,84500
붉은고추,2023-07-19,평년,56440
붉은고추,2023-07-20,가락도매,95500
붉은고추,2023-07-20,평균,95500
붉은고추,2023-07-20,평년,57407
붉은고추,2023-07-21,가락도매,82700
붉은고추,2023-07-21,평균,82700
붉은고추,2023-07-21,평년,58323
붉은고추,2023-07-24,가락도매,80700
붉은고추,2023-07-24,평균,80700
붉은고추,2023-07-24,평년,58408
붉은고추,2023-07-25,가락도매,78000
붉은고추,2023-07-25,평균,78000
붉은고추,2023-07-25,평년,57195
붉은고추,2023-07-26,가락도매,81700
붉은고추,2023-07-26,평균,81700
붉은고추,2023-07-26,평년,58305
붉은고추,2023-07-27,가락도매,78200
붉은고추,2023-07-27,평균,78200
붉은고추,2023-07-27,평년,60180
붉은고추,2023-07-28,가락도매,78200
붉은고추,2023-07-28,평균,78200
붉은고추,2023-07-28,평년,61500
붉은고추,2023-07-31,가락도매,78200
붉은고추,2023-07-31,평균,78200
붉은고추,2023-07-31,평년,65120
붉은고추,2023-08-01,가락도매,75500
붉은고추,2023-08-01,평균,75500
붉은고추,2023-08-01,평년,67465
붉은고추,2023-08-02,가락도매,68200
붉은고추,2023-08-02,평균,68200
붉은고추,2023-08-02,평년,70698
붉은고추,2023-08-03,가락도매,72700
붉은고추,2023-08-03,평균,72700
붉은고추,2023-08-03,평년,72687
붉은고추,2023-08-04,가락도매,74000
붉은고추,2023-08-04,평균,74000
붉은고추,2023-08-04,평년,75320
붉은고추,2023-08-07,가락도매,85200
붉은고추,2023-08-07,평균,85200
붉은고추,2023-08-07,평년,75073
붉은고추,2023-08-08,가락도매,85200
붉은고추,2023-08-08,평균,85200
붉은고추,2023-08-08,평년,72560
붉은고추,2023-08-09,가락도매,74200
붉은고추,2023-08-09,평균,74200
붉은고추,2023-08-09,평년,69393
붉은고추,2023-08-10,가락도매,67500
붉은고추,2023-08-10,평균,67500
붉은고추,2023-08-10,평년,66200
붉은고추,2023-08-11,가락도매,67500
붉은고추,2023-08-11,평균,67500
붉은고추,2023-08-11,평년,65267
붉은고추,2023-08-14,가락도매,68500
붉은고추,2023-08-14,평균,68500
붉은고추,2023-08-14,평년,60885
붉은고추,2023-08-16,가락도매,68500
붉은고추,2023-08-16,평균,68500
붉은고추,2023-08-16,평년,61067
붉은고추,2023-08-17,가락도매,48700
붉은고추,2023-08-17,평균,48700
붉은고추,2023-08-17,평년,60468
붉은고추,2023-08-18,가락도매,59700
붉은고추,2023-08-18,평균,59700
붉은고추,2023-08-18,평년,58510
붉은고추,2023-08-21,가락도매,61700
붉은고추,2023-08-21,평균,61700
붉은고추,2023-08-21,평년,55568
붉은고추,2023-08-22,가락도매,61700
붉은고추,2023-08-22,평균,61700
붉은고추,2023-08-22,평년,55425
붉은고추,2023-08-23,가락도매,63700
붉은고추,2023-08-23,평균,63700
붉은고추,2023-08-23,평년,55143
붉은고추,2023-08-24,가락도매,59700
붉은고추,2023-08-24,평균,59700
붉은고추,2023-08-24,평년,53633
붉은고추,2023-08-25,가락도매,61700
붉은고추,2023-08-25,평균,61700
붉은고추,2023-08-25,평년,53800
붉은고추,2023-08-28,가락도매,61700
붉은고추,2023-08-28,평균,61700
붉은고추,2023-08-28,평년,54758
붉은고추,2023-08-29,가락도매,57500
붉은고추,2023-08-29,평균,57500
붉은고추,2023-08-29,평년,55667
붉은고추,2023-08-30,가락도매,57700
붉은고추,2023-08-30,평균,57700
붉은고추,2023-08-30,평년,54995
붉은고추,2023-08-31,가락도매,57700
붉은고추,2023-08-31,평균,57700
붉은고추,2023-08-31,평년,54613
붉은고추,2023-09-01,가락도매,57700
붉은고추,2023-09-01,평균,57700
붉은고추,2023-09-01,평년,53923
붉은고추,2023-09-04,가락도매,55200
붉은고추,2023-09-04,평균,55200
붉은고추,2023-09-04,평년,51345
붉은고추,2023-09-05,가락도매,55200
붉은고추,2023-09-05,평균,55200
붉은고추,2023-09-05,평년,50808
붉은고추,2023-09-06,가락도매,59500
붉은고추,2023-09-06,평균,59500
붉은고추,2023-09-06,평년,50930
붉은고추,2023-09-07,가락도매,62000
붉은고추,2023-09-07,평균,62000
붉은고추,2023-09-07,평년,51627
붉은고추,2023-09-08,가락도매,64000
붉은고추,2023-09-08,평균,64000
붉은고추,2023-09-08,평년,52210
붉은고추,2023-09-11,가락도매,104000
붉은고추,2023-09-11,평균,104000
붉은고추,2023-09-11,평년,59135
붉은고추,2023-09-12,가락도매,117000
붉은고추,2023-09-12,평균,117000
붉은고추,2023-09-12,평년,61242
붉은고추,2023-09-13,가락도매,121000
붉은고추,2023-09-13,평균,121000
붉은고추,2023-09-13,평년,62780
붉은고추,2023-09-14,가락도매,136000
붉은고추,2023-09-14,평균,136000
붉은고추,2023-09-14,평년,65387
붉은고추,2023-09-15,가락도매,136000
붉은고추,2023-09-15,평균,136000
붉은고추,2023-09-15,평년,68373
붉은고추,2023-09-18,가락도매,90700
붉은고추,2023-09-18,평균,90700
붉은고추,2023-09-18,평년,77485
붉은고추,2023-09-19,가락도매,106000
붉은고추,2023-09-19,평균,106000
붉은고추,2023-09-19,평년,78608
붉은고추,2023-09-20,가락도매,110000
붉은고추,2023-09-20,평균,110000
붉은고추,2023-09-20,평년,79608
붉은고추,2023-09-21,가락도매,101000
붉은고추,2023-09-21,평균,101000
붉은고추,2023-09-21,평년,81738
붉은고추,2023-09-22,가락도매,117000
붉은고추,2023-09-22,평균,117000
붉은고추,2023-09-22,평년,87322
붉은고추,2023-09-25,가락도매,110000
붉은고추,2023-09-25,평균,110000
붉은고추,2023-09-25,평년,88392
붉은고추,2023-09-26,가락도매,118000
붉은고추,2023-09-26,평균,118000
붉은고추,2023-09-26,평년,88508
붉은고추,2023-09-27,가락도매,141000
붉은고추,2023-09-27,평균,141000
붉은고추,2023-09-27,평년,87547
붉은고추,2023-10-04,가락도매,106000
붉은고추,2023-10-04,평균,106000
붉은고추,2023-10-04,평년,98400
붉은고추,2023-10-05,가락도매,100000
붉은고추,2023-10-05,평균,100000
붉은고추,2023-10-05,평년,103633
붉은고추,2023-10-06,가락도매,85500
붉은고추,2023-10-06,평균,85500
붉은고추,2023-10-06,평년,101383
붉은고추,2023-10-10,가락도매,121000
붉은고추,2023-10-10,평균,121000
붉은고추,2023-10-10,평년,99500
붉은고추,2023-10-11,가락도매,117000
붉은고추,2023-10-11,평균,117000
붉은고추,2023-10-11,평년,99800
붉은고추,2023-10-12,가락도매,123000
붉은고추,2023-10-12,평균,123000
붉은고추,2023-10-12,평년,98017
붉은고추,2023-10-13,가락도매,117000
붉은고추,2023-10-13,평균,117000
붉은고추,2023-10-13,평년,95033
붉은고추,2023-10-16,가락도매,107000
붉은고추,2023-10-16,평균,107000
붉은고추,2023-10-16,평년,98750
붉은고추,2023-10-17,가락도매,110000
붉은고추,2023-10-17,평균,110000
붉은고추,2023-10-17,평년,100067
붉은고추,2023-10-18,가락도매,106000
붉은고추,2023-10-18,평균,106000
붉은고추,2023-10-18,평년,101667
붉은고추,2023-10-19,가락도매,115000
붉은고추,2023-10-19,평균,115000
붉은고추,2023-10-19,평년,104317
붉은고추,2023-10-20,가락도매,118000
붉은고추,2023-10-20,평균,118000
붉은고추,2023-10-20,평년,107250
붉은고추,2023-10-23,가락도매,116000
붉은고추,2023-10-23,평균,116000
붉은고추,2023-10-23,평년,106917
붉은고추,2023-10-24,가락도매,119000
붉은고추,2023-10-24,평균,119000
붉은고추,2023-10-24,평년,106200
붉은고추,2023-10-25,가락도매,112000
붉은고추,2023-10-25,평균,112000
붉은고추,2023-10-25,평년,108333
붉은고추,2023-10-26,가락도매,96200
붉은고추,2023-10-26,평균,96200
붉은고추,2023-10-26,평년,112027
붉은고추,2023-10-27,가락도매,90700
붉은고추,2023-10-27,평균,90700
붉은고추,2023-10-27,평년,112727
붉은고추,2023-10-30,가락도매,90700
붉은고추,2023-10-30,평균,90700
붉은고추,2023-10-30,평년,118117
붉은고추,2023-10-31,가락도매,84500
붉은고추,2023-10-31,평균,84500
붉은고추,2023-10-31,평년,119017
붉은고추,2023-11-01,가락도매,79500
붉은고추,2023-11-01,평균,79500
붉은고추,2023-11-01,평년,115340
붉은고추,2023-11-02,가락도매,80000
붉은고추,2023-11-02,평균,80000
붉은고추,2023-11-02,평년,111427
붉은고추,2023-11-03,가락도매,79200
붉은고추,2023-11-03,평균,79200
붉은고추,2023-11-03,평년,108293
붉은고추,2023-11-06,가락도매,77700
붉은고추,2023-11-06,평균,77700
붉은고추,2023-11-06,평년,103000
붉은고추,2023-11-07,가락도매,76200
붉은고추,2023-11-07,평균,76200
붉은고추,2023-11-07,평년,100805
붉은고추,2023-11-08,가락도매,69700
붉은고추,2023-11-08,평균,69700
붉은고추,2023-11-08,평년,99580
붉은고추,2023-11-09,가락도매,56500
붉은고추,2023-11-09,평균,56500
붉은고추,2023-11-09,평년,97580
붉은고추,2023-11-10,가락도매,57200
붉은고추,2023-11-10,평균,57200
붉은고추,2023-11-10,평년,95313
붉은고추,2023-11-13,가락도매,59700
붉은고추,2023-11-13,평균,59700
붉은고추,2023-11-13,평년,91617
붉은고추,2023-11-14,가락도매,60500
붉은고추,2023-11-14,평균,60500
붉은고추,2023-11-14,평년,89193
붉은고추,2023-11-15,가락도매,57000
붉은고추,2023-11-15,평균,57000
붉은고추,2023-11-15,평년,84973
붉은고추,2023-11-16,가락도매,58200
붉은고추,2023-11-16,평균,58200
붉은고추,2023-11-16,평년,80987
붉은고추,2023-11-17,가락도매,58200
붉은고추,2023-11-17,평균,58200
붉은고추,2023-11-17,평년,78333
붉은고추,2023-11-20,가락도매,58200
붉은고추,2023-11-20,평균,58200
붉은고추,2023-11-20,평년,75092
붉은고추,2023-11-21,가락도매,59500
붉은고추,2023-11-21,평균,59500
붉은고추,2023-11-21,평년,73840
붉은고추,2023-11-22,가락도매,56700
붉은고추,2023-11-22,평균,56700
붉은고추,2023-11-22,평년,73527
붉은고추,2023-11-23,가락도매,57200
붉은고추,2023-11-23,평균,57200
붉은고추,2023-11-23,평년,73963
붉은고추,2023-11-24,가락도매,58000
붉은고추,2023-11-24,평균,58000
붉은고추,2023-11-24,평년,74017
붉은고추,2023-11-27,가락도매,88700
붉은고추,2023-11-27,평균,88700
붉은고추,2023-11-27,평년,71658
붉은고추,2023-11-28,가락도매,84500
붉은고추,2023-11-28,평균,84500
붉은고추,2023-11-28,평년,72505
붉은고추,2023-11-29,가락도매,93200
붉은고추,2023-11-29,평균,93200
붉은고추,2023-11-29,평년,73227
붉은고추,2023-11-30,가락도매,95700
붉은고추,2023-11-30,평균,95700
붉은고추,2023-11-30,평년,73450
붉은고추,2023-12-04,가락도매,95700
붉은고추,2023-12-04,평균,95700
붉은고추,2023-12-04,평년,75592
붉은고추,2023-12-05,가락도매,94000
붉은고추,2023-12-05,평균,94000
붉은고추,2023-12-05,평년,74525
붉은고추,2023-12-06,가락도매,101000
붉은고추,2023-12-06,평균,101000
붉은고추,2023-12-06,평년,74350
붉은고추,2023-12-07,가락도매,96500
붉은고추,2023-12-07,평균,96500
붉은고추,2023-12-07,평년,74550
붉은고추,2023-12-08,가락도매,92000
붉은고추,2023-12-08,평균,92000
붉은고추,2023-12-08,평년,74950
붉은고추,2023-12-11,가락도매,92000
붉은고추,2023-12-11,평균,92000
붉은고추,2023-12-11,평년,71913
붉은고추,2023-12-12,가락도매,87500
붉은고추,2023-12-12,평균,87500
붉은고추,2023-12-12,평년,71475
붉은고추,2023-12-13,가락도매,90200
붉은고추,2023-12-13,평균,90200
붉은고추,2023-12-13,평년,70908
붉은고추,2023-12-14,가락도매,84700
붉은고추,2023-12-14,평균,84700
붉은고추,2023-12-14,평년,70577
붉은고추,2023-12-15,가락도매,80500
붉은고추,2023-12-15,평균,80500
붉은고추,2023-12-15,평년,71137
붉은고추,2023-12-18,가락도매,80500
붉은고추,2023-12-18,평균,80500
붉은고추,2023-12-18,평년,71038
붉은고추,2023-12-19,가락도매,90700
붉은고추,2023-12-19,평균,90700
붉은고추,2023-12-19,평년,70875
붉은고추,2023-12-20,가락도매,88200
붉은고추,2023-12-20,평균,88200
붉은고추,2023-12-20,평년,71070
붉은고추,2023-12-21,가락도매,77700
붉은고추,2023-12-21,평균,77700
붉은고추,2023-12-21,평년,71433
붉은고추,2023-12-22,가락도매,70700
붉은고추,2023-12-22,평균,70700
붉은고추,2023-12-22,평년,71873
붉은고추,2023-12-26,가락도매,70700
붉은고추,2023-12-26,평균,70700
붉은고추,2023-12-26,평년,69767
붉은고추,2023-12-27,가락도매,83000
붉은고추,2023-12-27,평균,83000
붉은고추,2023-12-27,평년,69942
붉은고추,2023-12-28,가락도매,83500
붉은고추,2023-12-28,평균,83500
붉은고추,2023-12-28,평년,68693
붉은고추,2023-12-29,가락도매,83500
붉은고추,2023-12-29,평균,83500
붉은고추,2023-12-29,평년,66147
붉은고추,2024-01-02,가락도매,83500
붉은고추,2024-01-02,평균,83500
붉은고추,2024-01-02,평년,62600
붉은고추,2024-01-03,가락도매,75200
붉은고추,2024-01-03,평균,75200
붉은고추,2024-01-03,평년,61767
붉은고추,2024-01-04,가락도매,81500
붉은고추,2024-01-04,평균,81500
붉은고추,2024-01-04,평년,61277
붉은고추,2024-01-05,가락도매,61200
붉은고추,2024-01-05,평균,61200
붉은고추,2024-01-05,평년,60977
붉은고추,2024-01-08,가락도매,52000
붉은고추,2024-01-08,평균,52000
붉은고추,2024-01-08,평년,55265
붉은고추,2024-01-09,가락도매,52000
붉은고추,2024-01-09,평균,52000
붉은고추,2024-01-09,평년,55025
붉은고추,2024-01-10,가락도매,55000
붉은고추,2024-01-10,평균,55000
붉은고추,2024-01-10,평년,55093
붉은고추,2024-01-11,가락도매,50700
붉은고추,2024-01-11,평균,50700
붉은고추,2024-01-11,평년,54727
붉은고추,2024-01-12,가락도매,52700
붉은고추,2024-01-12,평균,52700
붉은고추,2024-01-12,평년,54493
붉은고추,2024-01-15,가락도매,56000
붉은고추,2024-01-15,평균,56000
붉은고추,2024-01-15,평년,58525
붉은고추,2024-01-16,가락도매,54700
붉은고추,2024-01-16,평균,54700
붉은고추,2024-01-16,평년,60192
붉은고추,2024-01-17,가락도매,53500
붉은고추,2024-01-17,평균,53500
붉은고추,2024-01-17,평년,62633
붉은고추,2024-01-18,가락도매,51500
붉은고추,2024-01-18,평균,51500
붉은고추,2024-01-18,평년,64600
붉은고추,2024-01-19,가락도매,51200
붉은고추,2024-01-19,평균,51200
붉은고추,2024-01-19,평년,66047
붉은고추,2024-01-22,가락도매,55000
붉은고추,2024-01-22,평균,55000
붉은고추,2024-01-22,평년,74508
붉은고추,2024-01-23,가락도매,61000
붉은고추,2024-01-23,평균,61000
붉은고추,2024-01-23,평년,74908
붉은고추,2024-01-24,가락도매,63200
붉은고추,2024-01-24,평균,63200
붉은고추,2024-01-24,평년,76560
붉은고추,2024-01-25,가락도매,64500
붉은고추,2024-01-25,평균,64500
붉은고추,2024-01-25,평년,78527
붉은고추,2024-01-26,가락도매,64500
붉은고추,2024-01-26,평균,64500
붉은고추,2024-01-26,평년,76960
붉은고추,2024-01-29,가락도매,71000
붉은고추,2024-01-29,평균,71000
붉은고추,2024-01-29,평년,73642
붉은고추,2024-01-30,가락도매,71000
붉은고추,2024-01-30,평균,71000
붉은고추,2024-01-30,평년,71740
붉은고추,2024-01-31,가락도매,71000
붉은고추,2024-01-31,평균,71000
붉은고추,2024-01-31,평년,71593
붉은고추,2024-02-01,가락도매,75500
붉은고추,2024-02-01,평균,75500
붉은고추,2024-02-01,평년,71920
붉은고추,2024-02-02,가락도매,80700
붉은고추,2024-02-02,평균,80700
붉은고추,2024-02-02,평년,73623
붉은고추,2024-02-05,가락도매,74700
붉은고추,2024-02-05,평균,74700
붉은고추,2024-02-05,평년,80233
붉은고추,2024-02-06,가락도매,81000
붉은고추,2024-02-06,평균,81000
붉은고추,2024-02-06,평년,80847
붉은고추,2024-02-07,가락도매,89200
붉은고추,2024-02-07,평균,89200
붉은고추,2024-02-07,평년,78963
붉은고추,2024-02-08,가락도매,91700
붉은고추,2024-02-08,평균,91700
붉은고추,2024-02-08,평년,75927
붉은고추,2024-02-13,가락도매,84600
붉은고추,2024-02-13,평균,84600
붉은고추,2024-02-13,평년,66377
붉은고추,2024-02-14,가락도매,85000
붉은고추,2024-02-14,평균,85000
붉은고추,2024-02-14,평년,67200
붉은고추,2024-02-15,가락도매,88500
붉은고추,2024-02-15,평균,88500
붉은고추,2024-02-15,평년,68987
붉은고추,2024-02-16,가락도매,88500
붉은고추,2024-02-16,평균,88500
붉은고추,2024-02-16,평년,69820
붉은고추,2024-02-19,가락도매,90000
붉은고추,2024-02-19,평균,90000
붉은고추,2024-02-19,평년,67883
붉은고추,2024-02-20,가락도매,97200
붉은고추,2024-02-20,평균,97200
붉은고추,2024-02-20,평년,69550
붉은고추,2024-02-21,가락도매,93200
붉은고추,2024-02-21,평균,93200
붉은고추,2024-02-21,평년,72093
붉은고추,2024-02-22,가락도매,105000
붉은고추,2024-02-22,평균,105000
붉은고추,2024-02-22,평년,76260
붉은고추,2024-02-23,가락도매,108000
붉은고추,2024-02-23,평균,108000
붉은고추,2024-02-23,평년,80230
붉은고추,2024-02-26,가락도매,153000
붉은고추,2024-02-26,평균,153000
붉은고추,2024-02-26,평년,94817
붉은고추,2024-02-27,가락도매,155000
붉은고추,2024-02-27,평균,155000
붉은고추,2024-02-27,평년,97575
붉은고추,2024-02-28,가락도매,156000
붉은고추,2024-02-28,평균,156000
붉은고추,2024-02-28,평년,99892
붉은고추,2024-02-29,가락도매,221000
붉은고추,2024-02-29,평균,221000
붉은고추,2024-02-29,평년,83500
붉은고추,2024-03-04,가락도매,193000
붉은고추,2024-03-04,평균,193000
붉은고추,2024-03-04,평년,113047
붉은고추,2024-03-05,가락도매,195000
붉은고추,2024-03-05,평균,195000
붉은고추,2024-03-05,평년,117447
붉은고추,2024-03-06,가락도매,195000
붉은고추,2024-03-06,평균,195000
붉은고추,2024-03-06,평년,120208
붉은고추,2024-03-07,가락도매,195000
붉은고추,2024-03-07,평균,195000
붉은고추,2024-03-07,평년,122608
붉은고추,2024-03-08,가락도매,195000
붉은고추,2024-03-08,평균,195000
붉은고추,2024-03-08,평년,121647
붉은고추,2024-03-11,가락도매,169000
붉은고추,2024-03-11,평균,169000
붉은고추,2024-03-11,평년,131733
붉은고추,2024-03-12,가락도매,162000
붉은고추,2024-03-12,평균,162000
붉은고추,2024-03-12,평년,133417
붉은고추,2024-03-13,가락도매,161000
붉은고추,2024-03-13,평균,161000
붉은고추,2024-03-13,평년,134683
붉은고추,2024-03-14,가락도매,159000
붉은고추,2024-03-14,평균,159000
붉은고추,2024-03-14,평년,133883
붉은고추,2024-03-15,가락도매,167000
붉은고추,2024-03-15,평균,167000
붉은고추,2024-03-15,평년,132483
붉은고추,2024-03-18,가락도매,171000
붉은고추,2024-03-18,평균,171000
붉은고추,2024-03-18,평년,139267
붉은고추,2024-03-19,가락도매,188000
붉은고추,2024-03-19,평균,188000
붉은고추,2024-03-19,평년,140817
붉은고추,2024-03-20,가락도매,192000
붉은고추,2024-03-20,평균,192000
붉은고추,2024-03-20,평년,141550
붉은고추,2024-03-21,가락도매,177000
붉은고추,2024-03-21,평균,177000
붉은고추,2024-03-21,평년,140883
붉은고추,2024-03-22,가락도매,179000
붉은고추,2024-03-22,평균,179000
붉은고추,2024-03-22,평년,140817
붉은고추,2024-03-25,가락도매,202000
붉은고추,2024-03-25,평균,202000
붉은고추,2024-03-25,평년,141867
붉은고추,2024-03-26,가락도매,218000
붉은고추,2024-03-26,평균,218000
붉은고추,2024-03-26,평년,141050
붉은고추,2024-03-27,가락도매,267000
붉은고추,2024-03-27,평균,267000
붉은고추,2024-03-27,평년,138800
붉은고추,2024-03-28,가락도매,228000
붉은고추,2024-03-28,평균,228000
붉은고추,2024-03-28,평년,138983
붉은고추,2024-03-29,가락도매,216000
붉은고추,2024-03-29,평균,216000
붉은고추,2024-03-29,평년,141500
붉은고추,2024-04-01,가락도매,230000
붉은고추,2024-04-01,평균,230000
붉은고추,2024-04-01,평년,145200
붉은고추,2024-04-02,가락도매,258000
붉은고추,2024-04-02,평균,258000
붉은고추,2024-04-02,평년,151183
붉은고추,2024-04-03,가락도매,255000
붉은고추,2024-04-03,평균,255000
붉은고추,2024-04-03,평년,157267
붉은고추,2024-04-04,가락도매,254000
붉은고추,2024-04-04,평균,254000
붉은고추,2024-04-04,평년,158367
붉은고추,2024-04-05,가락도매,242000
붉은고추,2024-04-05,평균,242000
붉은고추,2024-04-05,평년,155017
붉은고추,2024-04-08,가락도매,265000
붉은고추,2024-04-08,평균,265000
붉은고추,2024-04-08,평년,147667
붉은고추,2024-04-09,가락도매,262000
붉은고추,2024-04-09,평균,262000
붉은고추,2024-04-09,평년,140233
붉은고추,2024-04-11,가락도매,207000
붉은고추,2024-04-11,평균,207000
붉은고추,2024-04-11,평년,133650
붉은고추,2024-04-12,가락도매,194000
붉은고추,2024-04-12,평균,194000
붉은고추,2024-04-12,평년,131183
붉은고추,2024-04-15,가락도매,193000
붉은고추,2024-04-15,평균,193000
붉은고추,2024-04-15,평년,113010
붉은고추,2024-04-16,가락도매,190000
붉은고추,2024-04-16,평균,190000
붉은고추,2024-04-16,평년,105183
붉은고추,2024-04-17,가락도매,191000
붉은고추,2024-04-17,평균,191000
붉은고추,2024-04-17,평년,100600
붉은고추,2024-04-18,가락도매,203000
붉은고추,2024-04-18,평균,203000
붉은고추,2024-04-18,평년,98623
붉은고추,2024-04-19,가락도매,215000
붉은고추,2024-04-19,평균,215000
붉은고추,2024-04-19,평년,94087
붉은고추,2024-04-22,가락도매,188000
붉은고추,2024-04-22,평균,188000
붉은고추,2024-04-22,평년,81487
붉은고추,2024-04-23,가락도매,190000
붉은고추,2024-04-23,평균,190000
붉은고추,2024-04-23,평년,80038
붉은고추,2024-04-24,가락도매,246000
붉은고추,2024-04-24,평균,246000
붉은고추,2024-04-24,평년,80225
붉은고추,2024-04-25,가락도매,240000
붉은고추,2024-04-25,평균,240000
붉은고추,2024-04-25,평년,80473
붉은고추,2024-04-26,가락도매,225000
붉은고추,2024-04-26,평균,225000
붉은고추,2024-04-26,평년,79940
붉은고추,2024-04-29,가락도매,209000
붉은고추,2024-04-29,평균,209000
붉은고추,2024-04-29,평년,75313
붉은고추,2024-04-30,가락도매,220000
붉은고추,2024-04-30,평균,220000
붉은고추,2024-04-30,평년,73908
붉은고추,2024-05-02,가락도매,219000
붉은고추,2024-05-02,평균,219000
붉은고추,2024-05-02,평년,74527
붉은고추,2024-05-03,가락도매,204000
붉은고추,2024-05-03,평균,204000
붉은고추,2024-05-03,평년,73010
붉은고추,2024-05-07,가락도매,104000
붉은고추,2024-05-07,평균,104000
붉은고추,2024-05-07,평년,75350
붉은고추,2024-05-08,가락도매,92200
붉은고추,2024-05-08,평균,92200
붉은고추,2024-05-08,평년,73760
붉은고추,2024-05-09,가락도매,70000
붉은고추,2024-05-09,평균,70000
붉은고추,2024-05-09,평년,74327
붉은고추,2024-05-10,가락도매,65500
붉은고추,2024-05-10,평균,65500
붉은고추,2024-05-10,평년,70893
붉은고추,2024-05-13,가락도매,62300
붉은고추,2024-05-13,평균,62300
붉은고추,2024-05-13,평년,71075
붉은고추,2024-05-14,가락도매,62300
붉은고추,2024-05-14,평균,62300
붉은고추,2024-05-14,평년,68142
붉은고추,2024-05-16,가락도매,83000
붉은고추,2024-05-16,평균,83000
붉은고추,2024-05-16,평년,72447
붉은고추,2024-05-17,가락도매,88200
붉은고추,2024-05-17,평균,88200
붉은고추,2024-05-17,평년,75533
붉은고추,2024-05-20,가락도매,122000
붉은고추,2024-05-20,평균,122000
붉은고추,2024-05-20,평년,65253
붉은고추,2024-05-21,가락도매,122000
붉은고추,2024-05-21,평균,122000
붉은고추,2024-05-21,평년,62322
붉은고추,2024-05-22,가락도매,123000
붉은고추,2024-05-22,평균,123000
붉은고추,2024-05-22,평년,63708
붉은고추,2024-05-23,가락도매,147000
붉은고추,2024-05-23,평균,147000
붉은고추,2024-05-23,평년,63290
붉은고추,2024-05-24,가락도매,164000
붉은고추,2024-05-24,평균,164000
붉은고추,2024-05-24,평년,62150
붉은고추,2024-05-27,가락도매,157000
붉은고추,2024-05-27,평균,157000
붉은고추,2024-05-27,평년,70793
붉은고추,2024-05-28,가락도매,157000
붉은고추,2024-05-28,평균,157000
붉은고추,2024-05-28,평년,73535
붉은고추,2024-05-29,가락도매,155000
붉은고추,2024-05-29,평균,155000
붉은고추,2024-05-29,평년,76058
붉은고추,2024-05-30,가락도매,126000
붉은고추,2024-05-30,평균,126000
붉은고추,2024-05-30,평년,74483
붉은고추,2024-05-31,가락도매,107000
붉은고추,2024-05-31,평균,107000
붉은고추,2024-05-31,평년,71050
붉은고추,2024-06-03,가락도매,97500
붉은고추,2024-06-03,평균,97500
붉은고추,2024-06-03,평년,66432
붉은고추,2024-06-04,가락도매,87000
붉은고추,2024-06-04,평균,87000
붉은고추,2024-06-04,평년,63485
붉은고추,2024-06-05,가락도매,86000
붉은고추,2024-06-05,평균,86000
붉은고추,2024-06-05,평년,62472
붉은고추,2024-06-07,가락도매,86000
붉은고추,2024-06-07,평균,86000
붉은고추,2024-06-07,평년,66627
붉은고추,2024-06-10,가락도매,84000
붉은고추,2024-06-10,평균,84000
붉은고추,2024-06-10,평년,70027
붉은고추,2024-06-11,가락도매,78500
붉은고추,2024-06-11,평균,78500
붉은고추,2024-06-11,평년,70875
붉은고추,2024-06-12,가락도매,78500
붉은고추,2024-06-12,평균,78500
붉은고추,2024-06-12,평년,72675
붉은고추,2024-06-13,가락도매,80200
붉은고추,2024-06-13,평균,80200
붉은고추,2024-06-13,평년,74030
붉은고추,2024-06-14,가락도매,76500
붉은고추,2024-06-14,평균,76500
붉은고추,2024-06-14,평년,72930
붉은고추,2024-06-17,가락도매,76500
붉은고추,2024-06-17,평균,76500
붉은고추,2024-06-17,평년,71073
붉은고추,2024-06-18,가락도매,76000
붉은고추,2024-06-18,평균,76000
붉은고추,2024-06-18,평년,70118
붉은고추,2024-06-19,가락도매,86200
붉은고추,2024-06-19,평균,86200
붉은고추,2024-06-19,평년,70725
붉은고추,2024-06-20,가락도매,100000
붉은고추,2024-06-20,평균,100000
붉은고추,2024-06-20,평년,69880
붉은고추,2024-06-21,가락도매,93700
붉은고추,2024-06-21,평균,93700
붉은고추,2024-06-21,평년,68320
붉은고추,2024-06-24,가락도매,93700
붉은고추,2024-06-24,평균,93700
붉은고추,2024-06-24,평년,68413
붉은고추,2024-06-25,가락도매,80500
붉은고추,2024-06-25,평균,80500
붉은고추,2024-06-25,평년,67493
붉은고추,2024-06-26,가락도매,72500
붉은고추,2024-06-26,평균,72500
붉은고추,2024-06-26,평년,66075
붉은고추,2024-06-27,가락도매,72000
붉은고추,2024-06-27,평균,72000
붉은고추,2024-06-27,평년,63795
붉은고추,2024-06-28,가락도매,70700
붉은고추,2024-06-28,평균,70700
붉은고추,2024-06-28,평년,61247
붉은고추,2024-07-01,가락도매,71000
붉은고추,2024-07-01,평균,71000
붉은고추,2024-07-01,평년,57013
붉은고추,2024-07-02,가락도매,70700
붉은고추,2024-07-02,평균,70700
붉은고추,2024-07-02,평년,59477
붉은고추,2024-07-03,가락도매,66000
붉은고추,2024-07-03,평균,66000
붉은고추,2024-07-03,평년,61135
붉은고추,2024-07-04,가락도매,48000
붉은고추,2024-07-04,평균,48000
붉은고추,2024-07-04,평년,62745
붉은고추,2024-07-05,가락도매,51000
붉은고추,2024-07-05,평균,51000
붉은고추,2024-07-05,평년,64640
붉은고추,2024-07-08,가락도매,51500
붉은고추,2024-07-08,평균,51500
붉은고추,2024-07-08,평년,66220
붉은고추,2024-07-09,가락도매,50500
붉은고추,2024-07-09,평균,50500
붉은고추,2024-07-09,평년,63202
붉은고추,2024-07-10,가락도매,50500
붉은고추,2024-07-10,평균,50500
붉은고추,2024-07-10,평년,62792
붉은고추,2024-07-11,가락도매,39000
붉은고추,2024-07-11,평균,39000
붉은고추,2024-07-11,평년,62737
붉은고추,2024-07-12,가락도매,39000
붉은고추,2024-07-12,평균,39000
붉은고추,2024-07-12,평년,62660
붉은고추,2024-07-15,가락도매,65500
붉은고추,2024-07-15,평균,65500
붉은고추,2024-07-15,평년,64187
붉은고추,2024-07-16,가락도매,61200
붉은고추,2024-07-16,평균,61200
붉은고추,2024-07-16,평년,63692
붉은고추,2024-07-17,가락도매,63700
붉은고추,2024-07-17,평균,63700
붉은고추,2024-07-17,평년,64852
붉은고추,2024-07-18,가락도매,68700
붉은고추,2024-07-18,평균,68700
붉은고추,2024-07-18,평년,65987
붉은고추,2024-07-19,가락도매,67500
붉은고추,2024-07-19,평균,67500
붉은고추,2024-07-19,평년,64967
붉은고추,2024-07-22,가락도매,57700
붉은고추,2024-07-22,평균,57700
붉은고추,2024-07-22,평년,58280
붉은고추,2024-07-23,가락도매,61700
붉은고추,2024-07-23,평균,61700
붉은고추,2024-07-23,평년,58565
붉은고추,2024-07-24,가락도매,67500
붉은고추,2024-07-24,평균,67500
붉은고추,2024-07-24,평년,58408
붉은고추,2024-07-25,가락도매,57500
붉은고추,2024-07-25,평균,57500
붉은고추,2024-07-25,평년,57195
붉은고추,2024-07-26,가락도매,61200
붉은고추,2024-07-26,평균,61200
붉은고추,2024-07-26,평년,58305
붉은고추,2024-07-29,가락도매,78500
붉은고추,2024-07-29,평균,78500
붉은고추,2024-07-29,평년,66207
붉은고추,2024-07-30,가락도매,86000
붉은고추,2024-07-30,평균,86000
붉은고추,2024-07-30,평년,67153
붉은고추,2024-07-31,가락도매,71200
붉은고추,2024-07-31,평균,71200
붉은고추,2024-07-31,평년,67328
붉은고추,2024-08-01,가락도매,53700
붉은고추,2024-08-01,평균,53700
붉은고추,2024-08-01,평년,68585
붉은고추,2024-08-02,가락도매,46200
붉은고추,2024-08-02,평균,46200
붉은고추,2024-08-02,평년,69872
붉은고추,2024-08-05,가락도매,71200
붉은고추,2024-08-05,평균,71200
붉은고추,2024-08-05,평년,74705
붉은고추,2024-08-06,가락도매,80000
붉은고추,2024-08-06,평균,80000
붉은고추,2024-08-06,평년,74232
붉은고추,2024-08-07,가락도매,68700
붉은고추,2024-08-07,평균,68700
붉은고추,2024-08-07,평년,73827
붉은고추,2024-08-08,가락도매,60200
붉은고추,2024-08-08,평균,60200
붉은고추,2024-08-08,평년,71967
붉은고추,2024-08-09,가락도매,63200
붉은고추,2024-08-09,평균,63200
붉은고추,2024-08-09,평년,70367
붉은고추,2024-08-12,가락도매,63200
붉은고추,2024-08-12,평균,63200
붉은고추,2024-08-12,평년,64367
붉은고추,2024-08-13,가락도매,61200
붉은고추,2024-08-13,평균,61200
붉은고추,2024-08-13,평년,63320
붉은고추,2024-08-14,가락도매,60700
붉은고추,2024-08-14,평균,60700
붉은고추,2024-08-14,평년,61932
붉은고추,2024-08-16,가락도매,60700
붉은고추,2024-08-16,평균,60700
붉은고추,2024-08-16,평년,62260
붉은고추,2024-08-19,가락도매,71200
붉은고추,2024-08-19,평균,71200
붉은고추,2024-08-19,평년,57503
붉은고추,2024-08-20,가락도매,65200
붉은고추,2024-08-20,평균,65200
붉은고추,2024-08-20,평년,57103
붉은고추,2024-08-21,가락도매,65200
붉은고추,2024-08-21,평균,65200
붉은고추,2024-08-21,평년,56402
붉은고추,2024-08-22,가락도매,65700
붉은고추,2024-08-22,평균,65700
붉은고추,2024-08-22,평년,56792
붉은고추,2024-08-23,가락도매,67500
붉은고추,2024-08-23,평균,67500
붉은고추,2024-08-23,평년,56777
붉은고추,2024-08-26,가락도매,61200
붉은고추,2024-08-26,평균,61200
붉은고추,2024-08-26,평년,55463
붉은고추,2024-08-27,가락도매,64200
붉은고추,2024-08-27,평균,64200
붉은고추,2024-08-27,평년,56243
붉은고추,2024-08-28,가락도매,69500
붉은고추,2024-08-28,평균,69500
붉은고추,2024-08-28,평년,56445
붉은고추,2024-08-29,가락도매,74000
붉은고추,2024-08-29,평균,74000
붉은고추,2024-08-29,평년,57220
붉은고추,2024-08-30,가락도매,70500
붉은고추,2024-08-30,평균,70500
붉은고추,2024-08-30,평년,56948
붉은고추,2024-09-02,가락도매,62500
붉은고추,2024-09-02,평균,62500
붉은고추,2024-09-02,평년,53810
붉은고추,2024-09-03,가락도매,72700
붉은고추,2024-09-03,평균,72700
붉은고추,2024-09-03,평년,53210
붉은고추,2024-09-04,가락도매,66000
붉은고추,2024-09-04,평균,66000
붉은고추,2024-09-04,평년,52765
붉은고추,2024-09-05,가락도매,76200
붉은고추,2024-09-05,평균,76200
붉은고추,2024-09-05,평년,53048
붉은고추,2024-09-06,가락도매,87200
붉은고추,2024-09-06,평균,87200
붉은고추,2024-09-06,평년,53457
붉은고추,2024-09-09,가락도매,100000
붉은고추,2024-09-09,평균,100000
붉은고추,2024-09-09,평년,65217
붉은고추,2024-09-10,가락도매,100000
붉은고추,2024-09-10,평균,100000
붉은고추,2024-09-10,평년,67563
붉은고추,2024-09-11,가락도매,95200
붉은고추,2024-09-11,평균,95200
붉은고추,2024-09-11,평년,72268
붉은고추,2024-09-12,가락도매,67500
붉은고추,2024-09-12,평균,67500
붉은고추,2024-09-12,평년,73575
붉은고추,2024-09-13,가락도매,80700
붉은고추,2024-09-13,평균,80700
붉은고추,2024-09-13,평년,74200
붉은고추,2024-09-19,가락도매,80700
붉은고추,2024-09-19,평균,80700
붉은고추,2024-09-19,평년,86235
붉은고추,2024-09-20,가락도매,109000
붉은고추,2024-09-20,평균,109000
붉은고추,2024-09-20,평년,87788
붉은고추,2024-09-23,가락도매,138000
붉은고추,2024-09-23,평균,138000
붉은고추,2024-09-23,평년,99867
붉은고추,2024-09-24,가락도매,143000
붉은고추,2024-09-24,평균,143000
붉은고추,2024-09-24,평년,98563
붉은고추,2024-09-25,가락도매,108000
붉은고추,2024-09-25,평균,108000
붉은고추,2024-09-25,평년,99608
붉은고추,2024-09-26,가락도매,115000
붉은고추,2024-09-26,평균,115000
붉은고추,2024-09-26,평년,100058
붉은고추,2024-09-27,가락도매,115000
붉은고추,2024-09-27,평균,115000
붉은고추,2024-09-27,평년,98880
붉은고추,2024-09-30,가락도매,123000
붉은고추,2024-09-30,평균,123000
붉은고추,2024-09-30,평년,106483
붉은고추,2024-10-02,가락도매,123000
붉은고추,2024-10-02,평균,123000
붉은고추,2024-10-02,평년,113083
붉은고추,2024-10-04,가락도매,123000
붉은고추,2024-10-04,평균,123000
붉은고추,2024-10-04,평년,112433
붉은고추,2024-10-07,가락도매,88700
붉은고추,2024-10-07,평균,88700
붉은고추,2024-10-07,평년,108092
붉은고추,2024-10-08,가락도매,97500
붉은고추,2024-10-08,평균,97500
붉은고추,2024-10-08,평년,106458
붉은고추,2024-10-10,가락도매,133000
붉은고추,2024-10-10,평균,133000
붉은고추,2024-10-10,평년,106267
붉은고추,2024-10-11,가락도매,134000
붉은고추,2024-10-11,평균,134000
붉은고추,2024-10-11,평년,106033
붉은고추,2024-10-14,가락도매,143000
붉은고추,2024-10-14,평균,143000
붉은고추,2024-10-14,평년,103350
붉은고추,2024-10-15,가락도매,145000
붉은고추,2024-10-15,평균,145000
붉은고추,2024-10-15,평년,103833
붉은고추,2024-10-16,가락도매,155000
붉은고추,2024-10-16,평균,155000
붉은고추,2024-10-16,평년,103617
붉은고추,2024-10-17,가락도매,173000
붉은고추,2024-10-17,평균,173000
붉은고추,2024-10-17,평년,103733
붉은고추,2024-10-18,가락도매,163000
붉은고추,2024-10-18,평균,163000
붉은고추,2024-10-18,평년,104733
붉은고추,2024-10-21,가락도매,137000
붉은고추,2024-10-21,평균,137000
붉은고추,2024-10-21,평년,111600
붉은고추,2024-10-22,가락도매,126000
붉은고추,2024-10-22,평균,126000
붉은고추,2024-10-22,평년,111917
붉은고추,2024-10-23,가락도매,106000
붉은고추,2024-10-23,평균,106000
붉은고추,2024-10-23,평년,110917
붉은고추,2024-10-24,가락도매,91200
붉은고추,2024-10-24,평균,91200
붉은고추,2024-10-24,평년,108947
붉은고추,2024-10-25,가락도매,105000
붉은고추,2024-10-25,평균,105000
붉은고추,2024-10-25,평년,107260
붉은고추,2024-10-28,가락도매,78700
붉은고추,2024-10-28,평균,78700
붉은고추,2024-10-28,평년,102102
붉은고추,2024-10-29,가락도매,77000
붉은고추,2024-10-29,평균,77000
붉은고추,2024-10-29,평년,103215
붉은고추,2024-10-30,가락도매,81200
붉은고추,2024-10-30,평균,81200
붉은고추,2024-10-30,평년,103557
붉은고추,2024-10-31,가락도매,80200
붉은고추,2024-10-31,평균,80200
붉은고추,2024-10-31,평년,101377
붉은고추,2024-11-01,가락도매,93200
붉은고추,2024-11-01,평균,93200
붉은고추,2024-11-01,평년,97600
붉은고추,2024-11-04,가락도매,105000
붉은고추,2024-11-04,평균,105000
붉은고추,2024-11-04,평년,88618
붉은고추,2024-11-05,가락도매,100000
붉은고추,2024-11-05,평균,100000
붉은고추,2024-11-05,평년,86980
붉은고추,2024-11-06,가락도매,100000
붉은고추,2024-11-06,평균,100000
붉은고추,2024-11-06,평년,86187
붉은고추,2024-11-07,가락도매,94000
붉은고추,2024-11-07,평균,94000
붉은고추,2024-11-07,평년,84938
붉은고추,2024-11-08,가락도매,88200
붉은고추,2024-11-08,평균,88200
붉은고추,2024-11-08,평년,82580
붉은고추,2024-11-11,가락도매,104000
붉은고추,2024-11-11,평균,104000
붉은고추,2024-11-11,평년,75827
붉은고추,2024-11-12,가락도매,103000
붉은고추,2024-11-12,평균,103000
붉은고추,2024-11-12,평년,74297
붉은고추,2024-11-13,가락도매,104000
붉은고추,2024-11-13,평균,104000
붉은고추,2024-11-13,평년,74300
붉은고추,2024-11-14,가락도매,100000
붉은고추,2024-11-14,평균,100000
붉은고추,2024-11-14,평년,74877
붉은고추,2024-11-15,가락도매,100000
붉은고추,2024-11-15,평균,100000
붉은고추,2024-11-15,평년,73867
붉은고추,2024-11-18,가락도매,112000
붉은고추,2024-11-18,평균,112000
붉은고추,2024-11-18,평년,72628
붉은고추,2024-11-19,가락도매,110000
붉은고추,2024-11-19,평균,110000
붉은고추,2024-11-19,평년,72600
붉은고추,2024-11-20,가락도매,112000
붉은고추,2024-11-20,평균,112000
붉은고추,2024-11-20,평년,72478
붉은고추,2024-11-21,가락도매,103000
붉은고추,2024-11-21,평균,103000
붉은고추,2024-11-21,평년,72293
붉은고추,2024-11-22,가락도매,109000
붉은고추,2024-11-22,평균,109000
붉은고추,2024-11-22,평년,71967
붉은고추,2024-11-25,가락도매,129000
붉은고추,2024-11-25,평균,129000
붉은고추,2024-11-25,평년,73567
붉은고추,2024-11-26,가락도매,128000
붉은고추,2024-11-26,평균,128000
붉은고추,2024-11-26,평년,71347
붉은고추,2024-11-27,가락도매,141000
붉은고추,2024-11-27,평균,141000
붉은고추,2024-11-27,평년,73565
붉은고추,2024-11-28,가락도매,141000
붉은고추,2024-11-28,평균,141000
붉은고추,2024-11-28,평년,75638
붉은고추,2024-11-29,가락도매,143000
붉은고추,2024-11-29,평균,143000
붉은고추,2024-11-29,평년,76693
붉은고추,2024-12-02,가락도매,141000
붉은고추,2024-12-02,평균,141000
붉은고추,2024-12-02,평년,82342
붉은고추,2024-12-03,가락도매,198000
붉은고추,2024-12-03,평균,198000
붉은고추,2024-12-03,평년,83000
붉은고추,2024-12-04,가락도매,216000
붉은고추,2024-12-04,평균,216000
붉은고추,2024-12-04,평년,83200
붉은고추,2024-12-05,가락도매,207000
붉은고추,2024-12-05,평균,207000
붉은고추,2024-12-05,평년,83852
붉은고추,2024-12-09,가락도매,208000
붉은고추,2024-12-09,평균,208000
붉은고추,2024-12-09,평년,84567
붉은고추,2024-12-10,가락도매,218000
붉은고추,2024-12-10,평균,218000
붉은고추,2024-12-10,평년,83500
붉은고추,2024-12-11,가락도매,220000
붉은고추,2024-12-11,평균,220000
붉은고추,2024-12-11,평년,82380
붉은고추,2024-12-12,가락도매,230000
붉은고추,2024-12-12,평균,230000
붉은고추,2024-12-12,평년,80927
붉은고추,2024-12-13,가락도매,239000
붉은고추,2024-12-13,평균,239000
붉은고추,2024-12-13,평년,79593
붉은고추,2024-12-16,가락도매,244000
붉은고추,2024-12-16,평균,244000
붉은고추,2024-12-16,평년,77507
붉은고추,2024-12-17,가락도매,261000
붉은고추,2024-12-17,평균,261000
붉은고추,2024-12-17,평년,76920
붉은고추,2024-12-18,가락도매,262000
붉은고추,2024-12-18,평균,262000
붉은고추,2024-12-18,평년,77012
붉은고추,2024-12-19,가락도매,261000
붉은고추,2024-12-19,평균,261000
붉은고추,2024-12-19,평년,76715
붉은고추,2024-12-20,가락도매,265000
붉은고추,2024-12-20,평균,265000
붉은고추,2024-12-20,평년,76257
붉은고추,2024-12-23,가락도매,265000
붉은고추,2024-12-23,평균,265000
붉은고추,2024-12-23,평년,74168
붉은고추,2024-12-24,가락도매,265000
붉은고추,2024-12-24,평균,265000
붉은고추,2024-12-24,평년,73288
붉은고추,2024-12-26,가락도매,225000
붉은고추,2024-12-26,평균,225000
붉은고추,2024-12-26,평년,73473
붉은고추,2024-12-27,가락도매,206000
붉은고추,2024-12-27,평균,206000
붉은고추,2024-12-27,평년,74035
붉은고추,2024-12-30,가락도매,179000
붉은고추,2024-12-30,평균,179000
붉은고추,2024-12-30,평년,72575
붉은고추,2024-12-31,가락도매,168000
붉은고추,2024-12-31,평균,168000
붉은고추,2024-12-31,평년,72175
붉은고추,2025-01-02,가락도매,168000
붉은고추,2025-01-02,평균,168000
붉은고추,2025-01-02,평년,71313
붉은고추,2025-01-03,가락도매,173000
붉은고추,2025-01-03,평균,173000
붉은고추,2025-01-03,평년,68993
붉은고추,2025-01-06,가락도매,147000
붉은고추,2025-01-06,평균,147000
붉은고추,2025-01-06,평년,61992
붉은고추,2025-01-07,가락도매,100000
붉은고추,2025-01-07,평균,100000
붉은고추,2025-01-07,평년,59805
붉은고추,2025-01-08,가락도매,94500
붉은고추,2025-01-08,평균,94500
붉은고추,2025-01-08,평년,58472
붉은고추,2025-01-09,가락도매,95700
붉은고추,2025-01-09,평균,95700
붉은고추,2025-01-09,평년,56418
붉은고추,2025-01-10,가락도매,88700
붉은고추,2025-01-10,평균,88700
붉은고추,2025-01-10,평년,55920
붉은고추,2025-01-13,가락도매,89500
붉은고추,2025-01-13,평균,89500
붉은고추,2025-01-13,평년,56268
붉은고추,2025-01-14,가락도매,80200
붉은고추,2025-01-14,평균,80200
붉은고추,2025-01-14,평년,57455
붉은고추,2025-01-15,가락도매,79000
붉은고추,2025-01-15,평균,79000
붉은고추,2025-01-15,평년,58765
붉은고추,2025-01-16,가락도매,75200
붉은고추,2025-01-16,평균,75200
붉은고추,2025-01-16,평년,59818
붉은고추,2025-01-17,가락도매,80000
붉은고추,2025-01-17,평균,80000
붉은고추,2025-01-17,평년,61493
붉은고추,2025-01-20,가락도매,78200
붉은고추,2025-01-20,평균,78200
붉은고추,2025-01-20,평년,66252
붉은고추,2025-01-21,가락도매,71000
붉은고추,2025-01-21,평균,71000
붉은고추,2025-01-21,평년,69952
붉은고추,2025-01-22,가락도매,71000
붉은고추,2025-01-22,평균,71000
붉은고추,2025-01-22,평년,71835
붉은고추,2025-01-23,가락도매,97500
붉은고추,2025-01-23,평균,97500
붉은고추,2025-01-23,평년,72568
붉은고추,2025-01-24,가락도매,119000
붉은고추,2025-01-24,평균,119000
붉은고추,2025-01-24,평년,75107
붉은고추,2025-01-31,가락도매,119000
붉은고추,2025-01-31,평균,119000
붉은고추,2025-01-31,평년,72007
붉은고추,2025-02-03,가락도매,77000
붉은고추,2025-02-03,평균,77000
붉은고추,2025-02-03,평년,73565
붉은고추,2025-02-04,가락도매,65700
붉은고추,2025-02-04,평균,65700
붉은고추,2025-02-04,평년,76742
붉은고추,2025-02-05,가락도매,64500
붉은고추,2025-02-05,평균,64500
붉은고추,2025-02-05,평년,80723
붉은고추,2025-02-06,가락도매,60000
붉은고추,2025-02-06,평균,60000
붉은고추,2025-02-06,평년,82417
붉은고추,2025-02-07,가락도매,61200
붉은고추,2025-02-07,평균,61200
붉은고추,2025-02-07,평년,81710
붉은고추,2025-02-10,가락도매,66500
붉은고추,2025-02-10,평균,66500
붉은고추,2025-02-10,평년,75448
붉은고추,2025-02-11,가락도매,71000
붉은고추,2025-02-11,평균,71000
붉은고추,2025-02-11,평년,74905
붉은고추,2025-02-12,가락도매,71000
붉은고추,2025-02-12,평균,71000
붉은고추,2025-02-12,평년,75108
붉은고추,2025-02-13,가락도매,73700
붉은고추,2025-02-13,평균,73700
붉은고추,2025-02-13,평년,75360
붉은고추,2025-02-14,가락도매,76700
붉은고추,2025-02-14,평균,76700
붉은고추,2025-02-14,평년,75717
붉은고추,2025-02-17,가락도매,70000
붉은고추,2025-02-17,평균,70000
붉은고추,2025-02-17,평년,76723
붉은고추,2025-02-18,가락도매,61700
붉은고추,2025-02-18,평균,61700
붉은고추,2025-02-18,평년,77657
붉은고추,2025-02-19,가락도매,62500
붉은고추,2025-02-19,평균,62500
붉은고추,2025-02-19,평년,77777
붉은고추,2025-02-20,가락도매,71700
붉은고추,2025-02-20,평균,71700
붉은고추,2025-02-20,평년,79677
붉은고추,2025-02-21,가락도매,71700
붉은고추,2025-02-21,평균,71700
붉은고추,2025-02-21,평년,83187
붉은고추,2025-02-24,가락도매,68000
붉은고추,2025-02-24,평균,68000
붉은고추,2025-02-24,평년,102700
붉은고추,2025-02-25,가락도매,66500
붉은고추,2025-02-25,평균,66500
붉은고추,2025-02-25,평년,107317
붉은고추,2025-02-26,가락도매,71200
붉은고추,2025-02-26,평균,71200
붉은고추,2025-02-26,평년,110967
붉은고추,2025-02-27,가락도매,83700
붉은고추,2025-02-27,평균,83700
붉은고추,2025-02-27,평년,113975
붉은고추,2025-02-28,가락도매,91200
붉은고추,2025-02-28,평균,91200
붉은고추,2025-02-28,평년,119158
붉은고추,2025-03-04,가락도매,97500
붉은고추,2025-03-04,평균,97500
붉은고추,2025-03-04,평년,140330
붉은고추,2025-03-05,가락도매,97500
붉은고추,2025-03-05,평균,97500
붉은고추,2025-03-05,평년,141663
붉은고추,2025-03-06,가락도매,121000
붉은고추,2025-03-06,평균,121000
붉은고추,2025-03-06,평년,140342
붉은고추,2025-03-07,가락도매,120000
붉은고추,2025-03-07,평균,120000
붉은고추,2025-03-07,평년,141600
붉은고추,2025-03-10,가락도매,115000
붉은고추,2025-03-10,평균,115000
붉은고추,2025-03-10,평년,144600
붉은고추,2025-03-11,가락도매,110000
붉은고추,2025-03-11,평균,110000
붉은고추,2025-03-11,평년,146317
붉은고추,2025-03-12,가락도매,142000
붉은고추,2025-03-12,평균,142000
붉은고추,2025-03-12,평년,145867
붉은고추,2025-03-13,가락도매,135000
붉은고추,2025-03-13,평균,135000
붉은고추,2025-03-13,평년,146283
붉은고추,2025-03-14,가락도매,128000
붉은고추,2025-03-14,평균,128000
붉은고추,2025-03-14,평년,146133
붉은고추,2025-03-17,가락도매,96200
붉은고추,2025-03-17,평균,96200
붉은고추,2025-03-17,평년,150950
붉은고추,2025-03-18,가락도매,112000
붉은고추,2025-03-18,평균,112000
붉은고추,2025-03-18,평년,156133
붉은고추,2025-03-19,가락도매,136000
붉은고추,2025-03-19,평균,136000
붉은고추,2025-03-19,평년,158750
붉은고추,2025-03-20,가락도매,131000
붉은고추,2025-03-20,평균,131000
붉은고추,2025-03-20,평년,159550
붉은고추,2025-03-21,가락도매,116000
붉은고추,2025-03-21,평균,116000
붉은고추,2025-03-21,평년,160333
붉은고추,2025-03-24,가락도매,90700
붉은고추,2025-03-24,평균,90700
붉은고추,2025-03-24,평년,164667
붉은고추,2025-03-25,가락도매,107000
붉은고추,2025-03-25,평균,107000
붉은고추,2025-03-25,평년,169133
붉은고추,2025-03-26,가락도매,118000
붉은고추,2025-03-26,평균,118000
붉은고추,2025-03-26,평년,173117
붉은고추,2025-03-27,가락도매,120000
붉은고추,2025-03-27,평균,120000
붉은고추,2025-03-27,평년,175067
붉은고추,2025-03-28,가락도매,119000
붉은고추,2025-03-28,평균,119000
붉은고추,2025-03-28,평년,177150
붉은고추,2025-03-31,가락도매,117000
붉은고추,2025-03-31,평균,117000
붉은고추,2025-03-31,평년,176533
붉은고추,2025-04-01,가락도매,128000
붉은고추,2025-04-01,평균,128000
붉은고추,2025-04-01,평년,181400
붉은고추,2025-04-02,가락도매,129000
붉은고추,2025-04-02,평균,129000
붉은고추,2025-04-02,평년,183983
붉은고추,2025-04-03,가락도매,129000
붉은고추,2025-04-03,평균,129000
붉은고추,2025-04-03,평년,187133
붉은고추,2025-04-04,가락도매,145000
붉은고추,2025-04-04,평균,145000
붉은고추,2025-04-04,평년,188683
붉은고추,2025-04-07,가락도매,142000
붉은고추,2025-04-07,평균,142000
붉은고추,2025-04-07,평년,180600
붉은고추,2025-04-08,가락도매,165000
붉은고추,2025-04-08,평균,165000
붉은고추,2025-04-08,평년,175150
붉은고추,2025-04-09,가락도매,194000
붉은고추,2025-04-09,평균,194000
붉은고추,2025-04-09,평년,168817
붉은고추,2025-04-10,가락도매,256000
붉은고추,2025-04-10,평균,256000
붉은고추,2025-04-10,평년,162833
붉은고추,2025-04-11,가락도매,206000
붉은고추,2025-04-11,평균,206000
붉은고추,2025-04-11,평년,158117
붉은고추,2025-04-14,가락도매,144000
붉은고추,2025-04-14,평균,144000
붉은고추,2025-04-14,평년,154333
붉은고추,2025-04-15,가락도매,175000
붉은고추,2025-04-15,평균,175000
붉은고추,2025-04-15,평년,149850
붉은고추,2025-04-16,가락도매,195000
붉은고추,2025-04-16,평균,195000
붉은고추,2025-04-16,평년,144133
붉은고추,2025-04-17,가락도매,178000
붉은고추,2025-04-17,평균,178000
붉은고추,2025-04-17,평년,140950
붉은고추,2025-04-18,가락도매,125000
붉은고추,2025-04-18,평균,125000
붉은고추,2025-04-18,평년,139217
붉은고추,2025-04-21,가락도매,107000
붉은고추,2025-04-21,평균,107000
붉은고추,2025-04-21,평년,125580
붉은고추,2025-04-22,가락도매,95500
붉은고추,2025-04-22,평균,95500
붉은고추,2025-04-22,평년,124370
붉은고추,2025-04-23,가락도매,98000
붉은고추,2025-04-23,평균,98000
붉은고추,2025-04-23,평년,124855
붉은고추,2025-04-24,가락도매,87200
붉은고추,2025-04-24,평균,87200
붉은고추,2025-04-24,평년,118958
붉은고추,2025-04-25,가락도매,83500
붉은고추,2025-04-25,평균,83500
붉은고추,2025-04-25,평년,111873
붉은고추,2025-04-28,가락도매,83000
붉은고추,2025-04-28,평균,83000
붉은고추,2025-04-28,평년,89207
붉은고추,2025-04-29,가락도매,71700
붉은고추,2025-04-29,평균,71700
붉은고추,2025-04-29,평년,89480
붉은고추,2025-04-30,가락도매,70700
붉은고추,2025-04-30,평균,70700
붉은고추,2025-04-30,평년,90808
붉은고추,2025-05-02,가락도매,70700
붉은고추,2025-05-02,평균,70700
붉은고추,2025-05-02,평년,93260
붉은고추,2025-05-07,가락도매,85000
붉은고추,2025-05-07,평균,85000
붉은고추,2025-05-07,평년,89625
붉은고추,2025-05-08,가락도매,87200
붉은고추,2025-05-08,평균,87200
붉은고추,2025-05-08,평년,87768
붉은고추,2025-05-09,가락도매,97500
붉은고추,2025-05-09,평균,97500
붉은고추,2025-05-09,평년,80660
붉은고추,2025-05-12,가락도매,89200
붉은고추,2025-05-12,평균,89200
붉은고추,2025-05-12,평년,75768
붉은고추,2025-05-13,가락도매,86700
붉은고추,2025-05-13,평균,86700
붉은고추,2025-05-13,평년,75615
붉은고추,2025-05-14,가락도매,78700
붉은고추,2025-05-14,평균,78700
붉은고추,2025-05-14,평년,74562
붉은고추,2025-05-15,가락도매,75200
붉은고추,2025-05-15,평균,75200
붉은고추,2025-05-15,평년,76563
붉은고추,2025-05-16,가락도매,70200
붉은고추,2025-05-16,평균,70200
붉은고추,2025-05-16,평년,84367
붉은고추,2025-05-19,가락도매,71700
붉은고추,2025-05-19,평균,71700
붉은고추,2025-05-19,평년,88035
붉은고추,2025-05-20,가락도매,70500
붉은고추,2025-05-20,평균,70500
붉은고추,2025-05-20,평년,86733
붉은고추,2025-05-21,가락도매,68500
붉은고추,2025-05-21,평균,68500
붉은고추,2025-05-21,평년,88935
붉은고추,2025-05-22,가락도매,57000
붉은고추,2025-05-22,평균,57000
붉은고추,2025-05-22,평년,93242
붉은고추,2025-05-23,가락도매,58500
붉은고추,2025-05-23,평균,58500
붉은고추,2025-05-23,평년,90573
붉은고추,2025-05-26,가락도매,63500
붉은고추,2025-05-26,평균,63500
붉은고추,2025-05-26,평년,81033
붉은고추,2025-05-27,가락도매,63000
붉은고추,2025-05-27,평균,63000
붉은고추,2025-05-27,평년,80985
붉은고추,2025-05-28,가락도매,63000
붉은고추,2025-05-28,평균,63000
붉은고추,2025-05-28,평년,81727
붉은고추,2025-05-29,가락도매,70500
붉은고추,2025-05-29,평균,70500
붉은고추,2025-05-29,평년,83575
붉은고추,2025-05-30,가락도매,78700
붉은고추,2025-05-30,평균,78700
붉은고추,2025-05-30,평년,82040
붉은고추,2025-06-02,가락도매,78700
붉은고추,2025-06-02,평균,78700
붉은고추,2025-06-02,평년,70887
붉은고추,2025-06-04,가락도매,81700
붉은고추,2025-06-04,평균,81700
붉은고추,2025-06-04,평년,70468
붉은고추,2025-06-05,가락도매,83000
붉은고추,2025-06-05,평균,83000
붉은고추,2025-06-05,평년,70388
붉은고추,2025-06-09,가락도매,96000
붉은고추,2025-06-09,평균,96000
붉은고추,2025-06-09,평년,78782
붉은고추,2025-06-10,가락도매,92500
붉은고추,2025-06-10,평균,92500
붉은고추,2025-06-10,평년,77693
붉은고추,2025-06-11,가락도매,98200
붉은고추,2025-06-11,평균,98200
붉은고추,2025-06-11,평년,77222
붉은고추,2025-06-12,가락도매,111000
붉은고추,2025-06-12,평균,111000
붉은고추,2025-06-12,평년,78188
붉은고추,2025-06-13,가락도매,111000
붉은고추,2025-06-13,평균,111000
붉은고추,2025-06-13,평년,78510
붉은고추,2025-06-16,가락도매,130000
붉은고추,2025-06-16,평균,130000
붉은고추,2025-06-16,평년,75533
붉은고추,2025-06-17,가락도매,118000
붉은고추,2025-06-17,평균,118000
붉은고추,2025-06-17,평년,74167
붉은고추,2025-06-18,가락도매,115000
붉은고추,2025-06-18,평균,115000
붉은고추,2025-06-18,평년,73398
붉은고추,2025-06-19,가락도매,108000
붉은고추,2025-06-19,평균,108000
붉은고추,2025-06-19,평년,73485
붉은고추,2025-06-20,가락도매,105000
붉은고추,2025-06-20,평균,105000
붉은고추,2025-06-20,평년,73653
붉은고추,2025-06-23,가락도매,101000
붉은고추,2025-06-23,평균,101000
붉은고추,2025-06-23,평년,73972
붉은고추,2025-06-24,가락도매,94200
붉은고추,2025-06-24,평균,94200
붉은고추,2025-06-24,평년,73440
붉은고추,2025-06-25,가락도매,88000
붉은고추,2025-06-25,평균,88000
붉은고추,2025-06-25,평년,72253
붉은고추,2025-06-26,가락도매,97200
붉은고추,2025-06-26,평균,97200
붉은고추,2025-06-26,평년,71502
붉은고추,2025-06-27,가락도매,88500
붉은고추,2025-06-27,평균,88500
붉은고추,2025-06-27,평년,69042
붉은고추,2025-06-30,가락도매,63000
붉은고추,2025-06-30,평균,63000
붉은고추,2025-06-30,평년,63700
붉은고추,2025-07-01,가락도매,54500
붉은고추,2025-07-01,평균,54500
붉은고추,2025-07-01,평년,63707
붉은고추,2025-07-02,가락도매,59000
붉은고추,2025-07-02,평균,59000
붉은고추,2025-07-02,평년,63510
붉은고추,2025-07-03,가락도매,64000
붉은고추,2025-07-03,평균,64000
붉은고추,2025-07-03,평년,62388
붉은고추,2025-07-04,가락도매,83500
붉은고추,2025-07-04,평균,83500
붉은고추,2025-07-04,평년,62745
붉은고추,2025-07-07,가락도매,87500
붉은고추,2025-07-07,평균,87500
붉은고추,2025-07-07,평년,67420
붉은고추,2025-07-08,가락도매,98700
붉은고추,2025-07-08,평균,98700
붉은고추,2025-07-08,평년,66220
붉은고추,2025-07-09,가락도매,91700
붉은고추,2025-07-09,평균,91700
붉은고추,2025-07-09,평년,63202
붉은고추,2025-07-10,가락도매,113000
붉은고추,2025-07-10,평균,113000
붉은고추,2025-07-10,평년,60458
붉은고추,2025-07-11,가락도매,112000
붉은고추,2025-07-11,평균,112000
붉은고추,2025-07-11,평년,60503
붉은고추,2025-07-14,가락도매,90000
붉은고추,2025-07-14,평균,90000
붉은고추,2025-07-14,평년,64418
붉은고추,2025-07-15,가락도매,80000
붉은고추,2025-07-15,평균,80000
붉은고추,2025-07-15,평년,64880
붉은고추,2025-07-16,가락도매,82000
붉은고추,2025-07-16,평균,82000
붉은고추,2025-07-16,평년,66832
붉은고추,2025-07-17,가락도매,72200
붉은고추,2025-07-17,평균,72200
붉은고추,2025-07-17,평년,69158
붉은고추,2025-07-18,가락도매,67500
붉은고추,2025-07-18,평균,67500
붉은고추,2025-07-18,평년,69573
붉은고추,2025-07-21,가락도매,69500
붉은고추,2025-07-21,평균,69500
붉은고추,2025-07-21,평년,61780
붉은고추,2025-07-22,가락도매,48200
붉은고추,2025-07-22,평균,48200
붉은고추,2025-07-22,평년,60887
붉은고추,2025-07-23,가락도매,47000
붉은고추,2025-07-23,평균,47000
붉은고추,2025-07-23,평년,60625
붉은고추,2025-07-24,가락도매,46000
붉은고추,2025-07-24,평균,46000
붉은고추,2025-07-24,평년,60582
붉은고추,2025-07-25,가락도매,57000
붉은고추,2025-07-25,평균,57000
붉은고추,2025-07-25,평년,61963
붉은고추,2025-07-28,가락도매,67000
붉은고추,2025-07-28,평균,67000
붉은고추,2025-07-28,평년,68347
붉은고추,2025-07-29,가락도매,68000
붉은고추,2025-07-29,평균,68000
붉은고추,2025-07-29,평년,70173
붉은고추,2025-07-30,가락도매,71200
붉은고추,2025-07-30,평균,71200
붉은고추,2025-07-30,평년,70733
붉은고추,2025-07-31,가락도매,75000
붉은고추,2025-07-31,평균,75000
붉은고추,2025-07-31,평년,69748
붉은고추,2025-08-01,가락도매,73700
붉은고추,2025-08-01,평균,73700
붉은고추,2025-08-01,평년,70447
붉은고추,2025-08-04,가락도매,73000
붉은고추,2025-08-04,평균,73000
붉은고추,2025-08-04,평년,73680
붉은고추,2025-08-05,가락도매,73000
붉은고추,2025-08-05,평균,73000
붉은고추,2025-08-05,평년,74705
붉은고추,2025-08-06,가락도매,66000
붉은고추,2025-08-06,평균,66000
붉은고추,2025-08-06,평년,74232
붉은고추,2025-08-07,가락도매,76700
붉은고추,2025-08-07,평균,76700
붉은고추,2025-08-07,평년,74407
붉은고추,2025-08-08,가락도매,61200
붉은고추,2025-08-08,평균,61200
붉은고추,2025-08-08,평년,72187
붉은고추,2025-08-11,가락도매,46500
붉은고추,2025-08-11,평균,46500
붉은고추,2025-08-11,평년,66513
붉은고추,2025-08-12,가락도매,47000
붉은고추,2025-08-12,평균,47000
붉은고추,2025-08-12,평년,64673
붉은고추,2025-08-13,가락도매,51200
붉은고추,2025-08-13,평균,51200
붉은고추,2025-08-13,평년,64527
붉은고추,2025-08-14,가락도매,46200
붉은고추,2025-08-14,평균,46200
붉은고추,2025-08-14,평년,64240
붉은고추,2025-08-18,가락도매,47000
붉은고추,2025-08-18,평균,47000
붉은고추,2025-08-18,평년,63737
붉은고추,2025-08-19,가락도매,47200
붉은고추,2025-08-19,평균,47200
붉은고추,2025-08-19,평년,63190
붉은고추,2025-08-20,가락도매,47700
붉은고추,2025-08-20,평균,47700
붉은고추,2025-08-20,평년,63477
붉은고추,2025-08-21,가락도매,46000
붉은고추,2025-08-21,평균,46000
붉은고추,2025-08-21,평년,62980
붉은고추,2025-08-22,가락도매,46000
붉은고추,2025-08-22,평균,46000
붉은고추,2025-08-22,평년,62703
붉은고추,2025-08-25,가락도매,57500
붉은고추,2025-08-25,평균,57500
붉은고추,2025-08-25,평년,62330
붉은고추,2025-08-26,가락도매,56500
붉은고추,2025-08-26,평균,56500
붉은고추,2025-08-26,평년,62750
붉은고추,2025-08-27,가락도매,58000
붉은고추,2025-08-27,평균,58000
붉은고추,2025-08-27,평년,63997
붉은고추,2025-08-28,가락도매,66000
붉은고추,2025-08-28,평균,66000
붉은고추,2025-08-28,평년,64480
붉은고추,2025-08-29,가락도매,66000
붉은고추,2025-08-29,평균,66000
붉은고추,2025-08-29,평년,65342
붉은고추,2025-09-01,가락도매,50000
붉은고추,2025-09-01,평균,50000
붉은고추,2025-09-01,평년,63442
붉은고추,2025-09-02,가락도매,44000
붉은고추,2025-09-02,평균,44000
붉은고추,2025-09-02,평년,62030
붉은고추,2025-09-03,가락도매,47700
붉은고추,2025-09-03,평균,47700
붉은고추,2025-09-03,평년,61310
붉은고추,2025-09-04,가락도매,46200
붉은고추,2025-09-04,평균,46200
붉은고추,2025-09-04,평년,61847
붉은고추,2025-09-05,가락도매,42500
붉은고추,2025-09-05,평균,42500
붉은고추,2025-09-05,평년,64630
붉은고추,2025-09-08,가락도매,44200
붉은고추,2025-09-08,평균,44200
붉은고추,2025-09-08,평년,76397
붉은고추,2025-09-09,가락도매,49500
붉은고추,2025-09-09,평균,49500
붉은고추,2025-09-09,평년,79177
붉은고추,2025-09-10,가락도매,50500
붉은고추,2025-09-10,평균,50500
붉은고추,2025-09-10,평년,80143
붉은고추,2025-09-11,가락도매,65500
붉은고추,2025-09-11,평균,65500
붉은고추,2025-09-11,평년,83853
붉은고추,2025-09-12,가락도매,67200
붉은고추,2025-09-12,평균,67200
붉은고추,2025-09-12,평년,83873
붉은고추,2025-09-15,가락도매,69000
붉은고추,2025-09-15,평균,69000
붉은고추,2025-09-15,평년,84085
붉은고추,2025-09-16,가락도매,70700
붉은고추,2025-09-16,평균,70700
붉은고추,2025-09-16,평년,86958
붉은고추,2025-09-17,가락도매,77000
붉은고추,2025-09-17,평균,77000
붉은고추,2025-09-17,평년,87135
붉은고추,2025-09-18,가락도매,93700
붉은고추,2025-09-18,평균,93700
붉은고추,2025-09-18,평년,88502
붉은고추,2025-09-19,가락도매,95000
붉은고추,2025-09-19,평균,95000
붉은고추,2025-09-19,평년,93837
붉은고추,2025-09-22,가락도매,103000
붉은고추,2025-09-22,평균,103000
붉은고추,2025-09-22,평년,111572
붉은고추,2025-09-23,가락도매,95700
붉은고추,2025-09-23,평균,95700
붉은고추,2025-09-23,평년,115813
붉은고추,2025-09-24,가락도매,82000
붉은고추,2025-09-24,평균,82000
붉은고추,2025-09-24,평년,118117
붉은고추,2025-09-25,가락도매,87200
붉은고추,2025-09-25,평균,87200
붉은고추,2025-09-25,평년,120483
붉은고추,2025-09-26,가락도매,78000
붉은고추,2025-09-26,평균,78000
붉은고추,2025-09-26,평년,119933
붉은고추,2025-09-29,가락도매,81200
붉은고추,2025-09-29,평균,81200
붉은고추,2025-09-29,평년,123883
붉은고추,2025-09-30,가락도매,82000
붉은고추,2025-09-30,평균,82000
붉은고추,2025-09-30,평년,126550
붉은고추,2025-10-01,가락도매,96500
붉은고추,2025-10-01,평균,96500
붉은고추,2025-10-01,평년,128750
붉은고추,2025-10-02,가락도매,104000
붉은고추,2025-10-02,평균,104000
붉은고추,2025-10-02,평년,126597
붉은고추,2025-10-10,가락도매,93500
붉은고추,2025-10-10,평균,93500
붉은고추,2025-10-10,평년,120347
붉은고추,2025-10-13,가락도매,71700
붉은고추,2025-10-13,평균,71700
붉은고추,2025-10-13,평년,122050
붉은고추,2025-10-14,가락도매,73000
붉은고추,2025-10-14,평균,73000
붉은고추,2025-10-14,평년,125350
붉은고추,2025-10-15,가락도매,81000
붉은고추,2025-10-15,평균,81000
붉은고추,2025-10-15,평년,128833
붉은고추,2025-10-16,가락도매,81000
붉은고추,2025-10-16,평균,81000
붉은고추,2025-10-16,평년,130217
붉은고추,2025-10-17,가락도매,79000
붉은고추,2025-10-17,평균,79000
붉은고추,2025-10-17,평년,130267
붉은고추,2025-10-20,가락도매,81000
붉은고추,2025-10-20,평균,81000
붉은고추,2025-10-20,평년,135850
붉은고추,2025-10-21,가락도매,80700
붉은고추,2025-10-21,평균,80700
붉은고추,2025-10-21,평년,134267
붉은고추,2025-10-22,가락도매,76000
붉은고추,2025-10-22,평균,76000
붉은고추,2025-10-22,평년,129463
붉은고추,2025-10-23,가락도매,73500
붉은고추,2025-10-23,평균,73500
붉은고추,2025-10-23,평년,125263
붉은고추,2025-10-24,가락도매,73000
붉은고추,2025-10-24,평균,73000
붉은고추,2025-10-24,평년,119740
붉은고추,2025-10-27,가락도매,77000
붉은고추,2025-10-27,평균,77000
붉은고추,2025-10-27,평년,107265
붉은고추,2025-10-28,가락도매,96700
붉은고추,2025-10-28,평균,96700
붉은고추,2025-10-28,평년,103248
붉은고추,2025-10-29,가락도매,98000
붉은고추,2025-10-29,평균,98000
붉은고추,2025-10-29,평년,103215
붉은고추,2025-10-30,가락도매,98200
붉은고추,2025-10-30,평균,98200
붉은고추,2025-10-30,평년,103557
붉은고추,2025-10-31,가락도매,98200
붉은고추,2025-10-31,평균,98200
붉은고추,2025-10-31,평년,102123
붉은고추,2025-11-03,가락도매,108000
붉은고추,2025-11-03,평균,108000
붉은고추,2025-11-03,평년,96493
붉은고추,2025-11-04,가락도매,101000
붉은고추,2025-11-04,평균,101000
붉은고추,2025-11-04,평년,94420
붉은고추,2025-11-05,가락도매,123000
붉은고추,2025-11-05,평균,123000
붉은고추,2025-11-05,평년,93702
붉은고추,2025-11-06,가락도매,128000
붉은고추,2025-11-06,평균,128000
붉은고추,2025-11-06,평년,93147
붉은고추,2025-11-07,가락도매,132000
붉은고추,2025-11-07,평균,132000
붉은고추,2025-11-07,평년,91885
붉은고추,2025-11-10,가락도매,134000
붉은고추,2025-11-10,평균,134000
붉은고추,2025-11-10,평년,84980
붉은고추,2025-11-11,가락도매,144000
붉은고추,2025-11-11,평균,144000
붉은고추,2025-11-11,평년,83707
붉은고추,2025-11-12,가락도매,146000
붉은고추,2025-11-12,평균,146000
붉은고추,2025-11-12,평년,82443
붉은고추,2025-11-13,가락도매,136000
붉은고추,2025-11-13,평균,136000
붉은고추,2025-11-13,평년,83100
붉은고추,2025-11-14,가락도매,136000
붉은고추,2025-11-14,평균,136000
붉은고추,2025-11-14,평년,83743
붉은고추,2025-11-17,가락도매,130000
붉은고추,2025-11-17,평균,130000
붉은고추,2025-11-17,평년,81240
붉은고추,2025-11-18,가락도매,130000
붉은고추,2025-11-18,평균,130000
붉은고추,2025-11-18,평년,81228
붉은고추,2025-11-19,가락도매,173000
붉은고추,2025-11-19,평균,173000
붉은고추,2025-11-19,평년,81067
붉은고추,2025-11-20,가락도매,171000
붉은고추,2025-11-20,평균,171000
붉은고추,2025-11-20,평년,80145
붉은고추,2025-11-21,가락도매,171000
붉은고추,2025-11-21,평균,171000
붉은고추,2025-11-21,평년,77010
붉은고추,2025-11-24,가락도매,199000
붉은고추,2025-11-24,평균,199000
붉은고추,2025-11-24,평년,76107
붉은고추,2025-11-25,가락도매,199000
붉은고추,2025-11-25,평균,199000
붉은고추,2025-11-25,평년,73567
붉은고추,2025-11-26,가락도매,196000
붉은고추,2025-11-26,평균,196000
붉은고추,2025-11-26,평년,71347
붉은고추,2025-11-27,가락도매,193000
붉은고추,2025-11-27,평균,193000
붉은고추,2025-11-27,평년,73565
붉은고추,2025-11-28,가락도매,190000
붉은고추,2025-11-28,평균,190000
붉은고추,2025-11-28,평년,76778
붉은고추,2025-12-01,가락도매,193000
붉은고추,2025-12-01,평균,193000
붉은고추,2025-12-01,평년,85777
붉은고추,2025-12-02,가락도매,191000
붉은고추,2025-12-02,평균,191000
붉은고추,2025-12-02,평년,87092
붉은고추,2025-12-03,가락도매,196000
붉은고추,2025-12-03,평균,196000
붉은고추,2025-12-03,평년,87417
붉은고추,2025-12-04,가락도매,188000
붉은고추,2025-12-04,평균,188000
붉은고추,2025-12-04,평년,87840
붉은고추,2025-12-08,가락도매,186000
붉은고추,2025-12-08,평균,186000
붉은고추,2025-12-08,평년,91327
붉은고추,2025-12-09,가락도매,175000
붉은고추,2025-12-09,평균,175000
붉은고추,2025-12-09,평년,91460
붉은고추,2025-12-10,가락도매,168000
붉은고추,2025-12-10,평균,168000
붉은고추,2025-12-10,평년,90617
붉은고추,2025-12-11,가락도매,140000
붉은고추,2025-12-11,평균,140000
붉은고추,2025-12-11,평년,90163
붉은고추,2025-12-12,가락도매,141000
붉은고추,2025-12-12,평균,141000
붉은고추,2025-12-12,평년,89620
붉은고추,2025-12-15,가락도매,141000
붉은고추,2025-12-15,평균,141000
붉은고추,2025-12-15,평년,88000
붉은고추,2025-12-16,가락도매,135000
붉은고추,2025-12-16,평균,135000
붉은고추,2025-12-16,평년,87240
붉은고추,2025-12-17,가락도매,126000
붉은고추,2025-12-17,평균,126000
붉은고추,2025-12-17,평년,87503
붉은고추,2025-12-18,가락도매,126000
붉은고추,2025-12-18,평균,126000
붉은고추,2025-12-18,평년,87915
붉은고추,2025-12-19,가락도매,103000
붉은고추,2025-12-19,평균,103000
붉은고추,2025-12-19,평년,88332
붉은고추,2025-12-22,가락도매,102000
붉은고추,2025-12-22,평균,102000
붉은고추,2025-12-22,평년,91480
붉은고추,2025-12-23,가락도매,79500
붉은고추,2025-12-23,평균,79500
붉은고추,2025-12-23,평년,90755
붉은고추,2025-12-24,가락도매,76200
붉은고추,2025-12-24,평균,76200
붉은고추,2025-12-24,평년,90525
붉은고추,2025-12-26,가락도매,73500
붉은고추,2025-12-26,평균,73500
붉은고추,2025-12-26,평년,90732
붉은고추,2025-12-29,가락도매,63500
붉은고추,2025-12-29,평균,63500
붉은고추,2025-12-29,평년,90513
붉은고추,2025-12-30,가락도매,46200
붉은고추,2025-12-30,평균,46200
붉은고추,2025-12-30,평년,90842
붉은고추,2025-12-31,가락도매,46200
붉은고추,2025-12-31,평균,46200
붉은고추,2025-12-31,평년,90558
붉은고추,2026-01-02,가락도매,46200
붉은고추,2026-01-02,평균,46200
붉은고추,2026-01-02,평년,89980
붉은고추,2026-01-05,가락도매,44700
붉은고추,2026-01-05,평균,44700
붉은고추,2026-01-05,평년,80087
붉은고추,2026-01-06,가락도매,48000
붉은고추,2026-01-06,평균,48000
붉은고추,2026-01-06,평년,76565
붉은고추,2026-01-07,가락도매,46500
붉은고추,2026-01-07,평균,46500
붉은고추,2026-01-07,평년,74188
붉은고추,2026-01-08,가락도매,44000
붉은고추,2026-01-08,평균,44000
붉은고추,2026-01-08,평년,73388
붉은고추,2026-01-09,가락도매,40200
붉은고추,2026-01-09,평균,40200
붉은고추,2026-01-09,평년,70178
붉은고추,2026-01-12,가락도매,40500
붉은고추,2026-01-12,평균,40500
붉은고추,2026-01-12,평년,66775
붉은고추,2026-01-13,가락도매,39200
붉은고추,2026-01-13,평균,39200
붉은고추,2026-01-13,평년,66142
붉은고추,2026-01-14,가락도매,38700
붉은고추,2026-01-14,평균,38700
붉은고추,2026-01-14,평년,65162
붉은고추,2026-01-15,가락도매,41000
붉은고추,2026-01-15,평균,41000
붉은고추,2026-01-15,평년,64892
붉은고추,2026-01-16,가락도매,41700
붉은고추,2026-01-16,평균,41700
붉은고추,2026-01-16,평년,64192
붉은고추,2026-01-19,가락도매,41700
붉은고추,2026-01-19,평균,41700
붉은고추,2026-01-19,평년,65560
붉은고추,2026-01-20,가락도매,41700
붉은고추,2026-01-20,평균,41700
붉은고추,2026-01-20,평년,66678
붉은고추,2026-01-21,가락도매,41700
붉은고추,2026-01-21,평균,41700
붉은고추,2026-01-21,평년,70332
붉은고추,2026-01-22,가락도매,41700
붉은고추,2026-01-22,평균,41700
붉은고추,2026-01-22,평년,74482
붉은고추,2026-01-23,가락도매,43000
붉은고추,2026-01-23,평균,43000
붉은고추,2026-01-23,평년,76727
붉은고추,2026-01-26,가락도매,42500
붉은고추,2026-01-26,평균,42500
붉은고추,2026-01-26,평년,85782
붉은고추,2026-01-27,가락도매,42500
붉은고추,2026-01-27,평균,42500
붉은고추,2026-01-27,평년,84865
붉은고추,2026-01-28,가락도매,41200
붉은고추,2026-01-28,평균,41200
붉은고추,2026-01-28,평년,85200
붉은고추,2026-01-29,가락도매,41200
붉은고추,2026-01-29,평균,41200
붉은고추,2026-01-29,평년,85417
붉은고추,2026-01-30,가락도매,41200
붉은고추,2026-01-30,평균,41200
붉은고추,2026-01-30,평년,85582
붉은고추,2026-02-02,가락도매,42200
붉은고추,2026-02-02,평균,42200
붉은고추,2026-02-02,평년,84112
붉은고추,2026-02-03,가락도매,43700
붉은고추,2026-02-03,평균,43700
붉은고추,2026-02-03,평년,81165
붉은고추,2026-02-04,가락도매,53000
붉은고추,2026-02-04,평균,53000
붉은고추,2026-02-04,평년,77255
붉은고추,2026-02-05,가락도매,60700
붉은고추,2026-02-05,평균,60700
붉은고추,2026-02-05,평년,80723
붉은고추,2026-02-06,가락도매,60700
붉은고추,2026-02-06,평균,60700
붉은고추,2026-02-06,평년,82417
붉은고추,2026-02-09,가락도매,63700
붉은고추,2026-02-09,평균,63700
붉은고추,2026-02-09,평년,76667
붉은고추,2026-02-10,가락도매,62000
붉은고추,2026-02-10,평균,62000
붉은고추,2026-02-10,평년,76868
붉은고추,2026-02-11,가락도매,61200
붉은고추,2026-02-11,평균,61200
붉은고추,2026-02-11,평년,77223
붉은고추,2026-02-12,가락도매,78200
붉은고추,2026-02-12,평균,78200
붉은고추,2026-02-12,평년,78460
붉은고추,2026-02-13,가락도매,76000
붉은고추,2026-02-13,평균,76000
붉은고추,2026-02-13,평년,78693
붉은고추,2026-02-19,가락도매,76000
붉은고추,2026-02-19,평균,76000
붉은고추,2026-02-19,평년,78617
붉은고추,2026-02-20,가락도매,82200
붉은고추,2026-02-20,평균,82200
붉은고추,2026-02-20,평년,79583
붉은고추,2026-02-23,가락도매,81000
붉은고추,2026-02-23,평균,81000
붉은고추,2026-02-23,평년,97752
붉은고추,2026-02-24,가락도매,78500
붉은고추,2026-02-24,평균,78500
붉은고추,2026-02-24,평년,101507
붉은고추,2026-02-25,가락도매,83200
붉은고추,2026-02-25,평균,83200
붉은고추,2026-02-25,평년,105950
붉은고추,2026-02-26,가락도매,86200
붉은고추,2026-02-26,평균,86200
붉은고추,2026-02-26,평년,110967
붉은고추,2026-02-27,가락도매,86200
붉은고추,2026-02-27,평균,86200
붉은고추,2026-02-27,평년,113975
붉은고추,2026-03-03,가락도매,117000
붉은고추,2026-03-03,평균,117000
붉은고추,2026-03-03,평년,132613
붉은고추,2026-03-04,가락도매,136000
붉은고추,2026-03-04,평균,136000
붉은고추,2026-03-04,평년,140330
붉은고추,2026-03-05,가락도매,167000
붉은고추,2026-03-05,평균,167000
붉은고추,2026-03-05,평년,142230
붉은고추,2026-03-06,가락도매,167000
붉은고추,2026-03-06,평균,167000
붉은고추,2026-03-06,평년,142600
붉은고추,2026-03-09,가락도매,150000
붉은고추,2026-03-09,평균,150000
붉은고추,2026-03-09,평년,145167
붉은고추,2026-03-10,가락도매,151000
붉은고추,2026-03-10,평균,151000
붉은고추,2026-03-10,평년,144933
붉은고추,2026-03-11,가락도매,150000
붉은고추,2026-03-11,평균,150000
붉은고추,2026-03-11,평년,144517
붉은고추,2026-03-12,가락도매,149000
붉은고추,2026-03-12,평균,149000
붉은고추,2026-03-12,평년,145867
붉은고추,2026-03-13,가락도매,145000
붉은고추,2026-03-13,평균,145000
붉은고추,2026-03-13,평년,146283
붉은고추,2026-03-16,가락도매,145000
붉은고추,2026-03-16,평균,145000
붉은고추,2026-03-16,평년,147017
붉은고추,2026-03-17,가락도매,147000
붉은고추,2026-03-17,평균,147000
붉은고추,2026-03-17,평년,150950
붉은고추,2026-03-18,가락도매,145000
붉은고추,2026-03-18,평균,145000
붉은고추,2026-03-18,평년,156133
붉은고추,2026-03-19,가락도매,137000
붉은고추,2026-03-19,평균,137000
붉은고추,2026-03-19,평년,158750
붉은고추,2026-03-20,가락도매,131000
붉은고추,2026-03-20,평균,131000
붉은고추,2026-03-20,평년,159550
붉은고추,2026-03-23,가락도매,92700
붉은고추,2026-03-23,평균,92700
붉은고추,2026-03-23,평년,163533
붉은고추,2026-03-24,가락도매,84500
붉은고추,2026-03-24,평균,84500
붉은고추,2026-03-24,평년,164667
붉은고추,2026-03-25,가락도매,84500
붉은고추,2026-03-25,평균,84500
붉은고추,2026-03-25,평년,169133
붉은고추,2026-03-26,가락도매,92500
붉은고추,2026-03-26,평균,92500
붉은고추,2026-03-26,평년,173117
붉은고추,2026-03-27,가락도매,99200
붉은고추,2026-03-27,평균,99200
붉은고추,2026-03-27,평년,175067
붉은고추,2026-03-30,가락도매,112000
붉은고추,2026-03-30,평균,112000
붉은고추,2026-03-30,평년,175667
붉은고추,2026-03-31,가락도매,112000
붉은고추,2026-03-31,평균,112000
붉은고추,2026-03-31,평년,176533
붉은고추,2026-04-01,가락도매,105000
붉은고추,2026-04-01,평균,105000
붉은고추,2026-04-01,평년,181400
붉은고추,2026-04-02,가락도매,106000
붉은고추,2026-04-02,평균,106000
붉은고추,2026-04-02,평년,183983
붉은고추,2026-04-03,가락도매,106000
붉은고추,2026-04-03,평균,106000
붉은고추,2026-04-03,평년,187133
붉은고추,2026-04-06,가락도매,122000
붉은고추,2026-04-06,평균,122000
붉은고추,2026-04-06,평년,184083
붉은고추,2026-04-07,가락도매,122000
붉은고추,2026-04-07,평균,122000
붉은고추,2026-04-07,평년,183400
붉은고추,2026-04-08,가락도매,122000
붉은고추,2026-04-08,평균,122000
붉은고추,2026-04-08,평년,185417
붉은고추,2026-04-09,가락도매,122000
붉은고추,2026-04-09,평균,122000
붉은고추,2026-04-09,평년,186083
붉은고추,2026-04-10,가락도매,121000
붉은고추,2026-04-10,평균,121000
붉은고추,2026-04-10,평년,183233
붉은고추,2026-04-13,가락도매,114000
붉은고추,2026-04-13,평균,114000
붉은고추,2026-04-13,평년,181150
붉은고추,2026-04-14,가락도매,99000
붉은고추,2026-04-14,평균,99000
붉은고추,2026-04-14,평년,180800
붉은고추,2026-04-15,가락도매,94500
붉은고추,2026-04-15,평균,94500
붉은고추,2026-04-15,평년,171800
붉은고추,2026-04-16,가락도매,94500
붉은고추,2026-04-16,평균,94500
붉은고추,2026-04-16,평년,162133
붉은고추,2026-04-17,가락도매,94500
붉은고추,2026-04-17,평균,94500
붉은고추,2026-04-17,평년,159217
붉은고추,2026-04-20,가락도매,96000
붉은고추,2026-04-20,평균,96000
붉은고추,2026-04-20,평년,143172
붉은고추,2026-04-21,가락도매,92200
붉은고추,2026-04-21,평균,92200
붉은고추,2026-04-21,평년,138080
붉은고추,2026-04-22,가락도매,86000
붉은고추,2026-04-22,평균,86000
붉은고추,2026-04-22,평년,132643
붉은고추,2026-04-23,가락도매,83500
붉은고추,2026-04-23,평균,83500
붉은고추,2026-04-23,평년,129610
붉은고추,2026-04-24,가락도매,86700
붉은고추,2026-04-24,평균,86700
붉은고추,2026-04-24,평년,122113
붉은고추,2026-04-27,가락도매,90200
붉은고추,2026-04-27,평균,90200
붉은고추,2026-04-27,평년,97663
붉은고추,2026-04-28,가락도매,90200
붉은고추,2026-04-28,평균,90200
붉은고추,2026-04-28,평년,89787
붉은고추,2026-04-29,가락도매,100000
붉은고추,2026-04-29,평균,100000
붉은고추,2026-04-29,평년,89640
붉은고추,2026-04-30,가락도매,103000
붉은고추,2026-04-30,평균,103000
붉은고추,2026-04-30,평년,92007
붉은고추,2026-05-04,가락도매,103000
붉은고추,2026-05-04,평균,103000
붉은고추,2026-05-04,평년,93513
붉은고추,2026-05-06,가락도매,115000
붉은고추,2026-05-06,평균,115000
붉은고추,2026-05-06,평년,94480
붉은고추,2026-05-07,가락도매,110000
붉은고추,2026-05-07,평균,110000
붉은고추,2026-05-07,평년,95015
붉은고추,2026-05-08,가락도매,110000
붉은고추,2026-05-08,평균,110000
붉은고추,2026-05-08,평년,94615
붉은고추,2026-05-11,가락도매,99500
붉은고추,2026-05-11,평균,99500
붉은고추,2026-05-11,평년,82790
붉은고추,2026-05-12,가락도매,82700
붉은고추,2026-05-12,평균,82700
붉은고추,2026-05-12,평년,83380
붉은고추,2026-05-13,가락도매,80700
붉은고추,2026-05-13,평균,80700
붉은고추,2026-05-13,평년,81228
붉은고추,2026-05-14,가락도매,80700
붉은고추,2026-05-14,평균,80700
붉은고추,2026-05-14,평년,78562
붉은고추,2026-05-15,가락도매,80700
붉은고추,2026-05-15,평균,80700
붉은고추,2026-05-15,평년,80397
붉은고추,2026-05-18,가락도매,50700
붉은고추,2026-05-18,평균,50700
붉은고추,2026-05-18,평년,96213
붉은고추,2026-05-19,가락도매,52000
붉은고추,2026-05-19,평균,52000
붉은고추,2026-05-19,평년,93300
붉은고추,2026-05-20,가락도매,52700
붉은고추,2026-05-20,평균,52700
붉은고추,2026-05-20,평년,90013
붉은고추,2026-05-21,가락도매,59500
붉은고추,2026-05-21,평균,59500
붉은고추,2026-05-21,평년,90735
붉은고추,2026-05-22,가락도매,63200
붉은고추,2026-05-22,평균,63200
붉은고추,2026-05-22,평년,93842
붉은고추,2026-05-26,가락도매,88700
붉은고추,2026-05-26,평균,88700
붉은고추,2026-05-26,평년,81033
붉은고추,2026-05-27,가락도매,102000
붉은고추,2026-05-27,평균,102000
붉은고추,2026-05-27,평년,80985
붉은고추,2026-05-28,가락도매,95700
붉은고추,2026-05-28,평균,95700
붉은고추,2026-05-28,평년,81727
붉은고추,2026-05-29,가락도매,95700
붉은고추,2026-05-29,평균,95700
붉은고추,2026-05-29,평년,84102
붉은고추,2026-06-01,가락도매,95700
붉은고추,2026-06-01,평균,95700
붉은고추,2026-06-01,평년,76553
붉은고추,2026-06-02,가락도매,99500
붉은고추,2026-06-02,평균,99500
붉은고추,2026-06-02,평년,74793
붉은고추,2026-06-04,가락도매,99500
붉은고추,2026-06-04,평균,99500
붉은고추,2026-06-04,평년,76617
붉은고추,2026-06-05,가락도매,100000
붉은고추,2026-06-05,평균,100000
붉은고추,2026-06-05,평년,77690
붉은고추,2026-06-08,가락도매,100000
붉은고추,2026-06-08,평균,100000
붉은고추,2026-06-08,평년,86008
붉은고추,2026-06-09,가락도매,68200
붉은고추,2026-06-09,평균,68200
붉은고추,2026-06-09,평년,88848
붉은고추,2026-06-10,가락도매,62000
붉은고추,2026-06-10,평균,62000
붉은고추,2026-06-10,평년,89827
붉은고추,2026-06-11,가락도매,62000
붉은고추,2026-06-11,평균,62000
붉은고추,2026-06-11,평년,89722
붉은고추,2026-06-12,가락도매,62000
붉은고추,2026-06-12,평균,62000
붉은고추,2026-06-12,평년,89202
붉은고추,2026-06-15,가락도매,61200
붉은고추,2026-06-15,평균,61200
붉은고추,2026-06-15,평년,91933
붉은고추,2026-06-16,가락도매,57500
붉은고추,2026-06-16,평균,57500
붉은고추,2026-06-16,평년,91733
붉은고추,2026-06-17,가락도매,57500
붉은고추,2026-06-17,평균,57500
붉은고추,2026-06-17,평년,91127
붉은고추,2026-06-18,가락도매,57500
붉은고추,2026-06-18,평균,57500
붉은고추,2026-06-18,평년,91872
붉은고추,2026-06-19,가락도매,57500
붉은고추,2026-06-19,평균,57500
붉은고추,2026-06-19,평년,91085
붉은고추,2026-06-22,가락도매,57500
붉은고추,2026-06-22,평균,57500
붉은고추,2026-06-22,평년,87015
붉은고추,2026-06-23,가락도매,60000
붉은고추,2026-06-23,평균,60000
붉은고추,2026-06-23,평년,85425
붉은고추,2026-06-24,가락도매,63700
붉은고추,2026-06-24,평균,63700
붉은고추,2026-06-24,평년,84313
붉은고추,2026-06-25,가락도매,65000
붉은고추,2026-06-25,평균,65000
붉은고추,2026-06-25,평년,81880
붉은고추,2026-06-26,가락도매,65000
붉은고추,2026-06-26,평균,65000
붉은고추,2026-06-26,평년,78595
붉은고추,2026-06-29,가락도매,65000
붉은고추,2026-06-29,평균,65000
붉은고추,2026-06-29,평년,72160
붉은고추,2026-06-30,가락도매,67000
붉은고추,2026-06-30,평균,67000
붉은고추,2026-06-30,평년,69060
붉은고추,2026-07-01,가락도매,68200
붉은고추,2026-07-01,평균,68200
붉은고추,2026-07-01,평년,66673
붉은고추,2026-07-02,가락도매,70200
붉은고추,2026-07-02,평균,70200
붉은고추,2026-07-02,평년,65627
붉은고추,2026-07-03,가락도매,78500
붉은고추,2026-07-03,평균,78500
붉은고추,2026-07-03,평년,66138
붉은고추,2026-07-06,가락도매,80700
붉은고추,2026-07-06,평균,80700
붉은고추,2026-07-06,평년,73815
붉은고추,2026-07-07,가락도매,79000
붉은고추,2026-07-07,평균,79000
붉은고추,2026-07-07,평년,75413
붉은고추,2026-07-08,가락도매,79000
붉은고추,2026-07-08,평균,79000
붉은고추,2026-07-08,평년,75012
붉은고추,2026-07-09,가락도매,79000
붉은고추,2026-07-09,평균,79000
붉은고추,2026-07-09,평년,73993
붉은고추,2026-07-10,가락도매,76500
붉은고추,2026-07-10,평균,76500
붉은고추,2026-07-10,평년,72085
붉은고추,2026-07-13,가락도매,62000
붉은고추,2026-07-13,평균,62000
붉은고추,2026-07-13,평년,72080
붉은고추,2026-07-14,가락도매,62000
붉은고추,2026-07-14,평균,62000
붉은고추,2026-07-14,평년,73740
붉은고추,2026-07-15,가락도매,82700
붉은고추,2026-07-15,평균,82700
붉은고추,2026-07-15,평년,75113
붉은고추,2026-07-16,가락도매,104000
붉은고추,2026-07-16,평균,104000
붉은고추,2026-07-16,평년,73072
붉은고추,2026-07-20,가락도매,104000
붉은고추,2026-07-20,평균,104000
붉은고추,2026-07-20,평년,67343
붉은고추,2026-07-21,가락도매,102000
붉은고추,2026-07-21,평균,102000
붉은고추,2026-07-21,평년,62833
붉은고추,2026-07-22,가락도매,85700
붉은고추,2026-07-22,평균,85700
붉은고추,2026-07-22,평년,60887
붉은고추,2026-07-23,가락도매,83200
붉은고추,2026-07-23,평균,83200
붉은고추,2026-07-23,평년,60625
붉은고추,2026-07-24,가락도매,83200
붉은고추,2026-07-24,평균,83200
붉은고추,2026-07-24,평년,60582
붉은고추,2026-07-27,가락도매,67500
붉은고추,2026-07-27,평균,67500
붉은고추,2026-07-27,평년,66680
붉은고추,2026-07-28,가락도매,67500
붉은고추,2026-07-28,평균,67500
붉은고추,2026-07-28,평년,68707
붉은고추,2026-07-29,가락도매,67500
붉은고추,2026-07-29,평균,67500
붉은고추,2026-07-29,평년,71000
붉은고추,2026-07-30,가락도매,65000
붉은고추,2026-07-30,평균,65000
붉은고추,2026-07-30,평년,72093
붉은고추,2026-07-31,가락도매,65000
붉은고추,2026-07-31,평균,65000
붉은고추,2026-07-31,평년,71508
붉은고추,2026-08-03,가락도매,77500
붉은고추,2026-08-03,평균,77500
붉은고추,2026-08-03,평년,74805
붉은고추,2026-08-04,가락도매,77500
붉은고추,2026-08-04,평균,77500
붉은고추,2026-08-04,평년,76460
붉은고추,2026-08-05,가락도매,77500
붉은고추,2026-08-05,평균,77500
붉은고추,2026-08-05,평년,76798
붉은고추,2026-08-06,가락도매,76200
붉은고추,2026-08-06,평균,76200
붉은고추,2026-08-06,평년,75185
붉은고추,2026-08-07,가락도매,63200
붉은고추,2026-08-07,평균,63200
붉은고추,2026-08-07,평년,74407
붉은고추,2026-08-10,가락도매,63700
붉은고추,2026-08-10,평균,63700
붉은고추,2026-08-10,평년,67203
붉은고추,2026-08-11,가락도매,63700
붉은고추,2026-08-11,평균,63700
붉은고추,2026-08-11,평년,65990
붉은고추,2026-08-12,가락도매,67700
붉은고추,2026-08-12,평균,67700
붉은고추,2026-08-12,평년,64673
붉은고추,2026-08-13,가락도매,67700
붉은고추,2026-08-13,평균,67700
붉은고추,2026-08-13,평년,62660
붉은고추,2026-08-14,가락도매,67700
붉은고추,2026-08-14,평균,67700
붉은고추,2026-08-14,평년,61338
붉은고추,2026-08-18,가락도매,62000
붉은고추,2026-08-18,평균,62000
붉은고추,2026-08-18,평년,58530
붉은고추,2026-08-19,가락도매,54000
붉은고추,2026-08-19,평균,54000
붉은고추,2026-08-19,평년,56697
붉은고추,2026-08-20,가락도매,51500
붉은고추,2026-08-20,평균,51500
붉은고추,2026-08-20,평년,56777
붉은고추,2026-08-21,가락도매,50700
붉은고추,2026-08-21,평균,50700
붉은고추,2026-08-21,평년,58313
붉은고추,2026-08-24,가락도매,50000
붉은고추,2026-08-24,평균,50000
붉은고추,2026-08-24,평년,59283
붉은고추,2026-08-25,가락도매,50000
붉은고추,2026-08-25,평균,50000
붉은고추,2026-08-25,평년,59437
붉은고추,2026-08-26,가락도매,45000
붉은고추,2026-08-26,평균,45000
붉은고추,2026-08-26,평년,60857
붉은고추,2026-08-27,가락도매,45000
붉은고추,2026-08-27,평균,45000
붉은고추,2026-08-27,평년,62743
붉은고추,2026-08-28,가락도매,47500
붉은고추,2026-08-28,평균,47500
붉은고추,2026-08-28,평년,62280
붉은고추,2026-08-31,가락도매,52500
붉은고추,2026-08-31,평균,52500
붉은고추,2026-08-31,평년,61195
붉은고추,2026-09-01,가락도매,67500
붉은고추,2026-09-01,평균,67500
붉은고추,2026-09-01,평년,60455
붉은고추,2026-09-02,가락도매,67500
붉은고추,2026-09-02,평균,67500
붉은고추,2026-09-02,평년,58790
붉은고추,2026-09-03,가락도매,72500
붉은고추,2026-09-03,평균,72500
붉은고추,2026-09-03,평년,57370
붉은고추,2026-09-04,가락도매,76200
붉은고추,2026-09-04,평균,76200
붉은고추,2026-09-04,평년,58552
붉은고추,2026-09-07,가락도매,76200
붉은고추,2026-09-07,평균,76200
붉은고추,2026-09-07,평년,69077
붉은고추,2026-09-08,가락도매,76200
붉은고추,2026-09-08,평균,76200
붉은고추,2026-09-08,평년,73497
붉은고추,2026-09-09,가락도매,76200
붉은고추,2026-09-09,평균,76200
붉은고추,2026-09-09,평년,76303
붉은고추,2026-09-10,가락도매,76200
붉은고추,2026-09-10,평균,76200
붉은고추,2026-09-10,평년,77370
붉은고추,2026-09-11,가락도매,76200
붉은고추,2026-09-11,평균,76200
붉은고추,2026-09-11,평년,80873
붉은고추,2026-09-14,가락도매,87700
붉은고추,2026-09-14,평균,87700
붉은고추,2026-09-14,평년,82412
붉은고추,2026-09-15,가락도매,100000
붉은고추,2026-09-15,평균,100000
붉은고추,2026-09-15,평년,81338
붉은고추,2026-09-16,가락도매,107000
붉은고추,2026-09-16,평균,107000
붉은고추,2026-09-16,평년,85072
붉은고추,2026-09-17,가락도매,107000
붉은고추,2026-09-17,평균,107000
붉은고추,2026-09-17,평년,86968
붉은고추,2026-09-18,가락도매,107000
붉은고추,2026-09-18,평균,107000
붉은고추,2026-09-18,평년,89235
붉은고추,2026-09-21,가락도매,197000
붉은고추,2026-09-21,평균,197000
붉은고추,2026-09-21,평년,105830
붉은고추,2026-09-22,가락도매,200000
붉은고추,2026-09-22,평균,200000
붉은고추,2026-09-22,평년,107585
붉은고추,2026-09-23,가락도매,200000
붉은고추,2026-09-23,평균,200000
붉은고추,2026-09-23,평년,106607
붉은고추,2026-09-28,가락도매,212000
붉은고추,2026-09-28,평균,212000
붉은고추,2026-09-28,평년,105783
양배추,2014-01-02,가락도매,5000
양배추,2014-01-02,평균,5000
양배추,2014-01-02,평년,8183
양배추,2014-01-03,가락도매,5000
양배추,2014-01-03,평균,5000
양배추,2014-01-03,평년,8225
양배추,2014-01-06,가락도매,5000
양배추,2014-01-06,평균,5000
양배추,2014-01-06,평년,8267
양배추,2014-01-07,가락도매,5000
양배추,2014-01-07,평균,5000
양배추,2014-01-07,평년,8117
양배추,2014-01-08,가락도매,5000
양배추,2014-01-08,평균,5000
양배추,2014-01-08,평년,8100
양배추,2014-01-09,가락도매,5000
양배추,2014-01-09,평균,5000
양배추,2014-01-09,평년,8067
양배추,2014-01-10,가락도매,5000
양배추,2014-01-10,평균,5000
양배추,2014-01-10,평년,8050
양배추,2014-01-13,가락도매,5000
양배추,2014-01-13,평균,5000
양배추,2014-01-13,평년,7800
양배추,2014-01-14,가락도매,5000
양배추,2014-01-14,평균,5000
양배추,2014-01-14,평년,7850
양배추,2014-01-15,가락도매,5000
양배추,2014-01-15,평균,5000
양배추,2014-01-15,평년,7850
양배추,2014-01-16,가락도매,5000
양배추,2014-01-16,평균,5000
양배추,2014-01-16,평년,7900
양배추,2014-01-17,가락도매,5000
양배추,2014-01-17,평균,5000
양배추,2014-01-17,평년,8000
양배추,2014-01-20,가락도매,5000
양배추,2014-01-20,평균,5000
양배추,2014-01-20,평년,8267
양배추,2014-01-21,가락도매,5000
양배추,2014-01-21,평균,5000
양배추,2014-01-21,평년,8333
양배추,2014-01-22,가락도매,5000
양배추,2014-01-22,평균,5000
양배추,2014-01-22,평년,8333
양배추,2014-01-23,가락도매,5000
양배추,2014-01-23,평균,5000
양배추,2014-01-23,평년,8333
양배추,2014-01-24,가락도매,4500
양배추,2014-01-24,평균,4500
양배추,2014-01-24,평년,8333
양배추,2014-01-27,가락도매,4500
양배추,2014-01-27,평균,4500
양배추,2014-01-27,평년,8000
양배추,2014-01-28,가락도매,4000
양배추,2014-01-28,평균,4000
양배추,2014-01-28,평년,7800
양배추,2014-01-29,가락도매,5000
양배추,2014-01-29,평균,5000
양배추,2014-01-29,평년,7650
양배추,2014-02-03,가락도매,5000
양배추,2014-02-03,평균,5000
양배추,2014-02-03,평년,7367
양배추,2014-02-04,가락도매,5000
양배추,2014-02-04,평균,5000
양배추,2014-02-04,평년,7433
양배추,2014-02-05,가락도매,5000
양배추,2014-02-05,평균,5000
양배추,2014-02-05,평년,7500
양배추,2014-02-06,가락도매,5000
양배추,2014-02-06,평균,5000
양배추,2014-02-06,평년,7500
양배추,2014-02-07,가락도매,4500
양배추,2014-02-07,평균,4500
양배추,2014-02-07,평년,7392
양배추,2014-02-10,가락도매,4500
양배추,2014-02-10,평균,4500
양배추,2014-02-10,평년,7333
양배추,2014-02-11,가락도매,4500
양배추,2014-02-11,평균,4500
양배추,2014-02-11,평년,7600
양배추,2014-02-12,가락도매,4500
양배추,2014-02-12,평균,4500
양배추,2014-02-12,평년,7700
양배추,2014-02-13,가락도매,4000
양배추,2014-02-13,평균,4000
양배추,2014-02-13,평년,7667
양배추,2014-02-14,가락도매,4000
양배추,2014-02-14,평균,4000
양배추,2014-02-14,평년,7800
양배추,2014-02-17,가락도매,4000
양배추,2014-02-17,평균,4000
양배추,2014-02-17,평년,8300
양배추,2014-02-18,가락도매,4000
양배추,2014-02-18,평균,4000
양배추,2014-02-18,평년,8150
양배추,2014-02-19,가락도매,4000
양배추,2014-02-19,평균,4000
양배추,2014-02-19,평년,8167
양배추,2014-02-20,가락도매,4000
양배추,2014-02-20,평균,4000
양배추,2014-02-20,평년,8283
양배추,2014-02-21,가락도매,4000
양배추,2014-02-21,평균,4000
양배추,2014-02-21,평년,8217
양배추,2014-02-24,가락도매,4000
양배추,2014-02-24,평균,4000
양배추,2014-02-24,평년,8000
양배추,2014-02-25,가락도매,4000
양배추,2014-02-25,평균,4000
양배추,2014-02-25,평년,7992
양배추,2014-02-26,가락도매,4000
양배추,2014-02-26,평균,4000
양배추,2014-02-26,평년,7975
양배추,2014-02-27,가락도매,4000
양배추,2014-02-27,평균,4000
양배추,2014-02-27,평년,8050
양배추,2014-02-28,가락도매,4000
양배추,2014-02-28,평균,4000
양배추,2014-02-28,평년,8025
양배추,2014-03-03,가락도매,4200
양배추,2014-03-03,평균,4200
양배추,2014-03-03,평년,8108
양배추,2014-03-04,가락도매,4200
양배추,2014-03-04,평균,4200
양배추,2014-03-04,평년,7942
양배추,2014-03-05,가락도매,4200
양배추,2014-03-05,평균,4200
양배추,2014-03-05,평년,7933
양배추,2014-03-06,가락도매,4200
양배추,2014-03-06,평균,4200
양배추,2014-03-06,평년,8000
양배추,2014-03-07,가락도매,4000
양배추,2014-03-07,평균,4000
양배추,2014-03-07,평년,8058
양배추,2014-03-10,가락도매,4000
양배추,2014-03-10,평균,4000
양배추,2014-03-10,평년,7408
양배추,2014-03-11,가락도매,4000
양배추,2014-03-11,평균,4000
양배추,2014-03-11,평년,7200
양배추,2014-03-12,가락도매,4000
양배추,2014-03-12,평균,4000
양배추,2014-03-12,평년,6967
양배추,2014-03-13,가락도매,4000
양배추,2014-03-13,평균,4000
양배추,2014-03-13,평년,6833
양배추,2014-03-14,가락도매,4000
양배추,2014-03-14,평균,4000
양배추,2014-03-14,평년,6708
양배추,2014-03-17,가락도매,4000
양배추,2014-03-17,평균,4000
양배추,2014-03-17,평년,6600
양배추,2014-03-18,가락도매,4000
양배추,2014-03-18,평균,4000
양배추,2014-03-18,평년,6600
양배추,2014-03-19,가락도매,4000
양배추,2014-03-19,평균,4000
양배추,2014-03-19,평년,6467
양배추,2014-03-20,가락도매,4000
양배추,2014-03-20,평균,4000
양배추,2014-03-20,평년,6333
양배추,2014-03-21,가락도매,4000
양배추,2014-03-21,평균,4000
양배추,2014-03-21,평년,6308
양배추,2014-03-24,가락도매,4000
양배추,2014-03-24,평균,4000
양배추,2014-03-24,평년,6467
양배추,2014-03-25,가락도매,3500
양배추,2014-03-25,평균,3500
양배추,2014-03-25,평년,6500
양배추,2014-03-26,가락도매,3500
양배추,2014-03-26,평균,3500
양배추,2014-03-26,평년,6567
양배추,2014-03-27,가락도매,3500
양배추,2014-03-27,평균,3500
양배추,2014-03-27,평년,6633
양배추,2014-03-28,가락도매,3700
양배추,2014-03-28,평균,3700
양배추,2014-03-28,평년,6600
양배추,2014-03-31,가락도매,3700
양배추,2014-03-31,평균,3700
양배추,2014-03-31,평년,6433
양배추,2014-04-01,가락도매,3700
양배추,2014-04-01,평균,3700
양배추,2014-04-01,평년,6300
양배추,2014-04-02,가락도매,3700
양배추,2014-04-02,평균,3700
양배추,2014-04-02,평년,6233
양배추,2014-04-03,가락도매,3700
양배추,2014-04-03,평균,3700
양배추,2014-04-03,평년,6133
양배추,2014-04-04,가락도매,3500
양배추,2014-04-04,평균,3500
양배추,2014-04-04,평년,6067
양배추,2014-04-07,가락도매,3500
양배추,2014-04-07,평균,3500
양배추,2014-04-07,평년,5967
양배추,2014-04-08,가락도매,3500
양배추,2014-04-08,평균,3500
양배추,2014-04-08,평년,5933
양배추,2014-04-09,가락도매,3500
양배추,2014-04-09,평균,3500
양배추,2014-04-09,평년,6000
양배추,2014-04-10,가락도매,3500
양배추,2014-04-10,평균,3500
양배추,2014-04-10,평년,6200
양배추,2014-04-11,가락도매,3500
양배추,2014-04-11,평균,3500
양배추,2014-04-11,평년,6250
양배추,2014-04-14,가락도매,3500
양배추,2014-04-14,평균,3500
양배추,2014-04-14,평년,6433
양배추,2014-04-15,가락도매,3500
양배추,2014-04-15,평균,3500
양배추,2014-04-15,평년,6500
양배추,2014-04-16,가락도매,3500
양배추,2014-04-16,평균,3500
양배추,2014-04-16,평년,6483
양배추,2014-04-17,가락도매,3500
양배추,2014-04-17,평균,3500
양배추,2014-04-17,평년,6417
양배추,2014-04-18,가락도매,3500
양배추,2014-04-18,평균,3500
양배추,2014-04-18,평년,6367
양배추,2014-04-21,가락도매,3500
양배추,2014-04-21,평균,3500
양배추,2014-04-21,평년,6233
양배추,2014-04-22,가락도매,3500
양배추,2014-04-22,평균,3500
양배추,2014-04-22,평년,6300
양배추,2014-04-23,가락도매,3500
양배추,2014-04-23,평균,3500
양배추,2014-04-23,평년,6367
양배추,2014-04-24,가락도매,3500
양배추,2014-04-24,평균,3500
양배추,2014-04-24,평년,6433
양배추,2014-04-25,가락도매,3500
양배추,2014-04-25,평균,3500
양배추,2014-04-25,평년,6467
양배추,2014-04-28,가락도매,3500
양배추,2014-04-28,평균,3500
양배추,2014-04-28,평년,6700
양배추,2014-04-29,가락도매,3700
양배추,2014-04-29,평균,3700
양배추,2014-04-29,평년,6900
양배추,2014-04-30,가락도매,3700
양배추,2014-04-30,평균,3700
양배추,2014-04-30,평년,7167
양배추,2014-05-02,가락도매,3700
양배추,2014-05-02,평균,3700
양배추,2014-05-02,평년,7350
양배추,2014-05-07,가락도매,3700
양배추,2014-05-07,평균,3700
양배추,2014-05-07,평년,8467
양배추,2014-05-08,가락도매,3700
양배추,2014-05-08,평균,3700
양배추,2014-05-08,평년,8583
양배추,2014-05-09,가락도매,3500
양배추,2014-05-09,평균,3500
양배추,2014-05-09,평년,8617
양배추,2014-05-12,가락도매,3500
양배추,2014-05-12,평균,3500
양배추,2014-05-12,평년,8375
양배추,2014-05-13,가락도매,3500
양배추,2014-05-13,평균,3500
양배추,2014-05-13,평년,8133
양배추,2014-05-14,가락도매,3500
양배추,2014-05-14,평균,3500
양배추,2014-05-14,평년,8167
양배추,2014-05-15,가락도매,3500
양배추,2014-05-15,평균,3500
양배추,2014-05-15,평년,8083
양배추,2014-05-16,가락도매,3500
양배추,2014-05-16,평균,3500
양배추,2014-05-16,평년,8083
양배추,2014-05-19,가락도매,3800
양배추,2014-05-19,평균,3800
양배추,2014-05-19,평년,8408
양배추,2014-05-20,가락도매,3800
양배추,2014-05-20,평균,3800
양배추,2014-05-20,평년,8700
양배추,2014-05-21,가락도매,4000
양배추,2014-05-21,평균,4000
양배추,2014-05-21,평년,8733
양배추,2014-05-22,가락도매,4000
양배추,2014-05-22,평균,4000
양배추,2014-05-22,평년,8800
양배추,2014-05-23,가락도매,4000
양배추,2014-05-23,평균,4000
양배추,2014-05-23,평년,8650
양배추,2014-05-26,가락도매,4000
양배추,2014-05-26,평균,4000
양배추,2014-05-26,평년,9283
양배추,2014-05-27,가락도매,4000
양배추,2014-05-27,평균,4000
양배추,2014-05-27,평년,9900
양배추,2014-05-28,가락도매,4000
양배추,2014-05-28,평균,4000
양배추,2014-05-28,평년,9967
양배추,2014-05-29,가락도매,4000
양배추,2014-05-29,평균,4000
양배추,2014-05-29,평년,10033
양배추,2014-05-30,가락도매,4000
양배추,2014-05-30,평균,4000
양배추,2014-05-30,평년,9767
양배추,2014-06-02,가락도매,4000
양배추,2014-06-02,평균,4000
양배추,2014-06-02,평년,8850
양배추,2014-06-03,가락도매,4000
양배추,2014-06-03,평균,4000
양배추,2014-06-03,평년,8767
양배추,2014-06-05,가락도매,4000
양배추,2014-06-05,평균,4000
양배추,2014-06-05,평년,8067
양배추,2014-06-09,가락도매,4000
양배추,2014-06-09,평균,4000
양배추,2014-06-09,평년,6950
양배추,2014-06-10,가락도매,4000
양배추,2014-06-10,평균,4000
양배추,2014-06-10,평년,6767
양배추,2014-06-11,가락도매,4000
양배추,2014-06-11,평균,4000
양배추,2014-06-11,평년,6667
양배추,2014-06-12,가락도매,4000
양배추,2014-06-12,평균,4000
양배추,2014-06-12,평년,6533
양배추,2014-06-13,가락도매,4000
양배추,2014-06-13,평균,4000
양배추,2014-06-13,평년,6467
양배추,2014-06-16,가락도매,4500
양배추,2014-06-16,평균,4500
양배추,2014-06-16,평년,6675
양배추,2014-06-17,가락도매,4500
양배추,2014-06-17,평균,4500
양배추,2014-06-17,평년,6650
양배추,2014-06-18,가락도매,4500
양배추,2014-06-18,평균,4500
양배추,2014-06-18,평년,6467
양배추,2014-06-19,가락도매,4500
양배추,2014-06-19,평균,4500
양배추,2014-06-19,평년,6367
양배추,2014-06-20,가락도매,4500
양배추,2014-06-20,평균,4500
양배추,2014-06-20,평년,6133
양배추,2014-06-23,가락도매,4500
양배추,2014-06-23,평균,4500
양배추,2014-06-23,평년,5700
양배추,2014-06-24,가락도매,4500
양배추,2014-06-24,평균,4500
양배추,2014-06-24,평년,5667
양배추,2014-06-25,가락도매,4500
양배추,2014-06-25,평균,4500
양배추,2014-06-25,평년,5767
양배추,2014-06-26,가락도매,4500
양배추,2014-06-26,평균,4500
양배추,2014-06-26,평년,5867
양배추,2014-06-27,가락도매,4500
양배추,2014-06-27,평균,4500
양배추,2014-06-27,평년,5958
양배추,2014-06-30,가락도매,4500
양배추,2014-06-30,평균,4500
양배추,2014-06-30,평년,6017
양배추,2014-07-01,가락도매,4500
양배추,2014-07-01,평균,4500
양배추,2014-07-01,평년,5867
양배추,2014-07-02,가락도매,4500
양배추,2014-07-02,평균,4500
양배추,2014-07-02,평년,5833
양배추,2014-07-03,가락도매,4500
양배추,2014-07-03,평균,4500
양배추,2014-07-03,평년,5767
양배추,2014-07-04,가락도매,5000
양배추,2014-07-04,평균,5000
양배추,2014-07-04,평년,5767
양배추,2014-07-07,가락도매,5000
양배추,2014-07-07,평균,5000
양배추,2014-07-07,평년,5583
양배추,2014-07-08,가락도매,5000
양배추,2014-07-08,평균,5000
양배추,2014-07-08,평년,5533
양배추,2014-07-09,가락도매,4500
양배추,2014-07-09,평균,4500
양배추,2014-07-09,평년,5367
양배추,2014-07-10,가락도매,4500
양배추,2014-07-10,평균,4500
양배추,2014-07-10,평년,5250
양배추,2014-07-11,가락도매,4500
양배추,2014-07-11,평균,4500
양배추,2014-07-11,평년,5200
양배추,2014-07-14,가락도매,4500
양배추,2014-07-14,평균,4500
양배추,2014-07-14,평년,5017
양배추,2014-07-15,가락도매,4500
양배추,2014-07-15,평균,4500
양배추,2014-07-15,평년,4867
양배추,2014-07-16,가락도매,4500
양배추,2014-07-16,평균,4500
양배추,2014-07-16,평년,4733
양배추,2014-07-17,가락도매,4500
양배추,2014-07-17,평균,4500
양배추,2014-07-17,평년,4625
양배추,2014-07-18,가락도매,4500
양배추,2014-07-18,평균,4500
양배추,2014-07-18,평년,4575
양배추,2014-07-21,가락도매,4800
양배추,2014-07-21,평균,4800
양배추,2014-07-21,평년,4850
양배추,2014-07-22,가락도매,5000
양배추,2014-07-22,평균,5000
양배추,2014-07-22,평년,5067
양배추,2014-07-23,가락도매,5000
양배추,2014-07-23,평균,5000
양배추,2014-07-23,평년,5267
양배추,2014-07-24,가락도매,5000
양배추,2014-07-24,평균,5000
양배추,2014-07-24,평년,5442
양배추,2014-07-25,가락도매,5000
양배추,2014-07-25,평균,5000
양배추,2014-07-25,평년,5675
양배추,2014-07-28,가락도매,5000
양배추,2014-07-28,평균,5000
양배추,2014-07-28,평년,6042
양배추,2014-07-29,가락도매,5000
양배추,2014-07-29,평균,5000
양배추,2014-07-29,평년,5975
양배추,2014-07-30,가락도매,5000
양배추,2014-07-30,평균,5000
양배추,2014-07-30,평년,5958
양배추,2014-07-31,가락도매,5000
양배추,2014-07-31,평균,5000
양배추,2014-07-31,평년,5983
양배추,2014-08-04,가락도매,5000
양배추,2014-08-04,평균,5000
양배추,2014-08-04,평년,6850
양배추,2014-08-05,가락도매,5000
양배추,2014-08-05,평균,5000
양배추,2014-08-05,평년,7017
양배추,2014-08-06,가락도매,5000
양배추,2014-08-06,평균,5000
양배추,2014-08-06,평년,7250
양배추,2014-08-07,가락도매,5000
양배추,2014-08-07,평균,5000
양배추,2014-08-07,평년,7450
양배추,2014-08-08,가락도매,5000
양배추,2014-08-08,평균,5000
양배추,2014-08-08,평년,7633
양배추,2014-08-11,가락도매,5000
양배추,2014-08-11,평균,5000
양배추,2014-08-11,평년,8042
양배추,2014-08-12,가락도매,5000
양배추,2014-08-12,평균,5000
양배추,2014-08-12,평년,8008
양배추,2014-08-13,가락도매,5000
양배추,2014-08-13,평균,5000
양배추,2014-08-13,평년,7900
양배추,2014-08-14,가락도매,5000
양배추,2014-08-14,평균,5000
양배추,2014-08-14,평년,7767
양배추,2014-08-18,가락도매,5000
양배추,2014-08-18,평균,5000
양배추,2014-08-18,평년,7917
양배추,2014-08-19,가락도매,5000
양배추,2014-08-19,평균,5000
양배추,2014-08-19,평년,8350
양배추,2014-08-20,가락도매,5000
양배추,2014-08-20,평균,5000
양배추,2014-08-20,평년,8525
양배추,2014-08-21,가락도매,5000
양배추,2014-08-21,평균,5000
양배추,2014-08-21,평년,8400
양배추,2014-08-22,가락도매,5000
양배추,2014-08-22,평균,5000
양배추,2014-08-22,평년,8375
양배추,2014-08-25,가락도매,4000
양배추,2014-08-25,평균,4000
양배추,2014-08-25,평년,8917
양배추,2014-08-26,가락도매,4000
양배추,2014-08-26,평균,4000
양배추,2014-08-26,평년,8917
양배추,2014-08-27,가락도매,4000
양배추,2014-08-27,평균,4000
양배추,2014-08-27,평년,9000
양배추,2014-08-28,가락도매,4000
양배추,2014-08-28,평균,4000
양배추,2014-08-28,평년,9167
양배추,2014-08-29,가락도매,4000
양배추,2014-08-29,평균,4000
양배추,2014-08-29,평년,9100
양배추,2014-09-01,가락도매,4000
양배추,2014-09-01,평균,4000
양배추,2014-09-01,평년,9483
양배추,2014-09-02,가락도매,4500
양배추,2014-09-02,평균,4500
양배추,2014-09-02,평년,9750
양배추,2014-09-03,가락도매,4500
양배추,2014-09-03,평균,4500
양배추,2014-09-03,평년,10083
양배추,2014-09-04,가락도매,4800
양배추,2014-09-04,평균,4800
양배추,2014-09-04,평년,10083
양배추,2014-09-05,가락도매,4800
양배추,2014-09-05,평균,4800
양배추,2014-09-05,평년,10333
양배추,2014-09-11,가락도매,4500
양배추,2014-09-11,평균,4500
양배추,2014-09-11,평년,10600
양배추,2014-09-12,가락도매,4800
양배추,2014-09-12,평균,4800
양배추,2014-09-12,평년,10667
양배추,2014-09-15,가락도매,4800
양배추,2014-09-15,평균,4800
양배추,2014-09-15,평년,10600
양배추,2014-09-17,가락도매,4600
양배추,2014-09-17,평균,4600
양배추,2014-09-17,평년,10233
양배추,2014-09-18,가락도매,4600
양배추,2014-09-18,평균,4600
양배추,2014-09-18,평년,10200
양배추,2014-09-19,가락도매,4600
양배추,2014-09-19,평균,4600
양배추,2014-09-19,평년,10100
양배추,2014-09-22,가락도매,4600
양배추,2014-09-22,평균,4600
양배추,2014-09-22,평년,9867
양배추,2014-09-23,가락도매,4600
양배추,2014-09-23,평균,4600
양배추,2014-09-23,평년,9767
양배추,2014-09-24,가락도매,4600
양배추,2014-09-24,평균,4600
양배추,2014-09-24,평년,9500
양배추,2014-09-25,가락도매,4600
양배추,2014-09-25,평균,4600
양배추,2014-09-25,평년,9167
양배추,2014-09-26,가락도매,4600
양배추,2014-09-26,평균,4600
양배추,2014-09-26,평년,9133
양배추,2014-09-29,가락도매,4600
양배추,2014-09-29,평균,4600
양배추,2014-09-29,평년,9000
양배추,2014-09-30,가락도매,4600
양배추,2014-09-30,평균,4600
양배추,2014-09-30,평년,9050
양배추,2014-10-01,가락도매,4600
양배추,2014-10-01,평균,4600
양배추,2014-10-01,평년,9000
양배추,2014-10-02,가락도매,4600
양배추,2014-10-02,평균,4600
양배추,2014-10-02,평년,9017
양배추,2014-10-06,가락도매,4600
양배추,2014-10-06,평균,4600
양배추,2014-10-06,평년,8833
양배추,2014-10-07,가락도매,4600
양배추,2014-10-07,평균,4600
양배추,2014-10-07,평년,8700
양배추,2014-10-08,가락도매,4600
양배추,2014-10-08,평균,4600
양배추,2014-10-08,평년,8500
양배추,2014-10-10,가락도매,4600
양배추,2014-10-10,평균,4600
양배추,2014-10-10,평년,8267
양배추,2014-10-13,가락도매,4600
양배추,2014-10-13,평균,4600
양배추,2014-10-13,평년,7967
양배추,2014-10-14,가락도매,4500
양배추,2014-10-14,평균,4500
양배추,2014-10-14,평년,7900
양배추,2014-10-15,가락도매,4500
양배추,2014-10-15,평균,4500
양배추,2014-10-15,평년,8000
양배추,2014-10-16,가락도매,4500
양배추,2014-10-16,평균,4500
양배추,2014-10-16,평년,8200
양배추,2014-10-17,가락도매,4500
양배추,2014-10-17,평균,4500
양배추,2014-10-17,평년,8267
양배추,2014-10-20,가락도매,4500
양배추,2014-10-20,평균,4500
양배추,2014-10-20,평년,8117
양배추,2014-10-21,가락도매,4500
양배추,2014-10-21,평균,4500
양배추,2014-10-21,평년,8050
양배추,2014-10-22,가락도매,4500
양배추,2014-10-22,평균,4500
양배추,2014-10-22,평년,8083
양배추,2014-10-23,가락도매,4500
양배추,2014-10-23,평균,4500
양배추,2014-10-23,평년,8083
양배추,2014-10-24,가락도매,4500
양배추,2014-10-24,평균,4500
양배추,2014-10-24,평년,8200
양배추,2014-10-27,가락도매,4500
양배추,2014-10-27,평균,4500
양배추,2014-10-27,평년,8167
양배추,2014-10-28,가락도매,4500
양배추,2014-10-28,평균,4500
양배추,2014-10-28,평년,8117
양배추,2014-10-29,가락도매,4500
양배추,2014-10-29,평균,4500
양배추,2014-10-29,평년,7933
양배추,2014-10-30,가락도매,4500
양배추,2014-10-30,평균,4500
양배추,2014-10-30,평년,7733
양배추,2014-10-31,가락도매,4500
양배추,2014-10-31,평균,4500
양배추,2014-10-31,평년,7533
양배추,2014-11-03,가락도매,4500
양배추,2014-11-03,평균,4500
양배추,2014-11-03,평년,7150
양배추,2014-11-04,가락도매,4500
양배추,2014-11-04,평균,4500
양배추,2014-11-04,평년,7117
양배추,2014-11-05,가락도매,4500
양배추,2014-11-05,평균,4500
양배추,2014-11-05,평년,7200
양배추,2014-11-06,가락도매,4500
양배추,2014-11-06,평균,4500
양배추,2014-11-06,평년,7267
양배추,2014-11-07,가락도매,4500
양배추,2014-11-07,평균,4500
양배추,2014-11-07,평년,7267
양배추,2014-11-10,가락도매,4500
양배추,2014-11-10,평균,4500
양배추,2014-11-10,평년,7350
양배추,2014-11-11,가락도매,4500
양배추,2014-11-11,평균,4500
양배추,2014-11-11,평년,7250
양배추,2014-11-12,가락도매,4500
양배추,2014-11-12,평균,4500
양배추,2014-11-12,평년,7167
양배추,2014-11-13,가락도매,4500
양배추,2014-11-13,평균,4500
양배추,2014-11-13,평년,7167
양배추,2014-11-14,가락도매,4500
양배추,2014-11-14,평균,4500
양배추,2014-11-14,평년,7067
양배추,2014-11-17,가락도매,4500
양배추,2014-11-17,평균,4500
양배추,2014-11-17,평년,6800
양배추,2014-11-18,가락도매,4500
양배추,2014-11-18,평균,4500
양배추,2014-11-18,평년,6733
양배추,2014-11-19,가락도매,4500
양배추,2014-11-19,평균,4500
양배추,2014-11-19,평년,6717
양배추,2014-11-20,가락도매,4500
양배추,2014-11-20,평균,4500
양배추,2014-11-20,평년,6717
양배추,2014-11-21,가락도매,4500
양배추,2014-11-21,평균,4500
양배추,2014-11-21,평년,6767
양배추,2014-11-24,가락도매,4500
양배추,2014-11-24,평균,4500
양배추,2014-11-24,평년,6833
양배추,2014-11-25,가락도매,4500
양배추,2014-11-25,평균,4500
양배추,2014-11-25,평년,6800
양배추,2014-11-26,가락도매,4500
양배추,2014-11-26,평균,4500
양배추,2014-11-26,평년,6758
양배추,2014-11-27,가락도매,4500
양배추,2014-11-27,평균,4500
양배추,2014-11-27,평년,6758
양배추,2014-11-28,가락도매,4500
양배추,2014-11-28,평균,4500
양배추,2014-11-28,평년,6733
양배추,2014-12-02,가락도매,4500
양배추,2014-12-02,평균,4500
양배추,2014-12-02,평년,6567
양배추,2014-12-03,가락도매,4500
양배추,2014-12-03,평균,4500
양배추,2014-12-03,평년,6567
양배추,2014-12-04,가락도매,4800
양배추,2014-12-04,평균,4800
양배추,2014-12-04,평년,6500
양배추,2014-12-05,가락도매,5000
양배추,2014-12-05,평균,5000
양배추,2014-12-05,평년,6467
양배추,2014-12-08,가락도매,5000
양배추,2014-12-08,평균,5000
양배추,2014-12-08,평년,6958
양배추,2014-12-09,가락도매,5000
양배추,2014-12-09,평균,5000
양배추,2014-12-09,평년,7067
양배추,2014-12-10,가락도매,5000
양배추,2014-12-10,평균,5000
양배추,2014-12-10,평년,7267
양배추,2014-12-11,가락도매,5000
양배추,2014-12-11,평균,5000
양배추,2014-12-11,평년,7500
양배추,2014-12-12,가락도매,5000
양배추,2014-12-12,평균,5000
양배추,2014-12-12,평년,7800
양배추,2014-12-15,가락도매,5000
양배추,2014-12-15,평균,5000
양배추,2014-12-15,평년,8250
양배추,2014-12-16,가락도매,5000
양배추,2014-12-16,평균,5000
양배추,2014-12-16,평년,8250
양배추,2014-12-17,가락도매,5000
양배추,2014-12-17,평균,5000
양배추,2014-12-17,평년,8067
양배추,2014-12-18,가락도매,5000
양배추,2014-12-18,평균,5000
양배추,2014-12-18,평년,8000
양배추,2014-12-19,가락도매,5000
양배추,2014-12-19,평균,5000
양배추,2014-12-19,평년,8000
양배추,2014-12-22,가락도매,5000
양배추,2014-12-22,평균,5000
양배추,2014-12-22,평년,7258
양배추,2014-12-23,가락도매,5000
양배추,2014-12-23,평균,5000
양배추,2014-12-23,평년,7067
양배추,2014-12-24,가락도매,5000
양배추,2014-12-24,평균,5000
양배추,2014-12-24,평년,7133
양배추,2014-12-26,가락도매,5000
양배추,2014-12-26,평균,5000
양배추,2014-12-26,평년,7033
양배추,2014-12-29,가락도매,5000
양배추,2014-12-29,평균,5000
양배추,2014-12-29,평년,7533
양배추,2014-12-30,가락도매,5000
양배추,2014-12-30,평균,5000
양배추,2014-12-30,평년,7700
양배추,2014-12-31,가락도매,5000
양배추,2014-12-31,평균,5000
양배추,2014-12-31,평년,7925
양배추,2015-01-02,가락도매,5000
양배추,2015-01-02,평균,5000
양배추,2015-01-02,평년,8083
양배추,2015-01-05,가락도매,5000
양배추,2015-01-05,평균,5000
양배추,2015-01-05,평년,8267
양배추,2015-01-06,가락도매,5000
양배추,2015-01-06,평균,5000
양배추,2015-01-06,평년,8267
양배추,2015-01-07,가락도매,5000
양배추,2015-01-07,평균,5000
양배추,2015-01-07,평년,8117
양배추,2015-01-08,가락도매,5000
양배추,2015-01-08,평균,5000
양배추,2015-01-08,평년,8167
양배추,2015-01-09,가락도매,5000
양배추,2015-01-09,평균,5000
양배추,2015-01-09,평년,8150
양배추,2015-01-12,가락도매,5000
양배추,2015-01-12,평균,5000
양배추,2015-01-12,평년,8000
양배추,2015-01-13,가락도매,5000
양배추,2015-01-13,평균,5000
양배추,2015-01-13,평년,8033
양배추,2015-01-14,가락도매,5000
양배추,2015-01-14,평균,5000
양배추,2015-01-14,평년,8117
양배추,2015-01-15,가락도매,5000
양배추,2015-01-15,평균,5000
양배추,2015-01-15,평년,8083
양배추,2015-01-16,가락도매,5000
양배추,2015-01-16,평균,5000
양배추,2015-01-16,평년,8100
양배추,2015-01-19,가락도매,5000
양배추,2015-01-19,평균,5000
양배추,2015-01-19,평년,8333
양배추,2015-01-20,가락도매,5000
양배추,2015-01-20,평균,5000
양배추,2015-01-20,평년,8333
양배추,2015-01-21,가락도매,5000
양배추,2015-01-21,평균,5000
양배추,2015-01-21,평년,8333
양배추,2015-01-22,가락도매,5000
양배추,2015-01-22,평균,5000
양배추,2015-01-22,평년,8300
양배추,2015-01-23,가락도매,5000
양배추,2015-01-23,평균,5000
양배추,2015-01-23,평년,8267
양배추,2015-01-26,가락도매,5000
양배추,2015-01-26,평균,5000
양배추,2015-01-26,평년,7967
양배추,2015-01-27,가락도매,5000
양배추,2015-01-27,평균,5000
양배추,2015-01-27,평년,7867
양배추,2015-01-28,가락도매,5000
양배추,2015-01-28,평균,5000
양배추,2015-01-28,평년,7733
양배추,2015-01-29,가락도매,5000
양배추,2015-01-29,평균,5000
양배추,2015-01-29,평년,7650
양배추,2015-01-30,가락도매,5000
양배추,2015-01-30,평균,5000
양배추,2015-01-30,평년,7667
양배추,2015-02-02,가락도매,5000
양배추,2015-02-02,평균,5000
양배추,2015-02-02,평년,7250
양배추,2015-02-03,가락도매,5000
양배추,2015-02-03,평균,5000
양배추,2015-02-03,평년,7267
양배추,2015-02-04,가락도매,5000
양배추,2015-02-04,평균,5000
양배추,2015-02-04,평년,7333
양배추,2015-02-05,가락도매,5000
양배추,2015-02-05,평균,5000
양배추,2015-02-05,평년,7300
양배추,2015-02-06,가락도매,5000
양배추,2015-02-06,평균,5000
양배추,2015-02-06,평년,7267
양배추,2015-02-09,가락도매,5000
양배추,2015-02-09,평균,5000
양배추,2015-02-09,평년,6900
양배추,2015-02-10,가락도매,5500
양배추,2015-02-10,평균,5500
양배추,2015-02-10,평년,7167
양배추,2015-02-11,가락도매,6000
양배추,2015-02-11,평균,6000
양배추,2015-02-11,평년,7433
양배추,2015-02-12,가락도매,6000
양배추,2015-02-12,평균,6000
양배추,2015-02-12,평년,7567
양배추,2015-02-13,가락도매,6000
양배추,2015-02-13,평균,6000
양배추,2015-02-13,평년,7542
양배추,2015-02-16,가락도매,7000
양배추,2015-02-16,평균,7000
양배추,2015-02-16,평년,8233
양배추,2015-02-17,가락도매,7000
양배추,2015-02-17,평균,7000
양배추,2015-02-17,평년,8133
양배추,2015-02-23,가락도매,7000
양배추,2015-02-23,평균,7000
양배추,2015-02-23,평년,7433
양배추,2015-02-24,가락도매,7500
양배추,2015-02-24,평균,7500
양배추,2015-02-24,평년,7400
양배추,2015-02-25,가락도매,7500
양배추,2015-02-25,평균,7500
양배추,2015-02-25,평년,7292
양배추,2015-02-26,가락도매,7000
양배추,2015-02-26,평균,7000
양배추,2015-02-26,평년,7275
양배추,2015-02-27,가락도매,6500
양배추,2015-02-27,평균,6500
양배추,2015-02-27,평년,7333
양배추,2015-03-02,가락도매,6000
양배추,2015-03-02,평균,6000
양배추,2015-03-02,평년,7533
양배추,2015-03-03,가락도매,6000
양배추,2015-03-03,평균,6000
양배추,2015-03-03,평년,7442
양배추,2015-03-04,가락도매,6000
양배추,2015-03-04,평균,6000
양배추,2015-03-04,평년,7295
양배추,2015-03-05,가락도매,6000
양배추,2015-03-05,평균,6000
양배추,2015-03-05,평년,7333
양배추,2015-03-06,가락도매,6500
양배추,2015-03-06,평균,6500
양배추,2015-03-06,평년,7450
양배추,2015-03-09,가락도매,6000
양배추,2015-03-09,평균,6000
양배추,2015-03-09,평년,7042
양배추,2015-03-10,가락도매,6000
양배추,2015-03-10,평균,6000
양배추,2015-03-10,평년,7008
양배추,2015-03-11,가락도매,6000
양배추,2015-03-11,평균,6000
양배추,2015-03-11,평년,6900
양배추,2015-03-12,가락도매,6000
양배추,2015-03-12,평균,6000
양배추,2015-03-12,평년,6633
양배추,2015-03-13,가락도매,6000
양배추,2015-03-13,평균,6000
양배추,2015-03-13,평년,6525
양배추,2015-03-16,가락도매,6000
양배추,2015-03-16,평균,6000
양배추,2015-03-16,평년,6200
양배추,2015-03-17,가락도매,6000
양배추,2015-03-17,평균,6000
양배추,2015-03-17,평년,6167
양배추,2015-03-18,가락도매,6000
양배추,2015-03-18,평균,6000
양배추,2015-03-18,평년,6133
양배추,2015-03-19,가락도매,6500
양배추,2015-03-19,평균,6500
양배추,2015-03-19,평년,6000
양배추,2015-03-20,가락도매,6000
양배추,2015-03-20,평균,6000
양배추,2015-03-20,평년,5933
양배추,2015-03-23,가락도매,6500
양배추,2015-03-23,평균,6500
양배추,2015-03-23,평년,6092
양배추,2015-03-24,가락도매,6000
양배추,2015-03-24,평균,6000
양배추,2015-03-24,평년,6133
양배추,2015-03-25,가락도매,6000
양배추,2015-03-25,평균,6000
양배추,2015-03-25,평년,6233
양배추,2015-03-26,가락도매,6000
양배추,2015-03-26,평균,6000
양배추,2015-03-26,평년,6333
양배추,2015-03-27,가락도매,6000
양배추,2015-03-27,평균,6000
양배추,2015-03-27,평년,6375
양배추,2015-03-30,가락도매,6000
양배추,2015-03-30,평균,6000
양배추,2015-03-30,평년,6133
양배추,2015-03-31,가락도매,5500
양배추,2015-03-31,평균,5500
양배추,2015-03-31,평년,6100
양배추,2015-04-01,가락도매,5000
양배추,2015-04-01,평균,5000
양배추,2015-04-01,평년,6033
양배추,2015-04-02,가락도매,5500
양배추,2015-04-02,평균,5500
양배추,2015-04-02,평년,6033
양배추,2015-04-03,가락도매,6000
양배추,2015-04-03,평균,6000
양배추,2015-04-03,평년,6008
양배추,2015-04-06,가락도매,6000
양배추,2015-04-06,평균,6000
양배추,2015-04-06,평년,5900
양배추,2015-04-07,가락도매,5500
양배추,2015-04-07,평균,5500
양배추,2015-04-07,평년,5900
양배추,2015-04-08,가락도매,5500
양배추,2015-04-08,평균,5500
양배추,2015-04-08,평년,5867
양배추,2015-04-09,가락도매,6000
양배추,2015-04-09,평균,6000
양배추,2015-04-09,평년,5833
양배추,2015-04-10,가락도매,6000
양배추,2015-04-10,평균,6000
양배추,2015-04-10,평년,5833
양배추,2015-04-13,가락도매,6000
양배추,2015-04-13,평균,6000
양배추,2015-04-13,평년,5733
양배추,2015-04-14,가락도매,6000
양배추,2015-04-14,평균,6000
양배추,2015-04-14,평년,5600
양배추,2015-04-15,가락도매,6000
양배추,2015-04-15,평균,6000
양배추,2015-04-15,평년,5467
양배추,2015-04-16,가락도매,6000
양배추,2015-04-16,평균,6000
양배추,2015-04-16,평년,5350
양배추,2015-04-17,가락도매,6000
양배추,2015-04-17,평균,6000
양배추,2015-04-17,평년,5333
양배추,2015-04-20,가락도매,5500
양배추,2015-04-20,평균,5500
양배추,2015-04-20,평년,5133
양배추,2015-04-21,가락도매,5500
양배추,2015-04-21,평균,5500
양배추,2015-04-21,평년,5233
양배추,2015-04-22,가락도매,5500
양배추,2015-04-22,평균,5500
양배추,2015-04-22,평년,5333
양배추,2015-04-23,가락도매,5500
양배추,2015-04-23,평균,5500
양배추,2015-04-23,평년,5467
양배추,2015-04-24,가락도매,5500
양배추,2015-04-24,평균,5500
양배추,2015-04-24,평년,5558
양배추,2015-04-27,가락도매,5500
양배추,2015-04-27,평균,5500
양배추,2015-04-27,평년,5817
양배추,2015-04-28,가락도매,5000
양배추,2015-04-28,평균,5000
양배추,2015-04-28,평년,5950
양배추,2015-04-29,가락도매,5000
양배추,2015-04-29,평균,5000
양배추,2015-04-29,평년,6033
양배추,2015-04-30,가락도매,7000
양배추,2015-04-30,평균,7000
양배추,2015-04-30,평년,6192
양배추,2015-05-04,가락도매,8000
양배추,2015-05-04,평균,8000
양배추,2015-05-04,평년,6583
양배추,2015-05-06,가락도매,7000
양배추,2015-05-06,평균,7000
양배추,2015-05-06,평년,6600
양배추,2015-05-07,가락도매,6500
양배추,2015-05-07,평균,6500
양배추,2015-05-07,평년,6683
양배추,2015-05-08,가락도매,6500
양배추,2015-05-08,평균,6500
양배추,2015-05-08,평년,6733
양배추,2015-05-11,가락도매,7500
양배추,2015-05-11,평균,7500
양배추,2015-05-11,평년,6608
양배추,2015-05-12,가락도매,8000
양배추,2015-05-12,평균,8000
양배추,2015-05-12,평년,6475
양배추,2015-05-13,가락도매,8000
양배추,2015-05-13,평균,8000
양배추,2015-05-13,평년,6367
양배추,2015-05-14,가락도매,8000
양배추,2015-05-14,평균,8000
양배추,2015-05-14,평년,6467
양배추,2015-05-15,가락도매,8000
양배추,2015-05-15,평균,8000
양배추,2015-05-15,평년,6517
양배추,2015-05-18,가락도매,9000
양배추,2015-05-18,평균,9000
양배추,2015-05-18,평년,6508
양배추,2015-05-19,가락도매,10000
양배추,2015-05-19,평균,10000
양배추,2015-05-19,평년,6642
양배추,2015-05-20,가락도매,10500
양배추,2015-05-20,평균,10500
양배추,2015-05-20,평년,6840
양배추,2015-05-21,가락도매,11000
양배추,2015-05-21,평균,11000
양배추,2015-05-21,평년,6973
양배추,2015-05-22,가락도매,11000
양배추,2015-05-22,평균,11000
양배추,2015-05-22,평년,6853
양배추,2015-05-26,가락도매,12000
양배추,2015-05-26,평균,12000
양배추,2015-05-26,평년,7217
양배추,2015-05-27,가락도매,12000
양배추,2015-05-27,평균,12000
양배추,2015-05-27,평년,7700
양배추,2015-05-28,가락도매,13000
양배추,2015-05-28,평균,13000
양배추,2015-05-28,평년,7700
양배추,2015-05-29,가락도매,12500
양배추,2015-05-29,평균,12500
양배추,2015-05-29,평년,7833
양배추,2015-06-01,가락도매,13000
양배추,2015-06-01,평균,13000
양배추,2015-06-01,평년,6717
양배추,2015-06-02,가락도매,12000
양배추,2015-06-02,평균,12000
양배추,2015-06-02,평년,6583
양배추,2015-06-03,가락도매,11000
양배추,2015-06-03,평균,11000
양배추,2015-06-03,평년,6567
양배추,2015-06-04,가락도매,11000
양배추,2015-06-04,평균,11000
양배추,2015-06-04,평년,6400
양배추,2015-06-05,가락도매,11500
양배추,2015-06-05,평균,11500
양배추,2015-06-05,평년,6267
양배추,2015-06-08,가락도매,13000
양배추,2015-06-08,평균,13000
양배추,2015-06-08,평년,5917
양배추,2015-06-09,가락도매,12000
양배추,2015-06-09,평균,12000
양배추,2015-06-09,평년,5750
양배추,2015-06-10,가락도매,12000
양배추,2015-06-10,평균,12000
양배추,2015-06-10,평년,5767
양배추,2015-06-11,가락도매,12000
양배추,2015-06-11,평균,12000
양배추,2015-06-11,평년,5667
양배추,2015-06-12,가락도매,10000
양배추,2015-06-12,평균,10000
양배추,2015-06-12,평년,5567
양배추,2015-06-15,가락도매,10000
양배추,2015-06-15,평균,10000
양배추,2015-06-15,평년,5608
양배추,2015-06-16,가락도매,9000
양배추,2015-06-16,평균,9000
양배추,2015-06-16,평년,5642
양배추,2015-06-17,가락도매,8000
양배추,2015-06-17,평균,8000
양배추,2015-06-17,평년,5650
양배추,2015-06-18,가락도매,7000
양배추,2015-06-18,평균,7000
양배추,2015-06-18,평년,5633
양배추,2015-06-19,가락도매,7000
양배추,2015-06-19,평균,7000
양배추,2015-06-19,평년,5600
양배추,2015-06-22,가락도매,6000
양배추,2015-06-22,평균,6000
양배추,2015-06-22,평년,5033
양배추,2015-06-23,가락도매,6000
양배추,2015-06-23,평균,6000
양배추,2015-06-23,평년,5000
양배추,2015-06-24,가락도매,6000
양배추,2015-06-24,평균,6000
양배추,2015-06-24,평년,4967
양배추,2015-06-25,가락도매,7000
양배추,2015-06-25,평균,7000
양배추,2015-06-25,평년,4967
양배추,2015-06-26,가락도매,7000
양배추,2015-06-26,평균,7000
양배추,2015-06-26,평년,4933
양배추,2015-06-29,가락도매,7000
양배추,2015-06-29,평균,7000
양배추,2015-06-29,평년,5250
양배추,2015-06-30,가락도매,6500
양배추,2015-06-30,평균,6500
양배추,2015-06-30,평년,5183
양배추,2015-07-01,가락도매,5000
양배추,2015-07-01,평균,5000
양배추,2015-07-01,평년,5033
양배추,2015-07-02,가락도매,6000
양배추,2015-07-02,평균,6000
양배추,2015-07-02,평년,5100
양배추,2015-07-03,가락도매,7000
양배추,2015-07-03,평균,7000
양배추,2015-07-03,평년,5133
양배추,2015-07-06,가락도매,7000
양배추,2015-07-06,평균,7000
양배추,2015-07-06,평년,5108
양배추,2015-07-07,가락도매,7000
양배추,2015-07-07,평균,7000
양배추,2015-07-07,평년,5017
양배추,2015-07-08,가락도매,7000
양배추,2015-07-08,평균,7000
양배추,2015-07-08,평년,4933
양배추,2015-07-09,가락도매,8000
양배추,2015-07-09,평균,8000
양배추,2015-07-09,평년,4800
양배추,2015-07-10,가락도매,8000
양배추,2015-07-10,평균,8000
양배추,2015-07-10,평년,4717
양배추,2015-07-13,가락도매,8000
양배추,2015-07-13,평균,8000
양배추,2015-07-13,평년,4517
양배추,2015-07-14,가락도매,7000
양배추,2015-07-14,평균,7000
양배추,2015-07-14,평년,4517
양배추,2015-07-15,가락도매,7000
양배추,2015-07-15,평균,7000
양배추,2015-07-15,평년,4567
양배추,2015-07-16,가락도매,6500
양배추,2015-07-16,평균,6500
양배추,2015-07-16,평년,4567
양배추,2015-07-17,가락도매,6000
양배추,2015-07-17,평균,6000
양배추,2015-07-17,평년,4612
양배추,2015-07-20,가락도매,7000
양배추,2015-07-20,평균,7000
양배추,2015-07-20,평년,4917
양배추,2015-07-21,가락도매,6500
양배추,2015-07-21,평균,6500
양배추,2015-07-21,평년,4903
양배추,2015-07-22,가락도매,6500
양배추,2015-07-22,평균,6500
양배추,2015-07-22,평년,5067
양배추,2015-07-23,가락도매,6000
양배추,2015-07-23,평균,6000
양배추,2015-07-23,평년,5267
양배추,2015-07-24,가락도매,6000
양배추,2015-07-24,평균,6000
양배추,2015-07-24,평년,5442
양배추,2015-07-27,가락도매,6000
양배추,2015-07-27,평균,6000
양배추,2015-07-27,평년,6000
양배추,2015-07-28,가락도매,5000
양배추,2015-07-28,평균,5000
양배추,2015-07-28,평년,6075
양배추,2015-07-29,가락도매,5000
양배추,2015-07-29,평균,5000
양배추,2015-07-29,평년,6142
양배추,2015-07-30,가락도매,6000
양배추,2015-07-30,평균,6000
양배추,2015-07-30,평년,6158
양배추,2015-07-31,가락도매,6000
양배추,2015-07-31,평균,6000
양배추,2015-07-31,평년,6192
양배추,2015-08-03,가락도매,7000
양배추,2015-08-03,평균,7000
양배추,2015-08-03,평년,6900
양배추,2015-08-04,가락도매,7000
양배추,2015-08-04,평균,7000
양배추,2015-08-04,평년,7050
양배추,2015-08-05,가락도매,6000
양배추,2015-08-05,평균,6000
양배추,2015-08-05,평년,7117
양배추,2015-08-06,가락도매,6000
양배추,2015-08-06,평균,6000
양배추,2015-08-06,평년,7283
양배추,2015-08-07,가락도매,6000
양배추,2015-08-07,평균,6000
양배추,2015-08-07,평년,7450
양배추,2015-08-10,가락도매,7000
양배추,2015-08-10,평균,7000
양배추,2015-08-10,평년,7967
양배추,2015-08-11,가락도매,7000
양배추,2015-08-11,평균,7000
양배추,2015-08-11,평년,8042
양배추,2015-08-12,가락도매,7000
양배추,2015-08-12,평균,7000
양배추,2015-08-12,평년,8008
양배추,2015-08-13,가락도매,7000
양배추,2015-08-13,평균,7000
양배추,2015-08-13,평년,7900
양배추,2015-08-17,가락도매,7000
양배추,2015-08-17,평균,7000
양배추,2015-08-17,평년,7667
양배추,2015-08-18,가락도매,7000
양배추,2015-08-18,평균,7000
양배추,2015-08-18,평년,7917
양배추,2015-08-19,가락도매,6000
양배추,2015-08-19,평균,6000
양배추,2015-08-19,평년,8350
양배추,2015-08-20,가락도매,6000
양배추,2015-08-20,평균,6000
양배추,2015-08-20,평년,8525
양배추,2015-08-21,가락도매,7000
양배추,2015-08-21,평균,7000
양배추,2015-08-21,평년,8400
양배추,2015-08-24,가락도매,6000
양배추,2015-08-24,평균,6000
양배추,2015-08-24,평년,8800
양배추,2015-08-25,가락도매,6000
양배추,2015-08-25,평균,6000
양배추,2015-08-25,평년,8917
양배추,2015-08-26,가락도매,6000
양배추,2015-08-26,평균,6000
양배추,2015-08-26,평년,8917
양배추,2015-08-27,가락도매,6500
양배추,2015-08-27,평균,6500
양배추,2015-08-27,평년,9000
양배추,2015-08-28,가락도매,6500
양배추,2015-08-28,평균,6500
양배추,2015-08-28,평년,9167
양배추,2015-08-31,가락도매,6500
양배추,2015-08-31,평균,6500
양배추,2015-08-31,평년,9267
양배추,2015-09-01,가락도매,7000
양배추,2015-09-01,평균,7000
양배추,2015-09-01,평년,9483
양배추,2015-09-02,가락도매,8000
양배추,2015-09-02,평균,8000
양배추,2015-09-02,평년,9750
양배추,2015-09-03,가락도매,8000
양배추,2015-09-03,평균,8000
양배추,2015-09-03,평년,10083
양배추,2015-09-04,가락도매,7000
양배추,2015-09-04,평균,7000
양배추,2015-09-04,평년,10083
양배추,2015-09-07,가락도매,7000
양배추,2015-09-07,평균,7000
양배추,2015-09-07,평년,10600
양배추,2015-09-08,가락도매,6000
양배추,2015-09-08,평균,6000
양배추,2015-09-08,평년,10733
양배추,2015-09-09,가락도매,5500
양배추,2015-09-09,평균,5500
양배추,2015-09-09,평년,10733
양배추,2015-09-10,가락도매,6000
양배추,2015-09-10,평균,6000
양배추,2015-09-10,평년,10600
양배추,2015-09-11,가락도매,6000
양배추,2015-09-11,평균,6000
양배추,2015-09-11,평년,10600
양배추,2015-09-14,가락도매,6000
양배추,2015-09-14,평균,6000
양배추,2015-09-14,평년,10667
양배추,2015-09-15,가락도매,5500
양배추,2015-09-15,평균,5500
양배추,2015-09-15,평년,10600
양배추,2015-09-16,가락도매,5000
양배추,2015-09-16,평균,5000
양배추,2015-09-16,평년,10400
양배추,2015-09-17,가락도매,5000
양배추,2015-09-17,평균,5000
양배추,2015-09-17,평년,10233
양배추,2015-09-18,가락도매,5000
양배추,2015-09-18,평균,5000
양배추,2015-09-18,평년,10200
양배추,2015-09-21,가락도매,6000
양배추,2015-09-21,평균,6000
양배추,2015-09-21,평년,9833
양배추,2015-09-22,가락도매,6000
양배추,2015-09-22,평균,6000
양배추,2015-09-22,평년,9867
양배추,2015-09-23,가락도매,6000
양배추,2015-09-23,평균,6000
양배추,2015-09-23,평년,9767
양배추,2015-09-24,가락도매,7000
양배추,2015-09-24,평균,7000
양배추,2015-09-24,평년,9500
양배추,2015-09-25,가락도매,6500
양배추,2015-09-25,평균,6500
양배추,2015-09-25,평년,9167
양배추,2015-09-30,가락도매,6500
양배추,2015-09-30,평균,6500
양배추,2015-09-30,평년,9050
양배추,2015-10-01,가락도매,6000
양배추,2015-10-01,평균,6000
양배추,2015-10-01,평년,9000
양배추,2015-10-02,가락도매,6500
양배추,2015-10-02,평균,6500
양배추,2015-10-02,평년,9017
양배추,2015-10-05,가락도매,5000
양배추,2015-10-05,평균,5000
양배추,2015-10-05,평년,8933
양배추,2015-10-06,가락도매,5000
양배추,2015-10-06,평균,5000
양배추,2015-10-06,평년,8833
양배추,2015-10-07,가락도매,5000
양배추,2015-10-07,평균,5000
양배추,2015-10-07,평년,8700
양배추,2015-10-08,가락도매,5000
양배추,2015-10-08,평균,5000
양배추,2015-10-08,평년,8500
양배추,2015-10-12,가락도매,5000
양배추,2015-10-12,평균,5000
양배추,2015-10-12,평년,8000
양배추,2015-10-13,가락도매,5000
양배추,2015-10-13,평균,5000
양배추,2015-10-13,평년,7967
양배추,2015-10-14,가락도매,5000
양배추,2015-10-14,평균,5000
양배추,2015-10-14,평년,7900
양배추,2015-10-15,가락도매,4500
양배추,2015-10-15,평균,4500
양배추,2015-10-15,평년,8000
양배추,2015-10-16,가락도매,4500
양배추,2015-10-16,평균,4500
양배추,2015-10-16,평년,8200
양배추,2015-10-19,가락도매,4500
양배추,2015-10-19,평균,4500
양배추,2015-10-19,평년,8267
양배추,2015-10-20,가락도매,4500
양배추,2015-10-20,평균,4500
양배추,2015-10-20,평년,8117
양배추,2015-10-21,가락도매,4000
양배추,2015-10-21,평균,4000
양배추,2015-10-21,평년,8050
양배추,2015-10-22,가락도매,4000
양배추,2015-10-22,평균,4000
양배추,2015-10-22,평년,8083
양배추,2015-10-23,가락도매,4000
양배추,2015-10-23,평균,4000
양배추,2015-10-23,평년,8083
양배추,2015-10-26,가락도매,6000
양배추,2015-10-26,평균,6000
양배추,2015-10-26,평년,8183
양배추,2015-10-27,가락도매,5000
양배추,2015-10-27,평균,5000
양배추,2015-10-27,평년,8167
양배추,2015-10-28,가락도매,5000
양배추,2015-10-28,평균,5000
양배추,2015-10-28,평년,8117
양배추,2015-10-29,가락도매,4000
양배추,2015-10-29,평균,4000
양배추,2015-10-29,평년,7933
양배추,2015-10-30,가락도매,4000
양배추,2015-10-30,평균,4000
양배추,2015-10-30,평년,7733
양배추,2015-11-02,가락도매,4000
양배추,2015-11-02,평균,4000
양배추,2015-11-02,평년,7233
양배추,2015-11-03,가락도매,4000
양배추,2015-11-03,평균,4000
양배추,2015-11-03,평년,7150
양배추,2015-11-04,가락도매,4000
양배추,2015-11-04,평균,4000
양배추,2015-11-04,평년,7117
양배추,2015-11-05,가락도매,4500
양배추,2015-11-05,평균,4500
양배추,2015-11-05,평년,7200
양배추,2015-11-06,가락도매,4500
양배추,2015-11-06,평균,4500
양배추,2015-11-06,평년,7267
양배추,2015-11-09,가락도매,4500
양배추,2015-11-09,평균,4500
양배추,2015-11-09,평년,7367
양배추,2015-11-10,가락도매,4500
양배추,2015-11-10,평균,4500
양배추,2015-11-10,평년,7350
양배추,2015-11-11,가락도매,4000
양배추,2015-11-11,평균,4000
양배추,2015-11-11,평년,7250
양배추,2015-11-12,가락도매,4000
양배추,2015-11-12,평균,4000
양배추,2015-11-12,평년,7167
양배추,2015-11-13,가락도매,4000
양배추,2015-11-13,평균,4000
양배추,2015-11-13,평년,7167
양배추,2015-11-16,가락도매,4000
양배추,2015-11-16,평균,4000
양배추,2015-11-16,평년,6833
양배추,2015-11-17,가락도매,4000
양배추,2015-11-17,평균,4000
양배추,2015-11-17,평년,6800
양배추,2015-11-18,가락도매,3500
양배추,2015-11-18,평균,3500
양배추,2015-11-18,평년,6733
양배추,2015-11-19,가락도매,3000
양배추,2015-11-19,평균,3000
양배추,2015-11-19,평년,6717
양배추,2015-11-20,가락도매,3000
양배추,2015-11-20,평균,3000
양배추,2015-11-20,평년,6717
양배추,2015-11-23,가락도매,3500
양배추,2015-11-23,평균,3500
양배추,2015-11-23,평년,6867
양배추,2015-11-24,가락도매,4500
양배추,2015-11-24,평균,4500
양배추,2015-11-24,평년,6833
양배추,2015-11-25,가락도매,4500
양배추,2015-11-25,평균,4500
양배추,2015-11-25,평년,6833
양배추,2015-11-26,가락도매,4000
양배추,2015-11-26,평균,4000
양배추,2015-11-26,평년,6800
양배추,2015-11-27,가락도매,4500
양배추,2015-11-27,평균,4500
양배추,2015-11-27,평년,6800
양배추,2015-11-30,가락도매,4500
양배추,2015-11-30,평균,4500
양배추,2015-11-30,평년,6750
양배추,2015-12-01,가락도매,4000
양배추,2015-12-01,평균,4000
양배추,2015-12-01,평년,6750
양배추,2015-12-02,가락도매,4000
양배추,2015-12-02,평균,4000
양배추,2015-12-02,평년,6753
양배추,2015-12-03,가락도매,4000
양배추,2015-12-03,평균,4000
양배추,2015-12-03,평년,6787
양배추,2015-12-07,가락도매,4000
양배추,2015-12-07,평균,4000
양배추,2015-12-07,평년,7042
양배추,2015-12-08,가락도매,4000
양배추,2015-12-08,평균,4000
양배추,2015-12-08,평년,7112
양배추,2015-12-09,가락도매,4000
양배추,2015-12-09,평균,4000
양배추,2015-12-09,평년,7133
양배추,2015-12-10,가락도매,4000
양배추,2015-12-10,평균,4000
양배추,2015-12-10,평년,7267
양배추,2015-12-11,가락도매,4000
양배추,2015-12-11,평균,4000
양배추,2015-12-11,평년,7500
양배추,2015-12-14,가락도매,4000
양배추,2015-12-14,평균,4000
양배추,2015-12-14,평년,8167
양배추,2015-12-15,가락도매,4000
양배추,2015-12-15,평균,4000
양배추,2015-12-15,평년,8250
양배추,2015-12-16,가락도매,4000
양배추,2015-12-16,평균,4000
양배추,2015-12-16,평년,8250
양배추,2015-12-17,가락도매,4000
양배추,2015-12-17,평균,4000
양배추,2015-12-17,평년,8067
양배추,2015-12-18,가락도매,4000
양배추,2015-12-18,평균,4000
양배추,2015-12-18,평년,8000
양배추,2015-12-21,가락도매,4000
양배추,2015-12-21,평균,4000
양배추,2015-12-21,평년,7558
양배추,2015-12-22,가락도매,4000
양배추,2015-12-22,평균,4000
양배추,2015-12-22,평년,7258
양배추,2015-12-23,가락도매,4000
양배추,2015-12-23,평균,4000
양배추,2015-12-23,평년,7067
양배추,2015-12-24,가락도매,4000
양배추,2015-12-24,평균,4000
양배추,2015-12-24,평년,7133
양배추,2015-12-28,가락도매,4500
양배추,2015-12-28,평균,4500
양배추,2015-12-28,평년,7300
양배추,2015-12-29,가락도매,4500
양배추,2015-12-29,평균,4500
양배추,2015-12-29,평년,7533
양배추,2015-12-30,가락도매,5000
양배추,2015-12-30,평균,5000
양배추,2015-12-30,평년,7700
양배추,2015-12-31,가락도매,5500
양배추,2015-12-31,평균,5500
양배추,2015-12-31,평년,7925
양배추,2016-01-04,가락도매,5000
양배추,2016-01-04,평균,5000
양배추,2016-01-04,평년,8200
양배추,2016-01-05,가락도매,5000
양배추,2016-01-05,평균,5000
양배추,2016-01-05,평년,8267
양배추,2016-01-06,가락도매,5500
양배추,2016-01-06,평균,5500
양배추,2016-01-06,평년,8267
양배추,2016-01-07,가락도매,5000
양배추,2016-01-07,평균,5000
양배추,2016-01-07,평년,8117
양배추,2016-01-08,가락도매,5000
양배추,2016-01-08,평균,5000
양배추,2016-01-08,평년,8167
양배추,2016-01-11,가락도매,5000
양배추,2016-01-11,평균,5000
양배추,2016-01-11,평년,8033
양배추,2016-01-12,가락도매,5000
양배추,2016-01-12,평균,5000
양배추,2016-01-12,평년,8000
양배추,2016-01-13,가락도매,5000
양배추,2016-01-13,평균,5000
양배추,2016-01-13,평년,8033
양배추,2016-01-14,가락도매,5500
양배추,2016-01-14,평균,5500
양배추,2016-01-14,평년,8117
양배추,2016-01-15,가락도매,5500
양배추,2016-01-15,평균,5500
양배추,2016-01-15,평년,8083
양배추,2016-01-18,가락도매,6000
양배추,2016-01-18,평균,6000
양배추,2016-01-18,평년,8267
양배추,2016-01-19,가락도매,7000
양배추,2016-01-19,평균,7000
양배추,2016-01-19,평년,8333
양배추,2016-01-20,가락도매,7000
양배추,2016-01-20,평균,7000
양배추,2016-01-20,평년,8333
양배추,2016-01-21,가락도매,7000
양배추,2016-01-21,평균,7000
양배추,2016-01-21,평년,8333
양배추,2016-01-22,가락도매,6500
양배추,2016-01-22,평균,6500
양배추,2016-01-22,평년,8333
양배추,2016-01-25,가락도매,8000
양배추,2016-01-25,평균,8000
양배추,2016-01-25,평년,8267
양배추,2016-01-26,가락도매,7500
양배추,2016-01-26,평균,7500
양배추,2016-01-26,평년,8133
양배추,2016-01-27,가락도매,7000
양배추,2016-01-27,평균,7000
양배추,2016-01-27,평년,8000
양배추,2016-01-28,가락도매,7500
양배추,2016-01-28,평균,7500
양배추,2016-01-28,평년,7867
양배추,2016-01-29,가락도매,8000
양배추,2016-01-29,평균,8000
양배추,2016-01-29,평년,7750
양배추,2016-02-01,가락도매,8500
양배추,2016-02-01,평균,8500
양배추,2016-02-01,평년,7400
양배추,2016-02-02,가락도매,7500
양배추,2016-02-02,평균,7500
양배추,2016-02-02,평년,7333
양배추,2016-02-03,가락도매,8000
양배추,2016-02-03,평균,8000
양배추,2016-02-03,평년,7333
양배추,2016-02-04,가락도매,8000
양배추,2016-02-04,평균,8000
양배추,2016-02-04,평년,7333
양배추,2016-02-05,가락도매,8000
양배추,2016-02-05,평균,8000
양배추,2016-02-05,평년,7333
양배추,2016-02-11,가락도매,7000
양배추,2016-02-11,평균,7000
양배추,2016-02-11,평년,7767
양배추,2016-02-12,가락도매,7000
양배추,2016-02-12,평균,7000
양배추,2016-02-12,평년,8033
양배추,2016-02-15,가락도매,7000
양배추,2016-02-15,평균,7000
양배추,2016-02-15,평년,8567
양배추,2016-02-16,가락도매,7000
양배추,2016-02-16,평균,7000
양배추,2016-02-16,평년,8900
양배추,2016-02-17,가락도매,6500
양배추,2016-02-17,평균,6500
양배추,2016-02-17,평년,8967
양배추,2016-02-18,가락도매,6000
양배추,2016-02-18,평균,6000
양배추,2016-02-18,평년,8925
양배추,2016-02-19,가락도매,5500
양배추,2016-02-19,평균,5500
양배추,2016-02-19,평년,8875
양배추,2016-02-22,가락도매,5500
양배추,2016-02-22,평균,5500
양배추,2016-02-22,평년,8675
양배추,2016-02-23,가락도매,6000
양배추,2016-02-23,평균,6000
양배추,2016-02-23,평년,8500
양배추,2016-02-24,가락도매,6000
양배추,2016-02-24,평균,6000
양배추,2016-02-24,평년,8433
양배추,2016-02-25,가락도매,6000
양배추,2016-02-25,평균,6000
양배추,2016-02-25,평년,8258
양배추,2016-02-26,가락도매,6000
양배추,2016-02-26,평균,6000
양배추,2016-02-26,평년,8175
양배추,2016-02-29,가락도매,6000
양배추,2016-02-29,평균,6000
양배추,2016-02-29,평년,8500
양배추,2016-03-02,가락도매,7000
양배추,2016-03-02,평균,7000
양배추,2016-03-02,평년,8233
양배추,2016-03-03,가락도매,8000
양배추,2016-03-03,평균,8000
양배추,2016-03-03,평년,8075
양배추,2016-03-04,가락도매,7000
양배추,2016-03-04,평균,7000
양배추,2016-03-04,평년,7942
양배추,2016-03-07,가락도매,7500
양배추,2016-03-07,평균,7500
양배추,2016-03-07,평년,8142
양배추,2016-03-08,가락도매,7500
양배추,2016-03-08,평균,7500
양배추,2016-03-08,평년,7875
양배추,2016-03-09,가락도매,7000
양배추,2016-03-09,평균,7000
양배추,2016-03-09,평년,7608
양배추,2016-03-10,가락도매,7000
양배추,2016-03-10,평균,7000
양배추,2016-03-10,평년,7542
양배추,2016-03-11,가락도매,7000
양배추,2016-03-11,평균,7000
양배추,2016-03-11,평년,7367
양배추,2016-03-14,가락도매,6500
양배추,2016-03-14,평균,6500
양배추,2016-03-14,평년,7000
양배추,2016-03-15,가락도매,7000
양배추,2016-03-15,평균,7000
양배추,2016-03-15,평년,6867
양배추,2016-03-16,가락도매,7000
양배추,2016-03-16,평균,7000
양배추,2016-03-16,평년,6833
양배추,2016-03-17,가락도매,7000
양배추,2016-03-17,평균,7000
양배추,2016-03-17,평년,6867
양배추,2016-03-18,가락도매,7000
양배추,2016-03-18,평균,7000
양배추,2016-03-18,평년,6833
양배추,2016-03-21,가락도매,7000
양배추,2016-03-21,평균,7000
양배추,2016-03-21,평년,6683
양배추,2016-03-22,가락도매,7000
양배추,2016-03-22,평균,7000
양배추,2016-03-22,평년,6817
양배추,2016-03-23,가락도매,8000
양배추,2016-03-23,평균,8000
양배추,2016-03-23,평년,6867
양배추,2016-03-24,가락도매,8000
양배추,2016-03-24,평균,8000
양배추,2016-03-24,평년,6900
양배추,2016-03-25,가락도매,7000
양배추,2016-03-25,평균,7000
양배추,2016-03-25,평년,6967
양배추,2016-03-28,가락도매,8000
양배추,2016-03-28,평균,8000
양배추,2016-03-28,평년,6892
양배추,2016-03-29,가락도매,8000
양배추,2016-03-29,평균,8000
양배추,2016-03-29,평년,6825
양배추,2016-03-30,가락도매,9000
양배추,2016-03-30,평균,9000
양배추,2016-03-30,평년,6700
양배추,2016-03-31,가락도매,9000
양배추,2016-03-31,평균,9000
양배추,2016-03-31,평년,6600
양배추,2016-04-01,가락도매,9000
양배추,2016-04-01,평균,9000
양배추,2016-04-01,평년,6467
양배추,2016-04-04,가락도매,9500
양배추,2016-04-04,평균,9500
양배추,2016-04-04,평년,6317
양배추,2016-04-05,가락도매,11000
양배추,2016-04-05,평균,11000
양배추,2016-04-05,평년,6250
양배추,2016-04-06,가락도매,11000
양배추,2016-04-06,평균,11000
양배추,2016-04-06,평년,6233
양배추,2016-04-07,가락도매,11000
양배추,2016-04-07,평균,11000
양배추,2016-04-07,평년,6267
양배추,2016-04-08,가락도매,10000
양배추,2016-04-08,평균,10000
양배추,2016-04-08,평년,6267
양배추,2016-04-11,가락도매,10000
양배추,2016-04-11,평균,10000
양배추,2016-04-11,평년,6333
양배추,2016-04-12,가락도매,11000
양배추,2016-04-12,평균,11000
양배추,2016-04-12,평년,6333
양배추,2016-04-14,가락도매,12000
양배추,2016-04-14,평균,12000
양배추,2016-04-14,평년,6133
양배추,2016-04-15,가락도매,12000
양배추,2016-04-15,평균,12000
양배추,2016-04-15,평년,5967
양배추,2016-04-18,가락도매,12000
양배추,2016-04-18,평균,12000
양배추,2016-04-18,평년,5617
양배추,2016-04-19,가락도매,11000
양배추,2016-04-19,평균,11000
양배추,2016-04-19,평년,5483
양배추,2016-04-20,가락도매,13000
양배추,2016-04-20,평균,13000
양배추,2016-04-20,평년,5400
양배추,2016-04-22,가락도매,12000
양배추,2016-04-22,평균,12000
양배추,2016-04-22,평년,5467
양배추,2016-04-25,가락도매,12000
양배추,2016-04-25,평균,12000
양배추,2016-04-25,평년,5592
양배추,2016-04-26,가락도매,12000
양배추,2016-04-26,평균,12000
양배추,2016-04-26,평년,5625
양배추,2016-04-27,가락도매,12000
양배추,2016-04-27,평균,12000
양배추,2016-04-27,평년,5683
양배추,2016-04-28,가락도매,12000
양배추,2016-04-28,평균,12000
양배추,2016-04-28,평년,5783
양배추,2016-04-29,가락도매,12000
양배추,2016-04-29,평균,12000
양배추,2016-04-29,평년,5933
양배추,2016-05-02,가락도매,12000
양배추,2016-05-02,평균,12000
양배추,2016-05-02,평년,6283
양배추,2016-05-03,가락도매,12000
양배추,2016-05-03,평균,12000
양배추,2016-05-03,평년,6317
양배추,2016-05-04,가락도매,12000
양배추,2016-05-04,평균,12000
양배추,2016-05-04,평년,6350
양배추,2016-05-09,가락도매,11000
양배추,2016-05-09,평균,11000
양배추,2016-05-09,평년,6275
양배추,2016-05-10,가락도매,12000
양배추,2016-05-10,평균,12000
양배추,2016-05-10,평년,6242
양배추,2016-05-11,가락도매,12000
양배추,2016-05-11,평균,12000
양배추,2016-05-11,평년,6275
양배추,2016-05-12,가락도매,12000
양배추,2016-05-12,평균,12000
양배추,2016-05-12,평년,6308
양배추,2016-05-13,가락도매,12000
양배추,2016-05-13,평균,12000
양배추,2016-05-13,평년,6367
양배추,2016-05-16,가락도매,12000
양배추,2016-05-16,평균,12000
양배추,2016-05-16,평년,6883
양배추,2016-05-17,가락도매,11000
양배추,2016-05-17,평균,11000
양배추,2016-05-17,평년,6892
양배추,2016-05-18,가락도매,11000
양배추,2016-05-18,평균,11000
양배추,2016-05-18,평년,6942
양배추,2016-05-19,가락도매,11000
양배추,2016-05-19,평균,11000
양배추,2016-05-19,평년,7075
양배추,2016-05-20,가락도매,12000
양배추,2016-05-20,평균,12000
양배추,2016-05-20,평년,7207
양배추,2016-05-23,가락도매,15000
양배추,2016-05-23,평균,15000
양배추,2016-05-23,평년,7400
양배추,2016-05-24,가락도매,15000
양배추,2016-05-24,평균,15000
양배추,2016-05-24,평년,7300
양배추,2016-05-25,가락도매,15000
양배추,2016-05-25,평균,15000
양배추,2016-05-25,평년,7250
양배추,2016-05-26,가락도매,13000
양배추,2016-05-26,평균,13000
양배추,2016-05-26,평년,7350
양배추,2016-05-27,가락도매,13000
양배추,2016-05-27,평균,13000
양배추,2016-05-27,평년,7400
양배추,2016-05-30,가락도매,12000
양배추,2016-05-30,평균,12000
양배추,2016-05-30,평년,7275
양배추,2016-05-31,가락도매,10000
양배추,2016-05-31,평균,10000
양배추,2016-05-31,평년,7033
양배추,2016-06-01,가락도매,8000
양배추,2016-06-01,평균,8000
양배추,2016-06-01,평년,6717
양배추,2016-06-02,가락도매,7000
양배추,2016-06-02,평균,7000
양배추,2016-06-02,평년,6583
양배추,2016-06-03,가락도매,7000
양배추,2016-06-03,평균,7000
양배추,2016-06-03,평년,6567
양배추,2016-06-07,가락도매,6000
양배추,2016-06-07,평균,6000
양배추,2016-06-07,평년,6100
양배추,2016-06-08,가락도매,5000
양배추,2016-06-08,평균,5000
양배추,2016-06-08,평년,5917
양배추,2016-06-09,가락도매,5000
양배추,2016-06-09,평균,5000
양배추,2016-06-09,평년,5750
양배추,2016-06-10,가락도매,4500
양배추,2016-06-10,평균,4500
양배추,2016-06-10,평년,5767
양배추,2016-06-13,가락도매,5000
양배추,2016-06-13,평균,5000
양배추,2016-06-13,평년,5533
양배추,2016-06-14,가락도매,5000
양배추,2016-06-14,평균,5000
양배추,2016-06-14,평년,5650
양배추,2016-06-15,가락도매,5000
양배추,2016-06-15,평균,5000
양배추,2016-06-15,평년,5608
양배추,2016-06-16,가락도매,6000
양배추,2016-06-16,평균,6000
양배추,2016-06-16,평년,5642
양배추,2016-06-17,가락도매,6000
양배추,2016-06-17,평균,6000
양배추,2016-06-17,평년,5650
양배추,2016-06-20,가락도매,8000
양배추,2016-06-20,평균,8000
양배추,2016-06-20,평년,5233
양배추,2016-06-21,가락도매,7000
양배추,2016-06-21,평균,7000
양배추,2016-06-21,평년,5067
양배추,2016-06-22,가락도매,7000
양배추,2016-06-22,평균,7000
양배추,2016-06-22,평년,4967
양배추,2016-06-23,가락도매,7000
양배추,2016-06-23,평균,7000
양배추,2016-06-23,평년,4967
양배추,2016-06-24,가락도매,7000
양배추,2016-06-24,평균,7000
양배추,2016-06-24,평년,4933
양배추,2016-06-27,가락도매,6500
양배추,2016-06-27,평균,6500
양배추,2016-06-27,평년,5000
양배추,2016-06-28,가락도매,6000
양배추,2016-06-28,평균,6000
양배추,2016-06-28,평년,5133
양배추,2016-06-29,가락도매,6000
양배추,2016-06-29,평균,6000
양배추,2016-06-29,평년,5083
양배추,2016-06-30,가락도매,6000
양배추,2016-06-30,평균,6000
양배추,2016-06-30,평년,5017
양배추,2016-07-01,가락도매,6000
양배추,2016-07-01,평균,6000
양배추,2016-07-01,평년,5067
양배추,2016-07-04,가락도매,7000
양배추,2016-07-04,평균,7000
양배추,2016-07-04,평년,5533
양배추,2016-07-05,가락도매,6000
양배추,2016-07-05,평균,6000
양배추,2016-07-05,평년,5558
양배추,2016-07-06,가락도매,7500
양배추,2016-07-06,평균,7500
양배추,2016-07-06,평년,5575
양배추,2016-07-07,가락도매,7000
양배추,2016-07-07,평균,7000
양배추,2016-07-07,평년,5600
양배추,2016-07-08,가락도매,7000
양배추,2016-07-08,평균,7000
양배추,2016-07-08,평년,5583
양배추,2016-07-11,가락도매,6000
양배추,2016-07-11,평균,6000
양배추,2016-07-11,평년,5167
양배추,2016-07-12,가락도매,6000
양배추,2016-07-12,평균,6000
양배추,2016-07-12,평년,5033
양배추,2016-07-13,가락도매,6000
양배추,2016-07-13,평균,6000
양배추,2016-07-13,평년,4917
양배추,2016-07-14,가락도매,7000
양배추,2016-07-14,평균,7000
양배추,2016-07-14,평년,4917
양배추,2016-07-15,가락도매,6000
양배추,2016-07-15,평균,6000
양배추,2016-07-15,평년,4900
양배추,2016-07-18,가락도매,7000
양배추,2016-07-18,평균,7000
양배추,2016-07-18,평년,5087
양배추,2016-07-19,가락도매,6000
양배추,2016-07-19,평균,6000
양배추,2016-07-19,평년,5233
양배추,2016-07-20,가락도매,5000
양배추,2016-07-20,평균,5000
양배추,2016-07-20,평년,5317
양배추,2016-07-21,가락도매,5000
양배추,2016-07-21,평균,5000
양배추,2016-07-21,평년,5337
양배추,2016-07-22,가락도매,5000
양배추,2016-07-22,평균,5000
양배추,2016-07-22,평년,5433
양배추,2016-07-25,가락도매,5000
양배추,2016-07-25,평균,5000
양배추,2016-07-25,평년,5883
양배추,2016-07-26,가락도매,5000
양배추,2016-07-26,평균,5000
양배추,2016-07-26,평년,6050
양배추,2016-07-27,가락도매,5000
양배추,2016-07-27,평균,5000
양배추,2016-07-27,평년,6200
양배추,2016-07-28,가락도매,5000
양배추,2016-07-28,평균,5000
양배추,2016-07-28,평년,6275
양배추,2016-07-29,가락도매,5000
양배추,2016-07-29,평균,5000
양배추,2016-07-29,평년,6342
양배추,2016-08-01,가락도매,5000
양배추,2016-08-01,평균,5000
양배추,2016-08-01,평년,6833
양배추,2016-08-02,가락도매,6000
양배추,2016-08-02,평균,6000
양배추,2016-08-02,평년,7067
양배추,2016-08-03,가락도매,5500
양배추,2016-08-03,평균,5500
양배추,2016-08-03,평년,7367
양배추,2016-08-04,가락도매,6000
양배추,2016-08-04,평균,6000
양배추,2016-08-04,평년,7517
양배추,2016-08-05,가락도매,7000
양배추,2016-08-05,평균,7000
양배추,2016-08-05,평년,7583
양배추,2016-08-08,가락도매,5000
양배추,2016-08-08,평균,5000
양배추,2016-08-08,평년,8133
양배추,2016-08-09,가락도매,5000
양배추,2016-08-09,평균,5000
양배추,2016-08-09,평년,8300
양배추,2016-08-10,가락도매,4000
양배추,2016-08-10,평균,4000
양배추,2016-08-10,평년,8333
양배추,2016-08-11,가락도매,5000
양배추,2016-08-11,평균,5000
양배추,2016-08-11,평년,8475
양배추,2016-08-12,가락도매,5000
양배추,2016-08-12,평균,5000
양배추,2016-08-12,평년,8542
양배추,2016-08-16,가락도매,5000
양배추,2016-08-16,평균,5000
양배추,2016-08-16,평년,8333
양배추,2016-08-17,가락도매,5000
양배추,2016-08-17,평균,5000
양배추,2016-08-17,평년,8133
양배추,2016-08-18,가락도매,5000
양배추,2016-08-18,평균,5000
양배추,2016-08-18,평년,8250
양배추,2016-08-19,가락도매,5000
양배추,2016-08-19,평균,5000
양배추,2016-08-19,평년,8550
양배추,2016-08-22,가락도매,7000
양배추,2016-08-22,평균,7000
양배추,2016-08-22,평년,8250
양배추,2016-08-23,가락도매,7000
양배추,2016-08-23,평균,7000
양배추,2016-08-23,평년,8417
양배추,2016-08-24,가락도매,7000
양배추,2016-08-24,평균,7000
양배추,2016-08-24,평년,8533
양배추,2016-08-25,가락도매,8000
양배추,2016-08-25,평균,8000
양배추,2016-08-25,평년,8550
양배추,2016-08-26,가락도매,7000
양배추,2016-08-26,평균,7000
양배추,2016-08-26,평년,8383
양배추,2016-08-29,가락도매,8000
양배추,2016-08-29,평균,8000
양배추,2016-08-29,평년,8475
양배추,2016-08-30,가락도매,9000
양배추,2016-08-30,평균,9000
양배추,2016-08-30,평년,8342
양배추,2016-08-31,가락도매,11000
양배추,2016-08-31,평균,11000
양배추,2016-08-31,평년,8433
양배추,2016-09-01,가락도매,10000
양배추,2016-09-01,평균,10000
양배추,2016-09-01,평년,8483
양배추,2016-09-02,가락도매,10000
양배추,2016-09-02,평균,10000
양배추,2016-09-02,평년,8583
양배추,2016-09-05,가락도매,10000
양배추,2016-09-05,평균,10000
양배추,2016-09-05,평년,8867
양배추,2016-09-06,가락도매,10000
양배추,2016-09-06,평균,10000
양배추,2016-09-06,평년,9133
양배추,2016-09-07,가락도매,9000
양배추,2016-09-07,평균,9000
양배추,2016-09-07,평년,9167
양배추,2016-09-08,가락도매,9000
양배추,2016-09-08,평균,9000
양배추,2016-09-08,평년,9100
양배추,2016-09-09,가락도매,8000
양배추,2016-09-09,평균,8000
양배추,2016-09-09,평년,9033
양배추,2016-09-12,가락도매,10000
양배추,2016-09-12,평균,10000
양배추,2016-09-12,평년,8958
양배추,2016-09-13,가락도매,11000
양배추,2016-09-13,평균,11000
양배추,2016-09-13,평년,8958
양배추,2016-09-19,가락도매,11000
양배추,2016-09-19,평균,11000
양배추,2016-09-19,평년,8433
양배추,2016-09-20,가락도매,10000
양배추,2016-09-20,평균,10000
양배추,2016-09-20,평년,8300
양배추,2016-09-21,가락도매,11000
양배추,2016-09-21,평균,11000
양배추,2016-09-21,평년,8200
양배추,2016-09-22,가락도매,10000
양배추,2016-09-22,평균,10000
양배추,2016-09-22,평년,8367
양배추,2016-09-23,가락도매,9000
양배추,2016-09-23,평균,9000
양배추,2016-09-23,평년,8467
양배추,2016-09-26,가락도매,11000
양배추,2016-09-26,평균,11000
양배추,2016-09-26,평년,8033
양배추,2016-09-27,가락도매,11000
양배추,2016-09-27,평균,11000
양배추,2016-09-27,평년,7967
양배추,2016-09-28,가락도매,12000
양배추,2016-09-28,평균,12000
양배추,2016-09-28,평년,7850
양배추,2016-09-29,가락도매,10000
양배추,2016-09-29,평균,10000
양배추,2016-09-29,평년,7833
양배추,2016-09-30,가락도매,10000
양배추,2016-09-30,평균,10000
양배추,2016-09-30,평년,7817
양배추,2016-10-04,가락도매,11000
양배추,2016-10-04,평균,11000
양배추,2016-10-04,평년,7475
양배추,2016-10-05,가락도매,11000
양배추,2016-10-05,평균,11000
양배추,2016-10-05,평년,7367
양배추,2016-10-06,가락도매,11000
양배추,2016-10-06,평균,11000
양배추,2016-10-06,평년,7267
양배추,2016-10-07,가락도매,11000
양배추,2016-10-07,평균,11000
양배추,2016-10-07,평년,7100
양배추,2016-10-10,가락도매,11000
양배추,2016-10-10,평균,11000
양배추,2016-10-10,평년,6800
양배추,2016-10-11,가락도매,11000
양배추,2016-10-11,평균,11000
양배추,2016-10-11,평년,6733
양배추,2016-10-12,가락도매,11000
양배추,2016-10-12,평균,11000
양배추,2016-10-12,평년,6533
양배추,2016-10-13,가락도매,10000
양배추,2016-10-13,평균,10000
양배추,2016-10-13,평년,6433
양배추,2016-10-14,가락도매,12000
양배추,2016-10-14,평균,12000
양배추,2016-10-14,평년,6333
양배추,2016-10-17,가락도매,12000
양배추,2016-10-17,평균,12000
양배추,2016-10-17,평년,6167
양배추,2016-10-18,가락도매,11000
양배추,2016-10-18,평균,11000
양배추,2016-10-18,평년,6167
양배추,2016-10-19,가락도매,11000
양배추,2016-10-19,평균,11000
양배추,2016-10-19,평년,6100
양배추,2016-10-20,가락도매,11000
양배추,2016-10-20,평균,11000
양배추,2016-10-20,평년,6033
양배추,2016-10-21,가락도매,11000
양배추,2016-10-21,평균,11000
양배추,2016-10-21,평년,5967
양배추,2016-10-24,가락도매,11000
양배추,2016-10-24,평균,11000
양배추,2016-10-24,평년,5983
양배추,2016-10-25,가락도매,11000
양배추,2016-10-25,평균,11000
양배추,2016-10-25,평년,5850
양배추,2016-10-26,가락도매,11000
양배추,2016-10-26,평균,11000
양배추,2016-10-26,평년,5850
양배추,2016-10-27,가락도매,12000
양배추,2016-10-27,평균,12000
양배추,2016-10-27,평년,5850
양배추,2016-10-28,가락도매,12000
양배추,2016-10-28,평균,12000
양배추,2016-10-28,평년,5800
양배추,2016-10-31,가락도매,11000
양배추,2016-10-31,평균,11000
양배추,2016-10-31,평년,5500
양배추,2016-11-01,가락도매,11000
양배추,2016-11-01,평균,11000
양배추,2016-11-01,평년,5500
양배추,2016-11-02,가락도매,11000
양배추,2016-11-02,평균,11000
양배추,2016-11-02,평년,5467
양배추,2016-11-03,가락도매,11000
양배추,2016-11-03,평균,11000
양배추,2016-11-03,평년,5400
양배추,2016-11-04,가락도매,11000
양배추,2016-11-04,평균,11000
양배추,2016-11-04,평년,5367
양배추,2016-11-07,가락도매,12000
양배추,2016-11-07,평균,12000
양배추,2016-11-07,평년,5433
양배추,2016-11-08,가락도매,13000
양배추,2016-11-08,평균,13000
양배추,2016-11-08,평년,5367
양배추,2016-11-09,가락도매,13000
양배추,2016-11-09,평균,13000
양배추,2016-11-09,평년,5333
양배추,2016-11-10,가락도매,13000
양배추,2016-11-10,평균,13000
양배추,2016-11-10,평년,5267
양배추,2016-11-11,가락도매,13000
양배추,2016-11-11,평균,13000
양배추,2016-11-11,평년,5167
양배추,2016-11-14,가락도매,14000
양배추,2016-11-14,평균,14000
양배추,2016-11-14,평년,5100
양배추,2016-11-15,가락도매,15000
양배추,2016-11-15,평균,15000
양배추,2016-11-15,평년,5033
양배추,2016-11-16,가락도매,18000
양배추,2016-11-16,평균,18000
양배추,2016-11-16,평년,5000
양배추,2016-11-17,가락도매,17000
양배추,2016-11-17,평균,17000
양배추,2016-11-17,평년,4967
양배추,2016-11-18,가락도매,17000
양배추,2016-11-18,평균,17000
양배추,2016-11-18,평년,4900
양배추,2016-11-21,가락도매,17000
양배추,2016-11-21,평균,17000
양배추,2016-11-21,평년,4933
양배추,2016-11-22,가락도매,17000
양배추,2016-11-22,평균,17000
양배추,2016-11-22,평년,5000
양배추,2016-11-23,가락도매,18000
양배추,2016-11-23,평균,18000
양배추,2016-11-23,평년,5033
양배추,2016-11-24,가락도매,17000
양배추,2016-11-24,평균,17000
양배추,2016-11-24,평년,5000
양배추,2016-11-25,가락도매,17000
양배추,2016-11-25,평균,17000
양배추,2016-11-25,평년,4967
양배추,2016-11-28,가락도매,17000
양배추,2016-11-28,평균,17000
양배추,2016-11-28,평년,4900
양배추,2016-11-29,가락도매,17000
양배추,2016-11-29,평균,17000
양배추,2016-11-29,평년,4850
양배추,2016-11-30,가락도매,17000
양배추,2016-11-30,평균,17000
양배추,2016-11-30,평년,4817
양배추,2016-12-01,가락도매,17000
양배추,2016-12-01,평균,17000
양배추,2016-12-01,평년,4817
양배추,2016-12-05,가락도매,18000
양배추,2016-12-05,평균,18000
양배추,2016-12-05,평년,4753
양배추,2016-12-06,가락도매,18000
양배추,2016-12-06,평균,18000
양배추,2016-12-06,평년,4817
양배추,2016-12-07,가락도매,18000
양배추,2016-12-07,평균,18000
양배추,2016-12-07,평년,4875
양배추,2016-12-08,가락도매,18000
양배추,2016-12-08,평균,18000
양배추,2016-12-08,평년,4945
양배추,2016-12-09,가락도매,18000
양배추,2016-12-09,평균,18000
양배추,2016-12-09,평년,5067
양배추,2016-12-12,가락도매,16000
양배추,2016-12-12,평균,16000
양배추,2016-12-12,평년,5200
양배추,2016-12-13,가락도매,16000
양배추,2016-12-13,평균,16000
양배추,2016-12-13,평년,5267
양배추,2016-12-14,가락도매,16000
양배추,2016-12-14,평균,16000
양배추,2016-12-14,평년,5300
양배추,2016-12-15,가락도매,16000
양배추,2016-12-15,평균,16000
양배추,2016-12-15,평년,5333
양배추,2016-12-16,가락도매,16000
양배추,2016-12-16,평균,16000
양배추,2016-12-16,평년,5333
양배추,2016-12-19,가락도매,16000
양배추,2016-12-19,평균,16000
양배추,2016-12-19,평년,5333
양배추,2016-12-20,가락도매,16000
양배추,2016-12-20,평균,16000
양배추,2016-12-20,평년,5333
양배추,2016-12-21,가락도매,18000
양배추,2016-12-21,평균,18000
양배추,2016-12-21,평년,5358
양배추,2016-12-22,가락도매,17000
양배추,2016-12-22,평균,17000
양배추,2016-12-22,평년,5392
양배추,2016-12-23,가락도매,17000
양배추,2016-12-23,평균,17000
양배추,2016-12-23,평년,5400
양배추,2016-12-26,가락도매,17000
양배추,2016-12-26,평균,17000
양배추,2016-12-26,평년,5367
양배추,2016-12-27,가락도매,16000
양배추,2016-12-27,평균,16000
양배추,2016-12-27,평년,5333
양배추,2016-12-28,가락도매,17000
양배추,2016-12-28,평균,17000
양배추,2016-12-28,평년,5367
양배추,2016-12-29,가락도매,17000
양배추,2016-12-29,평균,17000
양배추,2016-12-29,평년,5400
양배추,2016-12-30,가락도매,17000
양배추,2016-12-30,평균,17000
양배추,2016-12-30,평년,5433
양배추,2017-01-02,가락도매,17000
양배추,2017-01-02,평균,17000
양배추,2017-01-02,평년,5542
양배추,2017-01-03,가락도매,17000
양배추,2017-01-03,평균,17000
양배추,2017-01-03,평년,5608
양배추,2017-01-04,가락도매,17000
양배추,2017-01-04,평균,17000
양배추,2017-01-04,평년,5667
양배추,2017-01-05,가락도매,16000
양배추,2017-01-05,평균,16000
양배추,2017-01-05,평년,5667
양배추,2017-01-06,가락도매,14000
양배추,2017-01-06,평균,14000
양배추,2017-01-06,평년,5633
양배추,2017-01-09,가락도매,15000
양배추,2017-01-09,평균,15000
양배추,2017-01-09,평년,5567
양배추,2017-01-10,가락도매,16000
양배추,2017-01-10,평균,16000
양배추,2017-01-10,평년,5533
양배추,2017-01-11,가락도매,16000
양배추,2017-01-11,평균,16000
양배추,2017-01-11,평년,5500
양배추,2017-01-12,가락도매,16000
양배추,2017-01-12,평균,16000
양배추,2017-01-12,평년,5567
양배추,2017-01-13,가락도매,15000
양배추,2017-01-13,평균,15000
양배추,2017-01-13,평년,5633
양배추,2017-01-16,가락도매,13000
양배추,2017-01-16,평균,13000
양배추,2017-01-16,평년,5933
양배추,2017-01-17,가락도매,12000
양배추,2017-01-17,평균,12000
양배추,2017-01-17,평년,5967
양배추,2017-01-18,가락도매,14000
양배추,2017-01-18,평균,14000
양배추,2017-01-18,평년,6067
양배추,2017-01-19,가락도매,12000
양배추,2017-01-19,평균,12000
양배추,2017-01-19,평년,6167
양배추,2017-01-20,가락도매,14000
양배추,2017-01-20,평균,14000
양배추,2017-01-20,평년,6233
양배추,2017-01-23,가락도매,14000
양배추,2017-01-23,평균,14000
양배추,2017-01-23,평년,6417
양배추,2017-01-24,가락도매,14000
양배추,2017-01-24,평균,14000
양배추,2017-01-24,평년,6417
양배추,2017-01-25,가락도매,15000
양배추,2017-01-25,평균,15000
양배추,2017-01-25,평년,6400
양배추,2017-01-26,가락도매,15000
양배추,2017-01-26,평균,15000
양배추,2017-01-26,평년,6433
양배추,2017-01-31,가락도매,15000
양배추,2017-01-31,평균,15000
양배추,2017-01-31,평년,6625
양배추,2017-02-01,가락도매,16000
양배추,2017-02-01,평균,16000
양배추,2017-02-01,평년,6633
양배추,2017-02-02,가락도매,17000
양배추,2017-02-02,평균,17000
양배추,2017-02-02,평년,6667
양배추,2017-02-03,가락도매,16000
양배추,2017-02-03,평균,16000
양배추,2017-02-03,평년,6667
양배추,2017-02-06,가락도매,16000
양배추,2017-02-06,평균,16000
양배추,2017-02-06,평년,6533
양배추,2017-02-07,가락도매,16000
양배추,2017-02-07,평균,16000
양배추,2017-02-07,평년,6542
양배추,2017-02-08,가락도매,14000
양배추,2017-02-08,평균,14000
양배추,2017-02-08,평년,6542
양배추,2017-02-09,가락도매,15000
양배추,2017-02-09,평균,15000
양배추,2017-02-09,평년,6600
양배추,2017-02-10,가락도매,14000
양배추,2017-02-10,평균,14000
양배추,2017-02-10,평년,6667
양배추,2017-02-13,가락도매,15000
양배추,2017-02-13,평균,15000
양배추,2017-02-13,평년,6800
양배추,2017-02-14,가락도매,15000
양배추,2017-02-14,평균,15000
양배추,2017-02-14,평년,6833
양배추,2017-02-15,가락도매,15000
양배추,2017-02-15,평균,15000
양배추,2017-02-15,평년,6800
양배추,2017-02-16,가락도매,13000
양배추,2017-02-16,평균,13000
양배추,2017-02-16,평년,6800
양배추,2017-02-17,가락도매,12000
양배추,2017-02-17,평균,12000
양배추,2017-02-17,평년,6833
양배추,2017-02-20,가락도매,13000
양배추,2017-02-20,평균,13000
양배추,2017-02-20,평년,6758
양배추,2017-02-21,가락도매,14000
양배추,2017-02-21,평균,14000
양배추,2017-02-21,평년,6825
양배추,2017-02-22,가락도매,15000
양배추,2017-02-22,평균,15000
양배추,2017-02-22,평년,6875
양배추,2017-02-23,가락도매,15000
양배추,2017-02-23,평균,15000
양배추,2017-02-23,평년,6900
양배추,2017-02-24,가락도매,15000
양배추,2017-02-24,평균,15000
양배추,2017-02-24,평년,7000
양배추,2017-02-27,가락도매,15000
양배추,2017-02-27,평균,15000
양배추,2017-02-27,평년,6950
양배추,2017-02-28,가락도매,15000
양배추,2017-02-28,평균,15000
양배추,2017-02-28,평년,6908
양배추,2017-03-02,가락도매,14000
양배추,2017-03-02,평균,14000
양배추,2017-03-02,평년,7367
양배추,2017-03-03,가락도매,14000
양배추,2017-03-03,평균,14000
양배추,2017-03-03,평년,7442
양배추,2017-03-06,가락도매,14000
양배추,2017-03-06,평균,14000
양배추,2017-03-06,평년,7733
양배추,2017-03-07,가락도매,14000
양배추,2017-03-07,평균,14000
양배추,2017-03-07,평년,7808
양배추,2017-03-08,가락도매,14000
양배추,2017-03-08,평균,14000
양배추,2017-03-08,평년,7608
양배추,2017-03-09,가락도매,14000
양배추,2017-03-09,평균,14000
양배추,2017-03-09,평년,7475
양배추,2017-03-10,가락도매,13000
양배추,2017-03-10,평균,13000
양배추,2017-03-10,평년,7408
양배추,2017-03-13,가락도매,12000
양배추,2017-03-13,평균,12000
양배추,2017-03-13,평년,7025
양배추,2017-03-14,가락도매,11000
양배추,2017-03-14,평균,11000
양배추,2017-03-14,평년,6967
양배추,2017-03-15,가락도매,11000
양배추,2017-03-15,평균,11000
양배추,2017-03-15,평년,6833
양배추,2017-03-16,가락도매,11000
양배추,2017-03-16,평균,11000
양배추,2017-03-16,평년,6800
양배추,2017-03-17,가락도매,11000
양배추,2017-03-17,평균,11000
양배추,2017-03-17,평년,6867
양배추,2017-03-20,가락도매,12000
양배추,2017-03-20,평균,12000
양배추,2017-03-20,평년,6667
양배추,2017-03-21,가락도매,13000
양배추,2017-03-21,평균,13000
양배추,2017-03-21,평년,6750
양배추,2017-03-22,가락도매,13000
양배추,2017-03-22,평균,13000
양배추,2017-03-22,평년,6883
양배추,2017-03-23,가락도매,11000
양배추,2017-03-23,평균,11000
양배추,2017-03-23,평년,6867
양배추,2017-03-24,가락도매,11000
양배추,2017-03-24,평균,11000
양배추,2017-03-24,평년,6900
양배추,2017-03-27,가락도매,9000
양배추,2017-03-27,평균,9000
양배추,2017-03-27,평년,6883
양배추,2017-03-28,가락도매,9000
양배추,2017-03-28,평균,9000
양배추,2017-03-28,평년,6958
양배추,2017-03-29,가락도매,8000
양배추,2017-03-29,평균,8000
양배추,2017-03-29,평년,7025
양배추,2017-03-30,가락도매,7000
양배추,2017-03-30,평균,7000
양배추,2017-03-30,평년,7100
양배추,2017-03-31,가락도매,6000
양배추,2017-03-31,평균,6000
양배추,2017-03-31,평년,7167
양배추,2017-04-03,가락도매,7000
양배추,2017-04-03,평균,7000
양배추,2017-04-03,평년,7000
양배추,2017-04-04,가락도매,6000
양배추,2017-04-04,평균,6000
양배추,2017-04-04,평년,6983
양배추,2017-04-05,가락도매,6000
양배추,2017-04-05,평균,6000
양배추,2017-04-05,평년,6950
양배추,2017-04-06,가락도매,6000
양배추,2017-04-06,평균,6000
양배추,2017-04-06,평년,6933
양배추,2017-04-07,가락도매,6000
양배추,2017-04-07,평균,6000
양배추,2017-04-07,평년,6975
양배추,2017-04-10,가락도매,6000
양배추,2017-04-10,평균,6000
양배추,2017-04-10,평년,7000
양배추,2017-04-11,가락도매,5000
양배추,2017-04-11,평균,5000
양배추,2017-04-11,평년,7042
양배추,2017-04-12,가락도매,5000
양배추,2017-04-12,평균,5000
양배추,2017-04-12,평년,7033
양배추,2017-04-13,가락도매,5000
양배추,2017-04-13,평균,5000
양배추,2017-04-13,평년,7000
양배추,2017-04-14,가락도매,5000
양배추,2017-04-14,평균,5000
양배추,2017-04-14,평년,7000
양배추,2017-04-17,가락도매,5000
양배추,2017-04-17,평균,5000
양배추,2017-04-17,평년,6767
양배추,2017-04-18,가락도매,4000
양배추,2017-04-18,평균,4000
양배추,2017-04-18,평년,6750
양배추,2017-04-19,가락도매,4000
양배추,2017-04-19,평균,4000
양배추,2017-04-19,평년,6783
양배추,2017-04-20,가락도매,3000
양배추,2017-04-20,평균,3000
양배추,2017-04-20,평년,6833
양배추,2017-04-21,가락도매,4000
양배추,2017-04-21,평균,4000
양배추,2017-04-21,평년,6825
양배추,2017-04-24,가락도매,4000
양배추,2017-04-24,평균,4000
양배추,2017-04-24,평년,7033
양배추,2017-04-25,가락도매,4000
양배추,2017-04-25,평균,4000
양배추,2017-04-25,평년,7158
양배추,2017-04-26,가락도매,4000
양배추,2017-04-26,평균,4000
양배추,2017-04-26,평년,7292
양배추,2017-04-27,가락도매,5000
양배추,2017-04-27,평균,5000
양배추,2017-04-27,평년,7550
양배추,2017-04-28,가락도매,5000
양배추,2017-04-28,평균,5000
양배추,2017-04-28,평년,7742
양배추,2017-05-02,가락도매,5000
양배추,2017-05-02,평균,5000
양배추,2017-05-02,평년,8350
양배추,2017-05-04,가락도매,4500
양배추,2017-05-04,평균,4500
양배추,2017-05-04,평년,8417
양배추,2017-05-08,가락도매,4000
양배추,2017-05-08,평균,4000
양배추,2017-05-08,평년,8517
양배추,2017-05-10,가락도매,4000
양배추,2017-05-10,평균,4000
양배추,2017-05-10,평년,8508
양배추,2017-05-11,가락도매,4000
양배추,2017-05-11,평균,4000
양배추,2017-05-11,평년,8575
양배추,2017-05-12,가락도매,4000
양배추,2017-05-12,평균,4000
양배추,2017-05-12,평년,8742
양배추,2017-05-15,가락도매,4000
양배추,2017-05-15,평균,4000
양배추,2017-05-15,평년,9217
양배추,2017-05-16,가락도매,4000
양배추,2017-05-16,평균,4000
양배추,2017-05-16,평년,9283
양배추,2017-05-17,가락도매,4000
양배추,2017-05-17,평균,4000
양배추,2017-05-17,평년,9258
양배추,2017-05-18,가락도매,4000
양배추,2017-05-18,평균,4000
양배추,2017-05-18,평년,9375
양배추,2017-05-19,가락도매,4000
양배추,2017-05-19,평균,4000
양배추,2017-05-19,평년,9775
양배추,2017-05-22,가락도매,5000
양배추,2017-05-22,평균,5000
양배추,2017-05-22,평년,10550
양배추,2017-05-23,가락도매,5000
양배추,2017-05-23,평균,5000
양배추,2017-05-23,평년,10600
양배추,2017-05-24,가락도매,5000
양배추,2017-05-24,평균,5000
양배추,2017-05-24,평년,10633
양배추,2017-05-25,가락도매,5000
양배추,2017-05-25,평균,5000
양배추,2017-05-25,평년,10650
양배추,2017-05-26,가락도매,5000
양배추,2017-05-26,평균,5000
양배추,2017-05-26,평년,10550
양배추,2017-05-29,가락도매,4000
양배추,2017-05-29,평균,4000
양배추,2017-05-29,평년,10000
양배추,2017-05-30,가락도매,4000
양배추,2017-05-30,평균,4000
양배추,2017-05-30,평년,9675
양배추,2017-05-31,가락도매,4000
양배추,2017-05-31,평균,4000
양배추,2017-05-31,평년,9033
양배추,2017-06-01,가락도매,4000
양배추,2017-06-01,평균,4000
양배추,2017-06-01,평년,8317
양배추,2017-06-02,가락도매,4000
양배추,2017-06-02,평균,4000
양배추,2017-06-02,평년,7783
양배추,2017-06-05,가락도매,4000
양배추,2017-06-05,평균,4000
양배추,2017-06-05,평년,7017
양배추,2017-06-07,가락도매,5000
양배추,2017-06-07,평균,5000
양배추,2017-06-07,평년,6767
양배추,2017-06-08,가락도매,5000
양배추,2017-06-08,평균,5000
양배추,2017-06-08,평년,6417
양배추,2017-06-09,가락도매,5000
양배추,2017-06-09,평균,5000
양배추,2017-06-09,평년,6117
양배추,2017-06-12,가락도매,5000
양배추,2017-06-12,평균,5000
양배추,2017-06-12,평년,5825
양배추,2017-06-13,가락도매,4000
양배추,2017-06-13,평균,4000
양배추,2017-06-13,평년,5767
양배추,2017-06-14,가락도매,3000
양배추,2017-06-14,평균,3000
양배추,2017-06-14,평년,5933
양배추,2017-06-15,가락도매,3000
양배추,2017-06-15,평균,3000
양배추,2017-06-15,평년,5992
양배추,2017-06-16,가락도매,3000
양배추,2017-06-16,평균,3000
양배추,2017-06-16,평년,6208
양배추,2017-06-19,가락도매,4000
양배추,2017-06-19,평균,4000
양배추,2017-06-19,평년,6217
양배추,2017-06-20,가락도매,4000
양배추,2017-06-20,평균,4000
양배추,2017-06-20,평년,6000
양배추,2017-06-21,가락도매,3500
양배추,2017-06-21,평균,3500
양배추,2017-06-21,평년,5933
양배추,2017-06-22,가락도매,3500
양배추,2017-06-22,평균,3500
양배추,2017-06-22,평년,5833
양배추,2017-06-23,가락도매,3500
양배추,2017-06-23,평균,3500
양배추,2017-06-23,평년,5800
양배추,2017-06-26,가락도매,4000
양배추,2017-06-26,평균,4000
양배추,2017-06-26,평년,5908
양배추,2017-06-27,가락도매,4000
양배추,2017-06-27,평균,4000
양배추,2017-06-27,평년,5867
양배추,2017-06-28,가락도매,4000
양배추,2017-06-28,평균,4000
양배추,2017-06-28,평년,5867
양배추,2017-06-29,가락도매,4000
양배추,2017-06-29,평균,4000
양배추,2017-06-29,평년,5700
양배추,2017-06-30,가락도매,4500
양배추,2017-06-30,평균,4500
양배추,2017-06-30,평년,5667
양배추,2017-07-03,가락도매,5000
양배추,2017-07-03,평균,5000
양배추,2017-07-03,평년,5950
양배추,2017-07-04,가락도매,4500
양배추,2017-07-04,평균,4500
양배추,2017-07-04,평년,6100
양배추,2017-07-05,가락도매,4500
양배추,2017-07-05,평균,4500
양배추,2017-07-05,평년,6167
양배추,2017-07-06,가락도매,4000
양배추,2017-07-06,평균,4000
양배추,2017-07-06,평년,6217
양배추,2017-07-07,가락도매,4000
양배추,2017-07-07,평균,4000
양배추,2017-07-07,평년,6233
양배추,2017-07-10,가락도매,3500
양배추,2017-07-10,평균,3500
양배추,2017-07-10,평년,5967
양배추,2017-07-11,가락도매,3000
양배추,2017-07-11,평균,3000
양배추,2017-07-11,평년,5800
양배추,2017-07-12,가락도매,4000
양배추,2017-07-12,평균,4000
양배추,2017-07-12,평년,5700
양배추,2017-07-13,가락도매,3500
양배추,2017-07-13,평균,3500
양배추,2017-07-13,평년,5567
양배추,2017-07-14,가락도매,3500
양배추,2017-07-14,평균,3500
양배추,2017-07-14,평년,5633
양배추,2017-07-17,가락도매,4000
양배추,2017-07-17,평균,4000
양배추,2017-07-17,평년,5687
양배추,2017-07-18,가락도매,4000
양배추,2017-07-18,평균,4000
양배추,2017-07-18,평년,5620
양배추,2017-07-19,가락도매,4500
양배추,2017-07-19,평균,4500
양배추,2017-07-19,평년,5600
양배추,2017-07-20,가락도매,5000
양배추,2017-07-20,평균,5000
양배추,2017-07-20,평년,5617
양배추,2017-07-21,가락도매,5000
양배추,2017-07-21,평균,5000
양배추,2017-07-21,평년,5483
양배추,2017-07-24,가락도매,8000
양배추,2017-07-24,평균,8000
양배추,2017-07-24,평년,5700
양배추,2017-07-25,가락도매,8000
양배추,2017-07-25,평균,8000
양배추,2017-07-25,평년,5817
양배추,2017-07-26,가락도매,8000
양배추,2017-07-26,평균,8000
양배추,2017-07-26,평년,5883
양배추,2017-07-27,가락도매,8000
양배추,2017-07-27,평균,8000
양배추,2017-07-27,평년,5900
양배추,2017-07-28,가락도매,8000
양배추,2017-07-28,평균,8000
양배추,2017-07-28,평년,5908
양배추,2017-07-31,가락도매,10000
양배추,2017-07-31,평균,10000
양배추,2017-07-31,평년,6217
양배추,2017-08-01,가락도매,9000
양배추,2017-08-01,평균,9000
양배추,2017-08-01,평년,6400
양배추,2017-08-02,가락도매,9000
양배추,2017-08-02,평균,9000
양배추,2017-08-02,평년,6533
양배추,2017-08-03,가락도매,9000
양배추,2017-08-03,평균,9000
양배추,2017-08-03,평년,6767
양배추,2017-08-04,가락도매,10000
양배추,2017-08-04,평균,10000
양배추,2017-08-04,평년,6850
양배추,2017-08-07,가락도매,10000
양배추,2017-08-07,평균,10000
양배추,2017-08-07,평년,7083
양배추,2017-08-08,가락도매,11000
양배추,2017-08-08,평균,11000
양배추,2017-08-08,평년,7233
양배추,2017-08-09,가락도매,12000
양배추,2017-08-09,평균,12000
양배추,2017-08-09,평년,7400
양배추,2017-08-10,가락도매,13000
양배추,2017-08-10,평균,13000
양배추,2017-08-10,평년,7500
양배추,2017-08-11,가락도매,13000
양배추,2017-08-11,평균,13000
양배추,2017-08-11,평년,7642
양배추,2017-08-14,가락도매,13000
양배추,2017-08-14,평균,13000
양배추,2017-08-14,평년,7600
양배추,2017-08-16,가락도매,13000
양배추,2017-08-16,평균,13000
양배추,2017-08-16,평년,7433
양배추,2017-08-17,가락도매,12000
양배추,2017-08-17,평균,12000
양배추,2017-08-17,평년,7133
양배추,2017-08-18,가락도매,11000
양배추,2017-08-18,평균,11000
양배추,2017-08-18,평년,7083
양배추,2017-08-21,가락도매,10000
양배추,2017-08-21,평균,10000
양배추,2017-08-21,평년,6800
양배추,2017-08-22,가락도매,10000
양배추,2017-08-22,평균,10000
양배추,2017-08-22,평년,6750
양배추,2017-08-23,가락도매,10000
양배추,2017-08-23,평균,10000
양배추,2017-08-23,평년,6883
양배추,2017-08-24,가락도매,12000
양배추,2017-08-24,평균,12000
양배추,2017-08-24,평년,7000
양배추,2017-08-25,가락도매,12000
양배추,2017-08-25,평균,12000
양배추,2017-08-25,평년,7150
양배추,2017-08-28,가락도매,13000
양배추,2017-08-28,평균,13000
양배추,2017-08-28,평년,7500
양배추,2017-08-29,가락도매,13000
양배추,2017-08-29,평균,13000
양배추,2017-08-29,평년,7742
양배추,2017-08-30,가락도매,12000
양배추,2017-08-30,평균,12000
양배추,2017-08-30,평년,7875
양배추,2017-08-31,가락도매,11000
양배추,2017-08-31,평균,11000
양배추,2017-08-31,평년,8233
양배추,2017-09-01,가락도매,11000
양배추,2017-09-01,평균,11000
양배추,2017-09-01,평년,8483
양배추,2017-09-04,가락도매,14000
양배추,2017-09-04,평균,14000
양배추,2017-09-04,평년,8600
양배추,2017-09-05,가락도매,13000
양배추,2017-09-05,평균,13000
양배추,2017-09-05,평년,8600
양배추,2017-09-06,가락도매,13000
양배추,2017-09-06,평균,13000
양배추,2017-09-06,평년,8733
양배추,2017-09-07,가락도매,12000
양배추,2017-09-07,평균,12000
양배추,2017-09-07,평년,8567
양배추,2017-09-08,가락도매,13000
양배추,2017-09-08,평균,13000
양배추,2017-09-08,평년,8500
양배추,2017-09-11,가락도매,12000
양배추,2017-09-11,평균,12000
양배추,2017-09-11,평년,8500
양배추,2017-09-12,가락도매,12000
양배추,2017-09-12,평균,12000
양배추,2017-09-12,평년,8625
양배추,2017-09-13,가락도매,13000
양배추,2017-09-13,평균,13000
양배추,2017-09-13,평년,8625
양배추,2017-09-14,가락도매,14000
양배추,2017-09-14,평균,14000
양배추,2017-09-14,평년,8733
양배추,2017-09-15,가락도매,14000
양배추,2017-09-15,평균,14000
양배추,2017-09-15,평년,8667
양배추,2017-09-18,가락도매,13000
양배추,2017-09-18,평균,13000
양배추,2017-09-18,평년,8500
양배추,2017-09-19,가락도매,12000
양배추,2017-09-19,평균,12000
양배추,2017-09-19,평년,8467
양배추,2017-09-20,가락도매,12000
양배추,2017-09-20,평균,12000
양배추,2017-09-20,평년,8467
양배추,2017-09-21,가락도매,13000
양배추,2017-09-21,평균,13000
양배추,2017-09-21,평년,8400
양배추,2017-09-22,가락도매,13000
양배추,2017-09-22,평균,13000
양배추,2017-09-22,평년,8567
양배추,2017-09-25,가락도매,13000
양배추,2017-09-25,평균,13000
양배추,2017-09-25,평년,8133
양배추,2017-09-26,가락도매,13000
양배추,2017-09-26,평균,13000
양배추,2017-09-26,평년,8100
양배추,2017-09-27,가락도매,13000
양배추,2017-09-27,평균,13000
양배추,2017-09-27,평년,7967
양배추,2017-09-28,가락도매,13000
양배추,2017-09-28,평균,13000
양배추,2017-09-28,평년,7850
양배추,2017-09-29,가락도매,14000
양배추,2017-09-29,평균,14000
양배추,2017-09-29,평년,7833
양배추,2017-10-10,가락도매,12000
양배추,2017-10-10,평균,12000
양배추,2017-10-10,평년,6800
양배추,2017-10-11,가락도매,12000
양배추,2017-10-11,평균,12000
양배추,2017-10-11,평년,6733
양배추,2017-10-12,가락도매,11000
양배추,2017-10-12,평균,11000
양배추,2017-10-12,평년,6800
양배추,2017-10-13,가락도매,9000
양배추,2017-10-13,평균,9000
양배추,2017-10-13,평년,6800
양배추,2017-10-16,가락도매,7000
양배추,2017-10-16,평균,7000
양배추,2017-10-16,평년,7067
양배추,2017-10-17,가락도매,7000
양배추,2017-10-17,평균,7000
양배추,2017-10-17,평년,7100
양배추,2017-10-18,가락도매,7000
양배추,2017-10-18,평균,7000
양배추,2017-10-18,평년,7167
양배추,2017-10-19,가락도매,7000
양배추,2017-10-19,평균,7000
양배추,2017-10-19,평년,7167
양배추,2017-10-20,가락도매,7000
양배추,2017-10-20,평균,7000
양배추,2017-10-20,평년,7083
양배추,2017-10-23,가락도매,7000
양배추,2017-10-23,평균,7000
양배추,2017-10-23,평년,7200
양배추,2017-10-24,가락도매,6000
양배추,2017-10-24,평균,6000
양배추,2017-10-24,평년,7250
양배추,2017-10-25,가락도매,6000
양배추,2017-10-25,평균,6000
양배추,2017-10-25,평년,7250
양배추,2017-10-26,가락도매,6000
양배추,2017-10-26,평균,6000
양배추,2017-10-26,평년,7317
양배추,2017-10-27,가락도매,6000
양배추,2017-10-27,평균,6000
양배추,2017-10-27,평년,7317
양배추,2017-10-30,가락도매,6000
양배추,2017-10-30,평균,6000
양배추,2017-10-30,평년,6900
양배추,2017-10-31,가락도매,6000
양배추,2017-10-31,평균,6000
양배추,2017-10-31,평년,6767
양배추,2017-11-01,가락도매,6000
양배추,2017-11-01,평균,6000
양배추,2017-11-01,평년,6700
양배추,2017-11-02,가락도매,6000
양배추,2017-11-02,평균,6000
양배추,2017-11-02,평년,6600
양배추,2017-11-03,가락도매,6000
양배추,2017-11-03,평균,6000
양배추,2017-11-03,평년,6583
양배추,2017-11-06,가락도매,8000
양배추,2017-11-06,평균,8000
양배추,2017-11-06,평년,6767
양배추,2017-11-07,가락도매,8000
양배추,2017-11-07,평균,8000
양배추,2017-11-07,평년,6767
양배추,2017-11-08,가락도매,8000
양배추,2017-11-08,평균,8000
양배추,2017-11-08,평년,6767
양배추,2017-11-09,가락도매,7000
양배추,2017-11-09,평균,7000
양배추,2017-11-09,평년,6867
양배추,2017-11-10,가락도매,7000
양배추,2017-11-10,평균,7000
양배추,2017-11-10,평년,6917
양배추,2017-11-13,가락도매,7000
양배추,2017-11-13,평균,7000
양배추,2017-11-13,평년,6833
양배추,2017-11-14,가락도매,7000
양배추,2017-11-14,평균,7000
양배추,2017-11-14,평년,6767
양배추,2017-11-15,가락도매,7000
양배추,2017-11-15,평균,7000
양배추,2017-11-15,평년,6700
양배추,2017-11-16,가락도매,7000
양배추,2017-11-16,평균,7000
양배추,2017-11-16,평년,6667
양배추,2017-11-17,가락도매,7000
양배추,2017-11-17,평균,7000
양배추,2017-11-17,평년,6667
양배추,2017-11-20,가락도매,7000
양배추,2017-11-20,평균,7000
양배추,2017-11-20,평년,6633
양배추,2017-11-21,가락도매,7000
양배추,2017-11-21,평균,7000
양배추,2017-11-21,평년,6700
양배추,2017-11-22,가락도매,7000
양배추,2017-11-22,평균,7000
양배추,2017-11-22,평년,6767
양배추,2017-11-23,가락도매,7000
양배추,2017-11-23,평균,7000
양배추,2017-11-23,평년,6833
양배추,2017-11-24,가락도매,8000
양배추,2017-11-24,평균,8000
양배추,2017-11-24,평년,6833
양배추,2017-11-27,가락도매,8000
양배추,2017-11-27,평균,8000
양배추,2017-11-27,평년,6800
양배추,2017-11-28,가락도매,8000
양배추,2017-11-28,평균,8000
양배추,2017-11-28,평년,6800
양배추,2017-11-29,가락도매,7000
양배추,2017-11-29,평균,7000
양배추,2017-11-29,평년,6767
양배추,2017-11-30,가락도매,7000
양배추,2017-11-30,평균,7000
양배추,2017-11-30,평년,6750
양배추,2017-12-04,가락도매,7000
양배추,2017-12-04,평균,7000
양배추,2017-12-04,평년,6753
양배추,2017-12-05,가락도매,7000
양배추,2017-12-05,평균,7000
양배추,2017-12-05,평년,6753
양배추,2017-12-06,가락도매,7000
양배추,2017-12-06,평균,7000
양배추,2017-12-06,평년,6917
양배추,2017-12-07,가락도매,7000
양배추,2017-12-07,평균,7000
양배추,2017-12-07,평년,7042
양배추,2017-12-08,가락도매,7000
양배추,2017-12-08,평균,7000
양배추,2017-12-08,평년,7112
양배추,2017-12-11,가락도매,7000
양배추,2017-12-11,평균,7000
양배추,2017-12-11,평년,7500
양배추,2017-12-12,가락도매,7000
양배추,2017-12-12,평균,7000
양배추,2017-12-12,평년,7767
양배추,2017-12-13,가락도매,7000
양배추,2017-12-13,평균,7000
양배추,2017-12-13,평년,7900
양배추,2017-12-14,가락도매,8000
양배추,2017-12-14,평균,8000
양배추,2017-12-14,평년,8033
양배추,2017-12-15,가락도매,8000
양배추,2017-12-15,평균,8000
양배추,2017-12-15,평년,8083
양배추,2017-12-18,가락도매,8000
양배추,2017-12-18,평균,8000
양배추,2017-12-18,평년,8167
양배추,2017-12-19,가락도매,8000
양배추,2017-12-19,평균,8000
양배추,2017-12-19,평년,8167
양배추,2017-12-20,가락도매,8000
양배추,2017-12-20,평균,8000
양배추,2017-12-20,평년,8133
양배추,2017-12-21,가락도매,8000
양배추,2017-12-21,평균,8000
양배추,2017-12-21,평년,8125
양배추,2017-12-22,가락도매,8000
양배추,2017-12-22,평균,8000
양배추,2017-12-22,평년,8125
양배추,2017-12-26,가락도매,9000
양배추,2017-12-26,평균,9000
양배추,2017-12-26,평년,8033
양배추,2017-12-27,가락도매,9000
양배추,2017-12-27,평균,9000
양배추,2017-12-27,평년,8267
양배추,2017-12-28,가락도매,9000
양배추,2017-12-28,평균,9000
양배추,2017-12-28,평년,8533
양배추,2017-12-29,가락도매,11000
양배추,2017-12-29,평균,11000
양배추,2017-12-29,평년,8667
양배추,2018-01-02,가락도매,11000
양배추,2018-01-02,평균,11000
양배추,2018-01-02,평년,8975
양배추,2018-01-03,가락도매,10000
양배추,2018-01-03,평균,10000
양배추,2018-01-03,평년,8975
양배추,2018-01-04,가락도매,7200
양배추,2018-01-04,평균,7200
양배추,2018-01-04,평년,8733
양배추,2018-01-05,가락도매,8000
양배추,2018-01-05,평균,8000
양배추,2018-01-05,평년,8567
양배추,2018-01-08,가락도매,8000
양배추,2018-01-08,평균,8000
양배추,2018-01-08,평년,8100
양배추,2018-01-09,가락도매,8000
양배추,2018-01-09,평균,8000
양배추,2018-01-09,평년,7867
양배추,2018-01-10,가락도매,9000
양배추,2018-01-10,평균,9000
양배추,2018-01-10,평년,7800
양배추,2018-01-11,가락도매,9000
양배추,2018-01-11,평균,9000
양배추,2018-01-11,평년,7733
양배추,2018-01-12,가락도매,9000
양배추,2018-01-12,평균,9000
양배추,2018-01-12,평년,7700
양배추,2018-01-15,가락도매,9000
양배추,2018-01-15,평균,9000
양배추,2018-01-15,평년,7933
양배추,2018-01-16,가락도매,8000
양배추,2018-01-16,평균,8000
양배추,2018-01-16,평년,8000
양배추,2018-01-17,가락도매,8000
양배추,2018-01-17,평균,8000
양배추,2018-01-17,평년,8000
양배추,2018-01-18,가락도매,8000
양배추,2018-01-18,평균,8000
양배추,2018-01-18,평년,8067
양배추,2018-01-19,가락도매,8000
양배추,2018-01-19,평균,8000
양배추,2018-01-19,평년,8167
양배추,2018-01-22,가락도매,8000
양배추,2018-01-22,평균,8000
양배추,2018-01-22,평년,8400
양배추,2018-01-23,가락도매,8000
양배추,2018-01-23,평균,8000
양배추,2018-01-23,평년,8417
양배추,2018-01-24,가락도매,8000
양배추,2018-01-24,평균,8000
양배추,2018-01-24,평년,8417
양배추,2018-01-25,가락도매,8000
양배추,2018-01-25,평균,8000
양배추,2018-01-25,평년,8400
양배추,2018-01-26,가락도매,8000
양배추,2018-01-26,평균,8000
양배추,2018-01-26,평년,8433
양배추,2018-01-29,가락도매,9000
양배추,2018-01-29,평균,9000
양배추,2018-01-29,평년,8500
양배추,2018-01-30,가락도매,9000
양배추,2018-01-30,평균,9000
양배추,2018-01-30,평년,8492
양배추,2018-01-31,가락도매,9500
양배추,2018-01-31,평균,9500
양배추,2018-01-31,평년,8425
양배추,2018-02-01,가락도매,9000
양배추,2018-02-01,평균,9000
양배추,2018-02-01,평년,8367
양배추,2018-02-02,가락도매,9000
양배추,2018-02-02,평균,9000
양배추,2018-02-02,평년,8333
양배추,2018-02-05,가락도매,9000
양배추,2018-02-05,평균,9000
양배추,2018-02-05,평년,8333
양배추,2018-02-06,가락도매,9000
양배추,2018-02-06,평균,9000
양배추,2018-02-06,평년,8467
양배추,2018-02-07,가락도매,9000
양배추,2018-02-07,평균,9000
양배추,2018-02-07,평년,8608
양배추,2018-02-08,가락도매,9000
양배추,2018-02-08,평균,9000
양배추,2018-02-08,평년,8742
양배추,2018-02-09,가락도매,9000
양배추,2018-02-09,평균,9000
양배추,2018-02-09,평년,8850
양배추,2018-02-12,가락도매,9000
양배추,2018-02-12,평균,9000
양배추,2018-02-12,평년,9100
양배추,2018-02-13,가락도매,9000
양배추,2018-02-13,평균,9000
양배추,2018-02-13,평년,9267
양배추,2018-02-14,가락도매,9000
양배추,2018-02-14,평균,9000
양배추,2018-02-14,평년,9300
양배추,2018-02-19,가락도매,8000
양배추,2018-02-19,평균,8000
양배추,2018-02-19,평년,8675
양배추,2018-02-20,가락도매,8000
양배추,2018-02-20,평균,8000
양배추,2018-02-20,평년,8758
양배추,2018-02-21,가락도매,8000
양배추,2018-02-21,평균,8000
양배추,2018-02-21,평년,8892
양배추,2018-02-22,가락도매,7000
양배추,2018-02-22,평균,7000
양배추,2018-02-22,평년,9042
양배추,2018-02-23,가락도매,6500
양배추,2018-02-23,평균,6500
양배추,2018-02-23,평년,9000
양배추,2018-02-26,가락도매,7000
양배추,2018-02-26,평균,7000
양배추,2018-02-26,평년,8767
양배추,2018-02-27,가락도매,7000
양배추,2018-02-27,평균,7000
양배추,2018-02-27,평년,8417
양배추,2018-02-28,가락도매,7000
양배추,2018-02-28,평균,7000
양배추,2018-02-28,평년,8208
양배추,2018-03-02,가락도매,7000
양배추,2018-03-02,평균,7000
양배추,2018-03-02,평년,8283
양배추,2018-03-05,가락도매,8000
양배추,2018-03-05,평균,8000
양배추,2018-03-05,평년,8267
양배추,2018-03-06,가락도매,7000
양배추,2018-03-06,평균,7000
양배추,2018-03-06,평년,8100
양배추,2018-03-07,가락도매,7000
양배추,2018-03-07,평균,7000
양배추,2018-03-07,평년,7875
양배추,2018-03-08,가락도매,7000
양배추,2018-03-08,평균,7000
양배추,2018-03-08,평년,7608
양배추,2018-03-09,가락도매,6000
양배추,2018-03-09,평균,6000
양배추,2018-03-09,평년,7475
양배추,2018-03-12,가락도매,6000
양배추,2018-03-12,평균,6000
양배추,2018-03-12,평년,7125
양배추,2018-03-13,가락도매,7000
양배추,2018-03-13,평균,7000
양배추,2018-03-13,평년,7025
양배추,2018-03-14,가락도매,8000
양배추,2018-03-14,평균,8000
양배추,2018-03-14,평년,6967
양배추,2018-03-15,가락도매,7000
양배추,2018-03-15,평균,7000
양배추,2018-03-15,평년,6833
양배추,2018-03-16,가락도매,7000
양배추,2018-03-16,평균,7000
양배추,2018-03-16,평년,6800
양배추,2018-03-19,가락도매,6500
양배추,2018-03-19,평균,6500
양배추,2018-03-19,평년,6733
양배추,2018-03-20,가락도매,6500
양배추,2018-03-20,평균,6500
양배추,2018-03-20,평년,6667
양배추,2018-03-21,가락도매,7000
양배추,2018-03-21,평균,7000
양배추,2018-03-21,평년,6750
양배추,2018-03-22,가락도매,7000
양배추,2018-03-22,평균,7000
양배추,2018-03-22,평년,6883
양배추,2018-03-23,가락도매,6000
양배추,2018-03-23,평균,6000
양배추,2018-03-23,평년,6867
양배추,2018-03-26,가락도매,6000
양배추,2018-03-26,평균,6000
양배추,2018-03-26,평년,6917
양배추,2018-03-27,가락도매,5500
양배추,2018-03-27,평균,5500
양배추,2018-03-27,평년,6883
양배추,2018-03-28,가락도매,5500
양배추,2018-03-28,평균,5500
양배추,2018-03-28,평년,6958
양배추,2018-03-29,가락도매,5000
양배추,2018-03-29,평균,5000
양배추,2018-03-29,평년,6892
양배추,2018-03-30,가락도매,5000
양배추,2018-03-30,평균,5000
양배추,2018-03-30,평년,6700
양배추,2018-04-02,가락도매,6000
양배추,2018-04-02,평균,6000
양배추,2018-04-02,평년,6233
양배추,2018-04-03,가락도매,6000
양배추,2018-04-03,평균,6000
양배추,2018-04-03,평년,6133
양배추,2018-04-04,가락도매,6000
양배추,2018-04-04,평균,6000
양배추,2018-04-04,평년,6050
양배추,2018-04-05,가락도매,5500
양배추,2018-04-05,평균,5500
양배추,2018-04-05,평년,5983
양배추,2018-04-06,가락도매,5500
양배추,2018-04-06,평균,5500
양배추,2018-04-06,평년,5900
양배추,2018-04-09,가락도매,5000
양배추,2018-04-09,평균,5000
양배추,2018-04-09,평년,5850
양배추,2018-04-10,가락도매,5000
양배추,2018-04-10,평균,5000
양배추,2018-04-10,평년,5833
양배추,2018-04-11,가락도매,5000
양배추,2018-04-11,평균,5000
양배추,2018-04-11,평년,5800
양배추,2018-04-12,가락도매,4500
양배추,2018-04-12,평균,4500
양배추,2018-04-12,평년,5733
양배추,2018-04-13,가락도매,4500
양배추,2018-04-13,평균,4500
양배추,2018-04-13,평년,5667
양배추,2018-04-16,가락도매,6500
양배추,2018-04-16,평균,6500
양배추,2018-04-16,평년,5450
양배추,2018-04-17,가락도매,6000
양배추,2018-04-17,평균,6000
양배추,2018-04-17,평년,5300
양배추,2018-04-18,가락도매,5000
양배추,2018-04-18,평균,5000
양배추,2018-04-18,평년,5150
양배추,2018-04-19,가락도매,4500
양배추,2018-04-19,평균,4500
양배추,2018-04-19,평년,5083
양배추,2018-04-20,가락도매,4500
양배추,2018-04-20,평균,4500
양배추,2018-04-20,평년,5000
양배추,2018-04-23,가락도매,5000
양배추,2018-04-23,평균,5000
양배추,2018-04-23,평년,4950
양배추,2018-04-24,가락도매,5000
양배추,2018-04-24,평균,5000
양배추,2018-04-24,평년,5000
양배추,2018-04-25,가락도매,5000
양배추,2018-04-25,평균,5000
양배추,2018-04-25,평년,5125
양배추,2018-04-26,가락도매,5000
양배추,2018-04-26,평균,5000
양배추,2018-04-26,평년,5158
양배추,2018-04-27,가락도매,5000
양배추,2018-04-27,평균,5000
양배추,2018-04-27,평년,5217
양배추,2018-04-30,가락도매,5000
양배추,2018-04-30,평균,5000
양배추,2018-04-30,평년,5792
양배추,2018-05-02,가락도매,5000
양배추,2018-05-02,평균,5000
양배추,2018-05-02,평년,5917
양배추,2018-05-03,가락도매,5000
양배추,2018-05-03,평균,5000
양배추,2018-05-03,평년,5958
양배추,2018-05-04,가락도매,4500
양배추,2018-05-04,평균,4500
양배추,2018-05-04,평년,5983
양배추,2018-05-08,가락도매,4500
양배추,2018-05-08,평균,4500
양배추,2018-05-08,평년,6033
양배추,2018-05-09,가락도매,4000
양배추,2018-05-09,평균,4000
양배추,2018-05-09,평년,5950
양배추,2018-05-10,가락도매,4000
양배추,2018-05-10,평균,4000
양배추,2018-05-10,평년,5942
양배추,2018-05-11,가락도매,4000
양배추,2018-05-11,평균,4000
양배추,2018-05-11,평년,5975
양배추,2018-05-14,가락도매,5000
양배추,2018-05-14,평균,5000
양배추,2018-05-14,평년,6400
양배추,2018-05-15,가락도매,4500
양배추,2018-05-15,평균,4500
양배추,2018-05-15,평년,6633
양배추,2018-05-16,가락도매,4500
양배추,2018-05-16,평균,4500
양배추,2018-05-16,평년,6750
양배추,2018-05-17,가락도매,4000
양배추,2018-05-17,평균,4000
양배추,2018-05-17,평년,6792
양배추,2018-05-18,가락도매,4000
양배추,2018-05-18,평균,4000
양배추,2018-05-18,평년,6975
양배추,2018-05-21,가락도매,4500
양배추,2018-05-21,평균,4500
양배추,2018-05-21,평년,7633
양배추,2018-05-23,가락도매,5500
양배추,2018-05-23,평균,5500
양배추,2018-05-23,평년,7667
양배추,2018-05-24,가락도매,5500
양배추,2018-05-24,평균,5500
양배추,2018-05-24,평년,7633
양배추,2018-05-25,가락도매,5000
양배추,2018-05-25,평균,5000
양배추,2018-05-25,평년,7517
양배추,2018-05-28,가락도매,5000
양배추,2018-05-28,평균,5000
양배추,2018-05-28,평년,7400
양배추,2018-05-29,가락도매,5000
양배추,2018-05-29,평균,5000
양배추,2018-05-29,평년,7300
양배추,2018-05-30,가락도매,5000
양배추,2018-05-30,평균,5000
양배추,2018-05-30,평년,6867
양배추,2018-05-31,가락도매,5000
양배추,2018-05-31,평균,5000
양배추,2018-05-31,평년,6300
양배추,2018-06-01,가락도매,5000
양배추,2018-06-01,평균,5000
양배추,2018-06-01,평년,5850
양배추,2018-06-04,가락도매,4000
양배추,2018-06-04,평균,4000
양배추,2018-06-04,평년,5033
양배추,2018-06-05,가락도매,4000
양배추,2018-06-05,평균,4000
양배추,2018-06-05,평년,5083
양배추,2018-06-07,가락도매,4000
양배추,2018-06-07,평균,4000
양배추,2018-06-07,평년,5100
양배추,2018-06-08,가락도매,4000
양배추,2018-06-08,평균,4000
양배추,2018-06-08,평년,5017
양배추,2018-06-11,가락도매,4000
양배추,2018-06-11,평균,4000
양배추,2018-06-11,평년,4808
양배추,2018-06-12,가락도매,4000
양배추,2018-06-12,평균,4000
양배추,2018-06-12,평년,4692
양배추,2018-06-14,가락도매,4000
양배추,2018-06-14,평균,4000
양배추,2018-06-14,평년,4883
양배추,2018-06-15,가락도매,4000
양배추,2018-06-15,평균,4000
양배추,2018-06-15,평년,5008
양배추,2018-06-18,가락도매,5000
양배추,2018-06-18,평균,5000
양배추,2018-06-18,평년,5483
양배추,2018-06-19,가락도매,5000
양배추,2018-06-19,평균,5000
양배추,2018-06-19,평년,5450
양배추,2018-06-20,가락도매,4000
양배추,2018-06-20,평균,4000
양배추,2018-06-20,평년,5233
양배추,2018-06-21,가락도매,4000
양배추,2018-06-21,평균,4000
양배추,2018-06-21,평년,5067
양배추,2018-06-22,가락도매,4000
양배추,2018-06-22,평균,4000
양배추,2018-06-22,평년,4967
양배추,2018-06-25,가락도매,5000
양배추,2018-06-25,평균,5000
양배추,2018-06-25,평년,4967
양배추,2018-06-26,가락도매,5000
양배추,2018-06-26,평균,5000
양배추,2018-06-26,평년,4975
양배추,2018-06-27,가락도매,5000
양배추,2018-06-27,평균,5000
양배추,2018-06-27,평년,4967
양배추,2018-06-28,가락도매,5000
양배추,2018-06-28,평균,5000
양배추,2018-06-28,평년,4967
양배추,2018-06-29,가락도매,5000
양배추,2018-06-29,평균,5000
양배추,2018-06-29,평년,4967
양배추,2018-07-02,가락도매,5000
양배추,2018-07-02,평균,5000
양배추,2018-07-02,평년,5250
양배추,2018-07-03,가락도매,5000
양배추,2018-07-03,평균,5000
양배추,2018-07-03,평년,5383
양배추,2018-07-04,가락도매,5000
양배추,2018-07-04,평균,5000
양배추,2018-07-04,평년,5500
양배추,2018-07-05,가락도매,5000
양배추,2018-07-05,평균,5000
양배추,2018-07-05,평년,5592
양배추,2018-07-06,가락도매,5000
양배추,2018-07-06,평균,5000
양배추,2018-07-06,평년,5642
양배추,2018-07-09,가락도매,5000
양배추,2018-07-09,평균,5000
양배추,2018-07-09,평년,5367
양배추,2018-07-10,가락도매,5000
양배추,2018-07-10,평균,5000
양배추,2018-07-10,평년,5300
양배추,2018-07-11,가락도매,6000
양배추,2018-07-11,평균,6000
양배추,2018-07-11,평년,5167
양배추,2018-07-12,가락도매,5000
양배추,2018-07-12,평균,5000
양배추,2018-07-12,평년,5100
양배추,2018-07-13,가락도매,6000
양배추,2018-07-13,평균,6000
양배추,2018-07-13,평년,4983
양배추,2018-07-16,가락도매,6000
양배추,2018-07-16,평균,6000
양배추,2018-07-16,평년,5100
양배추,2018-07-17,가락도매,6000
양배추,2018-07-17,평균,6000
양배추,2018-07-17,평년,5153
양배추,2018-07-18,가락도매,7000
양배추,2018-07-18,평균,7000
양배추,2018-07-18,평년,5153
양배추,2018-07-19,가락도매,7000
양배추,2018-07-19,평균,7000
양배추,2018-07-19,평년,5167
양배추,2018-07-20,가락도매,7000
양배추,2018-07-20,평균,7000
양배추,2018-07-20,평년,5383
양배추,2018-07-23,가락도매,9000
양배추,2018-07-23,평균,9000
양배추,2018-07-23,평년,5667
양배추,2018-07-24,가락도매,11000
양배추,2018-07-24,평균,11000
양배추,2018-07-24,평년,5700
양배추,2018-07-25,가락도매,11000
양배추,2018-07-25,평균,11000
양배추,2018-07-25,평년,5917
양배추,2018-07-26,가락도매,12000
양배추,2018-07-26,평균,12000
양배추,2018-07-26,평년,6117
양배추,2018-07-27,가락도매,14000
양배추,2018-07-27,평균,14000
양배추,2018-07-27,평년,6200
양배추,2018-07-30,가락도매,16000
양배추,2018-07-30,평균,16000
양배추,2018-07-30,평년,6600
양배추,2018-07-31,가락도매,16000
양배추,2018-07-31,평균,16000
양배추,2018-07-31,평년,6750
양배추,2018-08-01,가락도매,16000
양배추,2018-08-01,평균,16000
양배추,2018-08-01,평년,6933
양배추,2018-08-02,가락도매,18000
양배추,2018-08-02,평균,18000
양배추,2018-08-02,평년,7133
양배추,2018-08-03,가락도매,22000
양배추,2018-08-03,평균,22000
양배추,2018-08-03,평년,7233
양배추,2018-08-06,가락도매,20000
양배추,2018-08-06,평균,20000
양배추,2018-08-06,평년,7383
양배추,2018-08-07,가락도매,22000
양배추,2018-08-07,평균,22000
양배추,2018-08-07,평년,7517
양배추,2018-08-08,가락도매,23000
양배추,2018-08-08,평균,23000
양배추,2018-08-08,평년,7633
양배추,2018-08-09,가락도매,23000
양배추,2018-08-09,평균,23000
양배추,2018-08-09,평년,7700
양배추,2018-08-10,가락도매,23000
양배추,2018-08-10,평균,23000
양배추,2018-08-10,평년,7783
양배추,2018-08-13,가락도매,20000
양배추,2018-08-13,평균,20000
양배추,2018-08-13,평년,8067
양배추,2018-08-14,가락도매,18000
양배추,2018-08-14,평균,18000
양배추,2018-08-14,평년,8267
양배추,2018-08-16,가락도매,14000
양배추,2018-08-16,평균,14000
양배추,2018-08-16,평년,8133
양배추,2018-08-17,가락도매,20000
양배추,2018-08-17,평균,20000
양배추,2018-08-17,평년,7867
양배추,2018-08-20,가락도매,15000
양배추,2018-08-20,평균,15000
양배추,2018-08-20,평년,7717
양배추,2018-08-21,가락도매,14000
양배추,2018-08-21,평균,14000
양배추,2018-08-21,평년,7600
양배추,2018-08-22,가락도매,13000
양배추,2018-08-22,평균,13000
양배추,2018-08-22,평년,7683
양배추,2018-08-23,가락도매,13000
양배추,2018-08-23,평균,13000
양배추,2018-08-23,평년,7950
양배추,2018-08-24,가락도매,16000
양배추,2018-08-24,평균,16000
양배추,2018-08-24,평년,8267
양배추,2018-08-27,가락도매,13000
양배추,2018-08-27,평균,13000
양배추,2018-08-27,평년,8933
양배추,2018-08-28,가락도매,11000
양배추,2018-08-28,평균,11000
양배추,2018-08-28,평년,8967
양배추,2018-08-29,가락도매,10000
양배추,2018-08-29,평균,10000
양배추,2018-08-29,평년,9142
양배추,2018-08-30,가락도매,9000
양배추,2018-08-30,평균,9000
양배추,2018-08-30,평년,9208
양배추,2018-08-31,가락도매,9000
양배추,2018-08-31,평균,9000
양배추,2018-08-31,평년,9567
양배추,2018-09-03,가락도매,15000
양배추,2018-09-03,평균,15000
양배추,2018-09-03,평년,9667
양배추,2018-09-04,가락도매,12000
양배추,2018-09-04,평균,12000
양배추,2018-09-04,평년,9533
양배추,2018-09-05,가락도매,12000
양배추,2018-09-05,평균,12000
양배추,2018-09-05,평년,9400
양배추,2018-09-06,가락도매,11000
양배추,2018-09-06,평균,11000
양배추,2018-09-06,평년,9267
양배추,2018-09-07,가락도매,11000
양배추,2018-09-07,평균,11000
양배추,2018-09-07,평년,8967
양배추,2018-09-10,가락도매,10000
양배추,2018-09-10,평균,10000
양배추,2018-09-10,평년,8733
양배추,2018-09-11,가락도매,10000
양배추,2018-09-11,평균,10000
양배추,2018-09-11,평년,8633
양배추,2018-09-12,가락도매,10000
양배추,2018-09-12,평균,10000
양배추,2018-09-12,평년,8825
양배추,2018-09-13,가락도매,10000
양배추,2018-09-13,평균,10000
양배추,2018-09-13,평년,8958
양배추,2018-09-14,가락도매,10000
양배추,2018-09-14,평균,10000
양배추,2018-09-14,평년,9067
양배추,2018-09-17,가락도매,10000
양배추,2018-09-17,평균,10000
양배추,2018-09-17,평년,8733
양배추,2018-09-18,가락도매,10000
양배추,2018-09-18,평균,10000
양배추,2018-09-18,평년,8800
양배추,2018-09-19,가락도매,10000
양배추,2018-09-19,평균,10000
양배추,2018-09-19,평년,8867
양배추,2018-09-20,가락도매,9000
양배추,2018-09-20,평균,9000
양배추,2018-09-20,평년,8867
양배추,2018-09-21,가락도매,9000
양배추,2018-09-21,평균,9000
양배추,2018-09-21,평년,8767
양배추,2018-09-27,가락도매,11000
양배추,2018-09-27,평균,11000
양배추,2018-09-27,평년,8233
양배추,2018-09-28,가락도매,11000
양배추,2018-09-28,평균,11000
양배추,2018-09-28,평년,8183
양배추,2018-10-01,가락도매,10000
양배추,2018-10-01,평균,10000
양배추,2018-10-01,평년,7867
양배추,2018-10-02,가락도매,10000
양배추,2018-10-02,평균,10000
양배추,2018-10-02,평년,7767
양배추,2018-10-04,가락도매,10000
양배추,2018-10-04,평균,10000
양배추,2018-10-04,평년,7742
양배추,2018-10-05,가락도매,12000
양배추,2018-10-05,평균,12000
양배추,2018-10-05,평년,7767
양배추,2018-10-08,가락도매,14000
양배추,2018-10-08,평균,14000
양배추,2018-10-08,평년,7533
양배추,2018-10-10,가락도매,11000
양배추,2018-10-10,평균,11000
양배추,2018-10-10,평년,7467
양배추,2018-10-11,가락도매,9000
양배추,2018-10-11,평균,9000
양배추,2018-10-11,평년,7333
양배추,2018-10-12,가락도매,9000
양배추,2018-10-12,평균,9000
양배추,2018-10-12,평년,7067
양배추,2018-10-15,가락도매,9000
양배추,2018-10-15,평균,9000
양배추,2018-10-15,평년,6400
양배추,2018-10-16,가락도매,12000
양배추,2018-10-16,평균,12000
양배추,2018-10-16,평년,6267
양배추,2018-10-17,가락도매,12000
양배추,2018-10-17,평균,12000
양배추,2018-10-17,평년,5967
양배추,2018-10-18,가락도매,12000
양배추,2018-10-18,평균,12000
양배추,2018-10-18,평년,5833
양배추,2018-10-19,가락도매,12000
양배추,2018-10-19,평균,12000
양배추,2018-10-19,평년,5833
양배추,2018-10-22,가락도매,12000
양배추,2018-10-22,평균,12000
양배추,2018-10-22,평년,5750
양배추,2018-10-23,가락도매,10000
양배추,2018-10-23,평균,10000
양배추,2018-10-23,평년,5733
양배추,2018-10-24,가락도매,10000
양배추,2018-10-24,평균,10000
양배추,2018-10-24,평년,5717
양배추,2018-10-25,가락도매,10000
양배추,2018-10-25,평균,10000
양배추,2018-10-25,평년,5583
양배추,2018-10-26,가락도매,9000
양배추,2018-10-26,평균,9000
양배추,2018-10-26,평년,5517
양배추,2018-10-29,가락도매,10000
양배추,2018-10-29,평균,10000
양배추,2018-10-29,평년,5300
양배추,2018-10-30,가락도매,9000
양배추,2018-10-30,평균,9000
양배추,2018-10-30,평년,5233
양배추,2018-10-31,가락도매,9000
양배추,2018-10-31,평균,9000
양배추,2018-10-31,평년,5233
양배추,2018-11-01,가락도매,9000
양배추,2018-11-01,평균,9000
양배추,2018-11-01,평년,5300
양배추,2018-11-02,가락도매,9000
양배추,2018-11-02,평균,9000
양배추,2018-11-02,평년,5467
양배추,2018-11-05,가락도매,9000
양배추,2018-11-05,평균,9000
양배추,2018-11-05,평년,5767
양배추,2018-11-06,가락도매,10000
양배추,2018-11-06,평균,10000
양배추,2018-11-06,평년,5900
양배추,2018-11-07,가락도매,9000
양배추,2018-11-07,평균,9000
양배추,2018-11-07,평년,5900
양배추,2018-11-08,가락도매,9000
양배추,2018-11-08,평균,9000
양배추,2018-11-08,평년,5900
양배추,2018-11-09,가락도매,9000
양배추,2018-11-09,평균,9000
양배추,2018-11-09,평년,5800
양배추,2018-11-12,가락도매,8000
양배추,2018-11-12,평균,8000
양배추,2018-11-12,평년,5633
양배추,2018-11-13,가락도매,8000
양배추,2018-11-13,평균,8000
양배추,2018-11-13,평년,5633
양배추,2018-11-14,가락도매,8000
양배추,2018-11-14,평균,8000
양배추,2018-11-14,평년,5633
양배추,2018-11-15,가락도매,8000
양배추,2018-11-15,평균,8000
양배추,2018-11-15,평년,5633
양배추,2018-11-16,가락도매,8000
양배추,2018-11-16,평균,8000
양배추,2018-11-16,평년,5667
양배추,2018-11-19,가락도매,7000
양배추,2018-11-19,평균,7000
양배추,2018-11-19,평년,5633
양배추,2018-11-20,가락도매,7000
양배추,2018-11-20,평균,7000
양배추,2018-11-20,평년,5633
양배추,2018-11-21,가락도매,6000
양배추,2018-11-21,평균,6000
양배추,2018-11-21,평년,5700
양배추,2018-11-22,가락도매,6000
양배추,2018-11-22,평균,6000
양배추,2018-11-22,평년,5833
양배추,2018-11-23,가락도매,6000
양배추,2018-11-23,평균,6000
양배추,2018-11-23,평년,5967
양배추,2018-11-26,가락도매,6000
양배추,2018-11-26,평균,6000
양배추,2018-11-26,평년,6050
양배추,2018-11-27,가락도매,6000
양배추,2018-11-27,평균,6000
양배추,2018-11-27,평년,6000
양배추,2018-11-28,가락도매,6000
양배추,2018-11-28,평균,6000
양배추,2018-11-28,평년,6000
양배추,2018-11-29,가락도매,6000
양배추,2018-11-29,평균,6000
양배추,2018-11-29,평년,5900
양배추,2018-11-30,가락도매,6000
양배추,2018-11-30,평균,6000
양배추,2018-11-30,평년,5817
양배추,2018-12-03,가락도매,6000
양배추,2018-12-03,평균,6000
양배추,2018-12-03,평년,5787
양배추,2018-12-04,가락도매,6000
양배추,2018-12-04,평균,6000
양배추,2018-12-04,평년,5753
양배추,2018-12-05,가락도매,6000
양배추,2018-12-05,평균,6000
양배추,2018-12-05,평년,5753
양배추,2018-12-06,가락도매,6000
양배추,2018-12-06,평균,6000
양배추,2018-12-06,평년,5783
양배추,2018-12-10,가락도매,6000
양배추,2018-12-10,평균,6000
양배추,2018-12-10,평년,5800
양배추,2018-12-11,가락도매,6000
양배추,2018-12-11,평균,6000
양배추,2018-12-11,평년,5833
양배추,2018-12-12,가락도매,6000
양배추,2018-12-12,평균,6000
양배추,2018-12-12,평년,5900
양배추,2018-12-13,가락도매,6000
양배추,2018-12-13,평균,6000
양배추,2018-12-13,평년,5967
양배추,2018-12-14,가락도매,6000
양배추,2018-12-14,평균,6000
양배추,2018-12-14,평년,6033
양배추,2018-12-17,가락도매,6000
양배추,2018-12-17,평균,6000
양배추,2018-12-17,평년,6167
양배추,2018-12-18,가락도매,6000
양배추,2018-12-18,평균,6000
양배추,2018-12-18,평년,6167
양배추,2018-12-19,가락도매,6000
양배추,2018-12-19,평균,6000
양배추,2018-12-19,평년,6167
양배추,2018-12-20,가락도매,5000
양배추,2018-12-20,평균,5000
양배추,2018-12-20,평년,6133
양배추,2018-12-21,가락도매,5000
양배추,2018-12-21,평균,5000
양배추,2018-12-21,평년,6192
양배추,2018-12-24,가락도매,5000
양배추,2018-12-24,평균,5000
양배추,2018-12-24,평년,6233
양배추,2018-12-26,가락도매,5000
양배추,2018-12-26,평균,5000
양배추,2018-12-26,평년,6233
양배추,2018-12-27,가락도매,5000
양배추,2018-12-27,평균,5000
양배추,2018-12-27,평년,6400
양배추,2018-12-28,가락도매,5000
양배추,2018-12-28,평균,5000
양배추,2018-12-28,평년,6600
양배추,2018-12-31,가락도매,5000
양배추,2018-12-31,평균,5000
양배추,2018-12-31,평년,6750
양배추,2019-01-02,가락도매,5000
양배추,2019-01-02,평균,5000
양배추,2019-01-02,평년,6588
양배추,2019-01-03,가락도매,6000
양배추,2019-01-03,평균,6000
양배추,2019-01-03,평년,6522
양배추,2019-01-04,가락도매,6000
양배추,2019-01-04,평균,6000
양배추,2019-01-04,평년,6347
양배추,2019-01-07,가락도매,6000
양배추,2019-01-07,평균,6000
양배추,2019-01-07,평년,5967
양배추,2019-01-08,가락도매,5000
양배추,2019-01-08,평균,5000
양배추,2019-01-08,평년,6047
양배추,2019-01-09,가락도매,5000
양배추,2019-01-09,평균,5000
양배추,2019-01-09,평년,6133
양배추,2019-01-10,가락도매,5000
양배추,2019-01-10,평균,5000
양배추,2019-01-10,평년,6200
양배추,2019-01-11,가락도매,5000
양배추,2019-01-11,평균,5000
양배추,2019-01-11,평년,6267
양배추,2019-01-14,가락도매,5000
양배추,2019-01-14,평균,5000
양배추,2019-01-14,평년,6383
양배추,2019-01-15,가락도매,5000
양배추,2019-01-15,평균,5000
양배추,2019-01-15,평년,6467
양배추,2019-01-16,가락도매,5000
양배추,2019-01-16,평균,5000
양배추,2019-01-16,평년,6467
양배추,2019-01-17,가락도매,5000
양배추,2019-01-17,평균,5000
양배추,2019-01-17,평년,6400
양배추,2019-01-18,가락도매,5000
양배추,2019-01-18,평균,5000
양배추,2019-01-18,평년,6400
양배추,2019-01-21,가락도매,5000
양배추,2019-01-21,평균,5000
양배추,2019-01-21,평년,6700
양배추,2019-01-22,가락도매,5000
양배추,2019-01-22,평균,5000
양배추,2019-01-22,평년,6733
양배추,2019-01-23,가락도매,5000
양배추,2019-01-23,평균,5000
양배추,2019-01-23,평년,6750
양배추,2019-01-24,가락도매,5000
양배추,2019-01-24,평균,5000
양배추,2019-01-24,평년,6750
양배추,2019-01-25,가락도매,5000
양배추,2019-01-25,평균,5000
양배추,2019-01-25,평년,6800
양배추,2019-01-28,가락도매,5000
양배추,2019-01-28,평균,5000
양배추,2019-01-28,평년,7067
양배추,2019-01-29,가락도매,5000
양배추,2019-01-29,평균,5000
양배추,2019-01-29,평년,7133
양배추,2019-01-30,가락도매,5000
양배추,2019-01-30,평균,5000
양배추,2019-01-30,평년,7258
양배추,2019-01-31,가락도매,5000
양배추,2019-01-31,평균,5000
양배추,2019-01-31,평년,7325
양배추,2019-02-01,가락도매,5000
양배추,2019-02-01,평균,5000
양배추,2019-02-01,평년,7333
양배추,2019-02-07,가락도매,5000
양배추,2019-02-07,평균,5000
양배추,2019-02-07,평년,7208
양배추,2019-02-08,가락도매,5000
양배추,2019-02-08,평균,5000
양배추,2019-02-08,평년,7208
양배추,2019-02-11,가락도매,5000
양배추,2019-02-11,평균,5000
양배추,2019-02-11,평년,7367
양배추,2019-02-12,가락도매,5000
양배추,2019-02-12,평균,5000
양배추,2019-02-12,평년,7433
양배추,2019-02-13,가락도매,5000
양배추,2019-02-13,평균,5000
양배추,2019-02-13,평년,7400
양배추,2019-02-14,가락도매,5000
양배추,2019-02-14,평균,5000
양배추,2019-02-14,평년,7367
양배추,2019-02-15,가락도매,5000
양배추,2019-02-15,평균,5000
양배추,2019-02-15,평년,7300
양배추,2019-02-18,가락도매,5000
양배추,2019-02-18,평균,5000
양배추,2019-02-18,평년,7242
양배추,2019-02-19,가락도매,5000
양배추,2019-02-19,평균,5000
양배추,2019-02-19,평년,7142
양배추,2019-02-20,가락도매,4500
양배추,2019-02-20,평균,4500
양배추,2019-02-20,평년,6958
양배추,2019-02-21,가락도매,4500
양배추,2019-02-21,평균,4500
양배추,2019-02-21,평년,6792
양배추,2019-02-22,가락도매,4500
양배추,2019-02-22,평균,4500
양배추,2019-02-22,평년,6742
양배추,2019-02-25,가락도매,4000
양배추,2019-02-25,평균,4000
양배추,2019-02-25,평년,6658
양배추,2019-02-26,가락도매,4000
양배추,2019-02-26,평균,4000
양배추,2019-02-26,평년,6667
양배추,2019-02-27,가락도매,4000
양배추,2019-02-27,평균,4000
양배추,2019-02-27,평년,6583
양배추,2019-02-28,가락도매,5000
양배추,2019-02-28,평균,5000
양배추,2019-02-28,평년,6608
양배추,2019-03-04,가락도매,6000
양배추,2019-03-04,평균,6000
양배추,2019-03-04,평년,6917
양배추,2019-03-05,가락도매,5000
양배추,2019-03-05,평균,5000
양배추,2019-03-05,평년,6933
양배추,2019-03-06,가락도매,5000
양배추,2019-03-06,평균,5000
양배추,2019-03-06,평년,6933
양배추,2019-03-07,가락도매,5000
양배추,2019-03-07,평균,5000
양배추,2019-03-07,평년,6842
양배추,2019-03-08,가락도매,5000
양배추,2019-03-08,평균,5000
양배추,2019-03-08,평년,6642
양배추,2019-03-11,가락도매,4000
양배추,2019-03-11,평균,4000
양배추,2019-03-11,평년,6467
양배추,2019-03-12,가락도매,4000
양배추,2019-03-12,평균,4000
양배추,2019-03-12,평년,6558
양배추,2019-03-13,가락도매,4000
양배추,2019-03-13,평균,4000
양배추,2019-03-13,평년,6558
양배추,2019-03-14,가락도매,5000
양배추,2019-03-14,평균,5000
양배추,2019-03-14,평년,6633
양배추,2019-03-15,가락도매,4000
양배추,2019-03-15,평균,4000
양배추,2019-03-15,평년,6667
양배추,2019-03-18,가락도매,4000
양배추,2019-03-18,평균,4000
양배추,2019-03-18,평년,6617
양배추,2019-03-19,가락도매,4000
양배추,2019-03-19,평균,4000
양배추,2019-03-19,평년,6667
양배추,2019-03-20,가락도매,4000
양배추,2019-03-20,평균,4000
양배추,2019-03-20,평년,6667
양배추,2019-03-21,가락도매,3500
양배추,2019-03-21,평균,3500
양배추,2019-03-21,평년,6683
양배추,2019-03-22,가락도매,3500
양배추,2019-03-22,평균,3500
양배추,2019-03-22,평년,6717
양배추,2019-03-25,가락도매,3500
양배추,2019-03-25,평균,3500
양배추,2019-03-25,평년,6675
양배추,2019-03-26,가락도매,3500
양배추,2019-03-26,평균,3500
양배추,2019-03-26,평년,6583
양배추,2019-03-27,가락도매,3500
양배추,2019-03-27,평균,3500
양배추,2019-03-27,평년,6417
양배추,2019-03-28,가락도매,4000
양배추,2019-03-28,평균,4000
양배추,2019-03-28,평년,6425
양배추,2019-03-29,가락도매,4000
양배추,2019-03-29,평균,4000
양배추,2019-03-29,평년,6358
양배추,2019-04-01,가락도매,4500
양배추,2019-04-01,평균,4500
양배추,2019-04-01,평년,5867
양배추,2019-04-02,가락도매,4500
양배추,2019-04-02,평균,4500
양배추,2019-04-02,평년,5900
양배추,2019-04-03,가락도매,4000
양배추,2019-04-03,평균,4000
양배추,2019-04-03,평년,5900
양배추,2019-04-04,가락도매,3500
양배추,2019-04-04,평균,3500
양배추,2019-04-04,평년,5917
양배추,2019-04-05,가락도매,3500
양배추,2019-04-05,평균,3500
양배추,2019-04-05,평년,5850
양배추,2019-04-08,가락도매,3500
양배추,2019-04-08,평균,3500
양배추,2019-04-08,평년,5600
양배추,2019-04-09,가락도매,3500
양배추,2019-04-09,평균,3500
양배추,2019-04-09,평년,5583
양배추,2019-04-10,가락도매,4000
양배추,2019-04-10,평균,4000
양배추,2019-04-10,평년,5500
양배추,2019-04-11,가락도매,4500
양배추,2019-04-11,평균,4500
양배추,2019-04-11,평년,5400
양배추,2019-04-12,가락도매,4500
양배추,2019-04-12,평균,4500
양배추,2019-04-12,평년,5433
양배추,2019-04-15,가락도매,4000
양배추,2019-04-15,평균,4000
양배추,2019-04-15,평년,5375
양배추,2019-04-16,가락도매,4000
양배추,2019-04-16,평균,4000
양배추,2019-04-16,평년,5317
양배추,2019-04-17,가락도매,4000
양배추,2019-04-17,평균,4000
양배추,2019-04-17,평년,5233
양배추,2019-04-18,가락도매,3500
양배추,2019-04-18,평균,3500
양배추,2019-04-18,평년,5083
양배추,2019-04-19,가락도매,3500
양배추,2019-04-19,평균,3500
양배추,2019-04-19,평년,4917
양배추,2019-04-22,가락도매,4500
양배추,2019-04-22,평균,4500
양배추,2019-04-22,평년,4667
양배추,2019-04-23,가락도매,5000
양배추,2019-04-23,평균,5000
양배추,2019-04-23,평년,4683
양배추,2019-04-24,가락도매,5500
양배추,2019-04-24,평균,5500
양배추,2019-04-24,평년,4700
양배추,2019-04-25,가락도매,5500
양배추,2019-04-25,평균,5500
양배추,2019-04-25,평년,4858
양배추,2019-04-26,가락도매,4500
양배추,2019-04-26,평균,4500
양배추,2019-04-26,평년,4925
양배추,2019-04-29,가락도매,4000
양배추,2019-04-29,평균,4000
양배추,2019-04-29,평년,5325
양배추,2019-04-30,가락도매,4000
양배추,2019-04-30,평균,4000
양배추,2019-04-30,평년,5425
양배추,2019-05-02,가락도매,4000
양배추,2019-05-02,평균,4000
양배추,2019-05-02,평년,5450
양배추,2019-05-03,가락도매,4000
양배추,2019-05-03,평균,4000
양배추,2019-05-03,평년,5392
양배추,2019-05-07,가락도매,4500
양배추,2019-05-07,평균,4500
양배추,2019-05-07,평년,5325
양배추,2019-05-08,가락도매,5000
양배추,2019-05-08,평균,5000
양배추,2019-05-08,평년,5267
양배추,2019-05-09,가락도매,5000
양배추,2019-05-09,평균,5000
양배추,2019-05-09,평년,5150
양배추,2019-05-10,가락도매,5000
양배추,2019-05-10,평균,5000
양배추,2019-05-10,평년,5175
양배추,2019-05-13,가락도매,5000
양배추,2019-05-13,평균,5000
양배추,2019-05-13,평년,5425
양배추,2019-05-14,가락도매,6000
양배추,2019-05-14,평균,6000
양배추,2019-05-14,평년,5533
양배추,2019-05-15,가락도매,6000
양배추,2019-05-15,평균,6000
양배추,2019-05-15,평년,5667
양배추,2019-05-16,가락도매,6000
양배추,2019-05-16,평균,6000
양배추,2019-05-16,평년,5717
양배추,2019-05-17,가락도매,6000
양배추,2019-05-17,평균,6000
양배추,2019-05-17,평년,5683
양배추,2019-05-20,가락도매,8000
양배추,2019-05-20,평균,8000
양배추,2019-05-20,평년,6433
양배추,2019-05-21,가락도매,8000
양배추,2019-05-21,평균,8000
양배추,2019-05-21,평년,6700
양배추,2019-05-22,가락도매,7000
양배추,2019-05-22,평균,7000
양배추,2019-05-22,평년,6925
양배추,2019-05-23,가락도매,7000
양배추,2019-05-23,평균,7000
양배추,2019-05-23,평년,7067
양배추,2019-05-24,가락도매,7000
양배추,2019-05-24,평균,7000
양배추,2019-05-24,평년,7200
양배추,2019-05-27,가락도매,7000
양배추,2019-05-27,평균,7000
양배추,2019-05-27,평년,7242
양배추,2019-05-28,가락도매,7000
양배추,2019-05-28,평균,7000
양배추,2019-05-28,평년,7200
양배추,2019-05-29,가락도매,7000
양배추,2019-05-29,평균,7000
양배추,2019-05-29,평년,7133
양배추,2019-05-30,가락도매,6000
양배추,2019-05-30,평균,6000
양배추,2019-05-30,평년,6800
양배추,2019-05-31,가락도매,6000
양배추,2019-05-31,평균,6000
양배추,2019-05-31,평년,6267
양배추,2019-06-03,가락도매,5000
양배추,2019-06-03,평균,5000
양배추,2019-06-03,평년,5117
양배추,2019-06-04,가락도매,5000
양배추,2019-06-04,평균,5000
양배추,2019-06-04,평년,4967
양배추,2019-06-05,가락도매,5000
양배추,2019-06-05,평균,5000
양배추,2019-06-05,평년,4950
양배추,2019-06-07,가락도매,5000
양배추,2019-06-07,평균,5000
양배추,2019-06-07,평년,4867
양배추,2019-06-10,가락도매,5000
양배추,2019-06-10,평균,5000
양배추,2019-06-10,평년,4550
양배추,2019-06-11,가락도매,5000
양배추,2019-06-11,평균,5000
양배추,2019-06-11,평년,4542
양배추,2019-06-12,가락도매,4000
양배추,2019-06-12,평균,4000
양배추,2019-06-12,평년,4458
양배추,2019-06-13,가락도매,4000
양배추,2019-06-13,평균,4000
양배추,2019-06-13,평년,4367
양배추,2019-06-14,가락도매,4000
양배추,2019-06-14,평균,4000
양배추,2019-06-14,평년,4517
양배추,2019-06-17,가락도매,5000
양배추,2019-06-17,평균,5000
양배추,2019-06-17,평년,5100
양배추,2019-06-18,가락도매,5000
양배추,2019-06-18,평균,5000
양배추,2019-06-18,평년,5217
양배추,2019-06-19,가락도매,6000
양배추,2019-06-19,평균,6000
양배추,2019-06-19,평년,5217
양배추,2019-06-20,가락도매,7000
양배추,2019-06-20,평균,7000
양배추,2019-06-20,평년,5133
양배추,2019-06-21,가락도매,7000
양배추,2019-06-21,평균,7000
양배추,2019-06-21,평년,5133
양배추,2019-06-24,가락도매,7000
양배추,2019-06-24,평균,7000
양배추,2019-06-24,평년,5133
양배추,2019-06-25,가락도매,6000
양배추,2019-06-25,평균,6000
양배추,2019-06-25,평년,5233
양배추,2019-06-26,가락도매,6000
양배추,2019-06-26,평균,6000
양배추,2019-06-26,평년,5308
양배추,2019-06-27,가락도매,7000
양배추,2019-06-27,평균,7000
양배추,2019-06-27,평년,5333
양배추,2019-06-28,가락도매,6000
양배추,2019-06-28,평균,6000
양배추,2019-06-28,평년,5267
양배추,2019-07-01,가락도매,6000
양배추,2019-07-01,평균,6000
양배추,2019-07-01,평년,5233
양배추,2019-07-02,가락도매,6000
양배추,2019-07-02,평균,6000
양배추,2019-07-02,평년,5283
양배추,2019-07-03,가락도매,5000
양배추,2019-07-03,평균,5000
양배추,2019-07-03,평년,5317
양배추,2019-07-04,가락도매,5000
양배추,2019-07-04,평균,5000
양배추,2019-07-04,평년,5433
양배추,2019-07-05,가락도매,6000
양배추,2019-07-05,평균,6000
양배추,2019-07-05,평년,5525
양배추,2019-07-08,가락도매,7000
양배추,2019-07-08,평균,7000
양배추,2019-07-08,평년,5500
양배추,2019-07-09,가락도매,7000
양배추,2019-07-09,평균,7000
양배추,2019-07-09,평년,5467
양배추,2019-07-10,가락도매,7000
양배추,2019-07-10,평균,7000
양배추,2019-07-10,평년,5433
양배추,2019-07-11,가락도매,6000
양배추,2019-07-11,평균,6000
양배추,2019-07-11,평년,5433
양배추,2019-07-12,가락도매,7000
양배추,2019-07-12,평균,7000
양배추,2019-07-12,평년,5500
양배추,2019-07-15,가락도매,6000
양배추,2019-07-15,평균,6000
양배추,2019-07-15,평년,5550
양배추,2019-07-16,가락도매,5000
양배추,2019-07-16,평균,5000
양배추,2019-07-16,평년,5667
양배추,2019-07-17,가락도매,5000
양배추,2019-07-17,평균,5000
양배추,2019-07-17,평년,5820
양배추,2019-07-18,가락도매,5000
양배추,2019-07-18,평균,5000
양배추,2019-07-18,평년,5787
양배추,2019-07-19,가락도매,5000
양배추,2019-07-19,평균,5000
양배추,2019-07-19,평년,5667
양배추,2019-07-22,가락도매,6000
양배추,2019-07-22,평균,6000
양배추,2019-07-22,평년,5967
양배추,2019-07-23,가락도매,5000
양배추,2019-07-23,평균,5000
양배추,2019-07-23,평년,5900
양배추,2019-07-24,가락도매,4000
양배추,2019-07-24,평균,4000
양배추,2019-07-24,평년,5900
양배추,2019-07-25,가락도매,4000
양배추,2019-07-25,평균,4000
양배추,2019-07-25,평년,6050
양배추,2019-07-26,가락도매,4000
양배추,2019-07-26,평균,4000
양배추,2019-07-26,평년,6250
양배추,2019-07-29,가락도매,4000
양배추,2019-07-29,평균,4000
양배추,2019-07-29,평년,6517
양배추,2019-07-30,가락도매,5000
양배추,2019-07-30,평균,5000
양배추,2019-07-30,평년,6600
양배추,2019-07-31,가락도매,6000
양배추,2019-07-31,평균,6000
양배추,2019-07-31,평년,6750
양배추,2019-08-01,가락도매,6000
양배추,2019-08-01,평균,6000
양배추,2019-08-01,평년,6933
양배추,2019-08-02,가락도매,6000
양배추,2019-08-02,평균,6000
양배추,2019-08-02,평년,7133
양배추,2019-08-05,가락도매,5000
양배추,2019-08-05,평균,5000
양배추,2019-08-05,평년,7367
양배추,2019-08-06,가락도매,5000
양배추,2019-08-06,평균,5000
양배추,2019-08-06,평년,7383
양배추,2019-08-07,가락도매,5000
양배추,2019-08-07,평균,5000
양배추,2019-08-07,평년,7517
양배추,2019-08-08,가락도매,6000
양배추,2019-08-08,평균,6000
양배추,2019-08-08,평년,7700
양배추,2019-08-09,가락도매,5000
양배추,2019-08-09,평균,5000
양배추,2019-08-09,평년,7833
양배추,2019-08-12,가락도매,5000
양배추,2019-08-12,평균,5000
양배추,2019-08-12,평년,8333
양배추,2019-08-13,가락도매,4000
양배추,2019-08-13,평균,4000
양배추,2019-08-13,평년,8333
양배추,2019-08-14,가락도매,5000
양배추,2019-08-14,평균,5000
양배추,2019-08-14,평년,8267
양배추,2019-08-16,가락도매,5000
양배추,2019-08-16,평균,5000
양배추,2019-08-16,평년,8133
양배추,2019-08-19,가락도매,4000
양배추,2019-08-19,평균,4000
양배추,2019-08-19,평년,7717
양배추,2019-08-20,가락도매,4000
양배추,2019-08-20,평균,4000
양배추,2019-08-20,평년,7717
양배추,2019-08-21,가락도매,3500
양배추,2019-08-21,평균,3500
양배추,2019-08-21,평년,7600
양배추,2019-08-22,가락도매,4000
양배추,2019-08-22,평균,4000
양배추,2019-08-22,평년,7683
양배추,2019-08-23,가락도매,4000
양배추,2019-08-23,평균,4000
양배추,2019-08-23,평년,7950
양배추,2019-08-26,가락도매,4500
양배추,2019-08-26,평균,4500
양배추,2019-08-26,평년,8833
양배추,2019-08-27,가락도매,3500
양배추,2019-08-27,평균,3500
양배추,2019-08-27,평년,8933
양배추,2019-08-28,가락도매,3500
양배추,2019-08-28,평균,3500
양배추,2019-08-28,평년,8767
양배추,2019-08-29,가락도매,3500
양배추,2019-08-29,평균,3500
양배추,2019-08-29,평년,8542
양배추,2019-08-30,가락도매,3500
양배추,2019-08-30,평균,3500
양배추,2019-08-30,평년,8808
양배추,2019-09-02,가락도매,4000
양배추,2019-09-02,평균,4000
양배추,2019-09-02,평년,9583
양배추,2019-09-03,가락도매,5000
양배추,2019-09-03,평균,5000
양배추,2019-09-03,평년,9600
양배추,2019-09-04,가락도매,4000
양배추,2019-09-04,평균,4000
양배추,2019-09-04,평년,9667
양배추,2019-09-05,가락도매,3500
양배추,2019-09-05,평균,3500
양배추,2019-09-05,평년,9667
양배추,2019-09-06,가락도매,3500
양배추,2019-09-06,평균,3500
양배추,2019-09-06,평년,9267
양배추,2019-09-09,가락도매,4000
양배추,2019-09-09,평균,4000
양배추,2019-09-09,평년,8667
양배추,2019-09-10,가락도매,3000
양배추,2019-09-10,평균,3000
양배추,2019-09-10,평년,8600
양배추,2019-09-11,가락도매,3000
양배추,2019-09-11,평균,3000
양배추,2019-09-11,평년,8500
양배추,2019-09-16,가락도매,4000
양배추,2019-09-16,평균,4000
양배추,2019-09-16,평년,8600
양배추,2019-09-17,가락도매,4000
양배추,2019-09-17,평균,4000
양배추,2019-09-17,평년,8600
양배추,2019-09-18,가락도매,4000
양배추,2019-09-18,평균,4000
양배추,2019-09-18,평년,8567
양배추,2019-09-19,가락도매,4000
양배추,2019-09-19,평균,4000
양배추,2019-09-19,평년,8567
양배추,2019-09-20,가락도매,4000
양배추,2019-09-20,평균,4000
양배추,2019-09-20,평년,8633
양배추,2019-09-23,가락도매,5000
양배추,2019-09-23,평균,5000
양배추,2019-09-23,평년,8900
양배추,2019-09-24,가락도매,5000
양배추,2019-09-24,평균,5000
양배추,2019-09-24,평년,8883
양배추,2019-09-25,가락도매,5000
양배추,2019-09-25,평균,5000
양배추,2019-09-25,평년,8883
양배추,2019-09-26,가락도매,4000
양배추,2019-09-26,평균,4000
양배추,2019-09-26,평년,9033
양배추,2019-09-27,가락도매,4000
양배추,2019-09-27,평균,4000
양배추,2019-09-27,평년,9033
양배추,2019-09-30,가락도매,4000
양배추,2019-09-30,평균,4000
양배추,2019-09-30,평년,9267
양배추,2019-10-01,가락도매,4500
양배추,2019-10-01,평균,4500
양배추,2019-10-01,평년,9000
양배추,2019-10-02,가락도매,5500
양배추,2019-10-02,평균,5500
양배추,2019-10-02,평년,8967
양배추,2019-10-04,가락도매,6000
양배추,2019-10-04,평균,6000
양배추,2019-10-04,평년,9142
양배추,2019-10-07,가락도매,7000
양배추,2019-10-07,평균,7000
양배추,2019-10-07,평년,9250
양배추,2019-10-08,가락도매,7000
양배추,2019-10-08,평균,7000
양배추,2019-10-08,평년,9067
양배추,2019-10-10,가락도매,7000
양배추,2019-10-10,평균,7000
양배추,2019-10-10,평년,9000
양배추,2019-10-11,가락도매,7000
양배추,2019-10-11,평균,7000
양배추,2019-10-11,평년,8733
양배추,2019-10-14,가락도매,7000
양배추,2019-10-14,평균,7000
양배추,2019-10-14,평년,7683
양배추,2019-10-15,가락도매,7000
양배추,2019-10-15,평균,7000
양배추,2019-10-15,평년,7800
양배추,2019-10-16,가락도매,7000
양배추,2019-10-16,평균,7000
양배추,2019-10-16,평년,7867
양배추,2019-10-17,가락도매,7000
양배추,2019-10-17,평균,7000
양배추,2019-10-17,평년,7700
양배추,2019-10-18,가락도매,7000
양배추,2019-10-18,평균,7000
양배추,2019-10-18,평년,7633
양배추,2019-10-21,가락도매,7000
양배추,2019-10-21,평균,7000
양배추,2019-10-21,평년,7417
양배추,2019-10-22,가락도매,8000
양배추,2019-10-22,평균,8000
양배추,2019-10-22,평년,7417
양배추,2019-10-23,가락도매,8000
양배추,2019-10-23,평균,8000
양배추,2019-10-23,평년,7333
양배추,2019-10-24,가락도매,7000
양배추,2019-10-24,평균,7000
양배추,2019-10-24,평년,7117
양배추,2019-10-25,가락도매,7000
양배추,2019-10-25,평균,7000
양배추,2019-10-25,평년,6917
양배추,2019-10-28,가락도매,8000
양배추,2019-10-28,평균,8000
양배추,2019-10-28,평년,6767
양배추,2019-10-29,가락도매,9000
양배추,2019-10-29,평균,9000
양배추,2019-10-29,평년,6633
양배추,2019-10-30,가락도매,10000
양배추,2019-10-30,평균,10000
양배추,2019-10-30,평년,6567
양배추,2019-10-31,가락도매,10000
양배추,2019-10-31,평균,10000
양배추,2019-10-31,평년,6567
양배추,2019-11-01,가락도매,10000
양배추,2019-11-01,평균,10000
양배추,2019-11-01,평년,6500
양배추,2019-11-04,가락도매,10000
양배추,2019-11-04,평균,10000
양배추,2019-11-04,평년,6917
양배추,2019-11-05,가락도매,10000
양배추,2019-11-05,평균,10000
양배추,2019-11-05,평년,6900
양배추,2019-11-06,가락도매,10000
양배추,2019-11-06,평균,10000
양배추,2019-11-06,평년,6967
양배추,2019-11-07,가락도매,10000
양배추,2019-11-07,평균,10000
양배추,2019-11-07,평년,7033
양배추,2019-11-08,가락도매,10000
양배추,2019-11-08,평균,10000
양배추,2019-11-08,평년,7033
양배추,2019-11-11,가락도매,11000
양배추,2019-11-11,평균,11000
양배추,2019-11-11,평년,6667
양배추,2019-11-12,가락도매,12000
양배추,2019-11-12,평균,12000
양배추,2019-11-12,평년,6633
양배추,2019-11-13,가락도매,11000
양배추,2019-11-13,평균,11000
양배추,2019-11-13,평년,6567
양배추,2019-11-14,가락도매,10000
양배추,2019-11-14,평균,10000
양배추,2019-11-14,평년,6500
양배추,2019-11-15,가락도매,10000
양배추,2019-11-15,평균,10000
양배추,2019-11-15,평년,6433
양배추,2019-11-18,가락도매,10000
양배추,2019-11-18,평균,10000
양배추,2019-11-18,평년,6333
양배추,2019-11-19,가락도매,10000
양배추,2019-11-19,평균,10000
양배추,2019-11-19,평년,6233
양배추,2019-11-20,가락도매,10000
양배추,2019-11-20,평균,10000
양배추,2019-11-20,평년,6100
양배추,2019-11-21,가락도매,10000
양배추,2019-11-21,평균,10000
양배추,2019-11-21,평년,5967
양배추,2019-11-22,가락도매,10000
양배추,2019-11-22,평균,10000
양배추,2019-11-22,평년,5967
양배추,2019-11-25,가락도매,10000
양배추,2019-11-25,평균,10000
양배추,2019-11-25,평년,6083
양배추,2019-11-26,가락도매,10000
양배추,2019-11-26,평균,10000
양배추,2019-11-26,평년,6083
양배추,2019-11-27,가락도매,9000
양배추,2019-11-27,평균,9000
양배추,2019-11-27,평년,6033
양배추,2019-11-28,가락도매,9000
양배추,2019-11-28,평균,9000
양배추,2019-11-28,평년,6033
양배추,2019-11-29,가락도매,9000
양배추,2019-11-29,평균,9000
양배추,2019-11-29,평년,5967
양배추,2019-12-02,가락도매,9000
양배추,2019-12-02,평균,9000
양배추,2019-12-02,평년,5853
양배추,2019-12-03,가락도매,10000
양배추,2019-12-03,평균,10000
양배추,2019-12-03,평년,5887
양배추,2019-12-04,가락도매,10000
양배추,2019-12-04,평균,10000
양배추,2019-12-04,평년,5920
양배추,2019-12-05,가락도매,10000
양배추,2019-12-05,평균,10000
양배추,2019-12-05,평년,5953
양배추,2019-12-09,가락도매,11000
양배추,2019-12-09,평균,11000
양배추,2019-12-09,평년,6000
양배추,2019-12-10,가락도매,11000
양배추,2019-12-10,평균,11000
양배추,2019-12-10,평년,6000
양배추,2019-12-11,가락도매,11000
양배추,2019-12-11,평균,11000
양배추,2019-12-11,평년,6000
양배추,2019-12-12,가락도매,11000
양배추,2019-12-12,평균,11000
양배추,2019-12-12,평년,6067
양배추,2019-12-13,가락도매,11000
양배추,2019-12-13,평균,11000
양배추,2019-12-13,평년,6133
양배추,2019-12-16,가락도매,12000
양배추,2019-12-16,평균,12000
양배추,2019-12-16,평년,6333
양배추,2019-12-17,가락도매,12000
양배추,2019-12-17,평균,12000
양배추,2019-12-17,평년,6333
양배추,2019-12-18,가락도매,12000
양배추,2019-12-18,평균,12000
양배추,2019-12-18,평년,6267
양배추,2019-12-19,가락도매,13000
양배추,2019-12-19,평균,13000
양배추,2019-12-19,평년,6200
양배추,2019-12-20,가락도매,13000
양배추,2019-12-20,평균,13000
양배추,2019-12-20,평년,6133
양배추,2019-12-23,가락도매,13000
양배추,2019-12-23,평균,13000
양배추,2019-12-23,평년,6167
양배추,2019-12-24,가락도매,13000
양배추,2019-12-24,평균,13000
양배추,2019-12-24,평년,6167
양배추,2019-12-26,가락도매,12000
양배추,2019-12-26,평균,12000
양배추,2019-12-26,평년,6200
양배추,2019-12-27,가락도매,13000
양배추,2019-12-27,평균,13000
양배추,2019-12-27,평년,6400
양배추,2019-12-30,가락도매,14000
양배추,2019-12-30,평균,14000
양배추,2019-12-30,평년,6750
양배추,2019-12-31,가락도매,14000
양배추,2019-12-31,평균,14000
양배추,2019-12-31,평년,6817
양배추,2020-01-02,가락도매,14000
양배추,2020-01-02,평균,14000
양배추,2020-01-02,평년,6722
양배추,2020-01-03,가락도매,14000
양배추,2020-01-03,평균,14000
양배추,2020-01-03,평년,6722
양배추,2020-01-06,가락도매,14000
양배추,2020-01-06,평균,14000
양배추,2020-01-06,평년,6217
양배추,2020-01-07,가락도매,14000
양배추,2020-01-07,평균,14000
양배추,2020-01-07,평년,6167
양배추,2020-01-08,가락도매,14000
양배추,2020-01-08,평균,14000
양배추,2020-01-08,평년,6180
양배추,2020-01-09,가락도매,14000
양배추,2020-01-09,평균,14000
양배추,2020-01-09,평년,6200
양배추,2020-01-10,가락도매,14000
양배추,2020-01-10,평균,14000
양배추,2020-01-10,평년,6200
양배추,2020-01-13,가락도매,14000
양배추,2020-01-13,평균,14000
양배추,2020-01-13,평년,6317
양배추,2020-01-14,가락도매,14000
양배추,2020-01-14,평균,14000
양배추,2020-01-14,평년,6383
양배추,2020-01-15,가락도매,14000
양배추,2020-01-15,평균,14000
양배추,2020-01-15,평년,6467
양배추,2020-01-16,가락도매,14000
양배추,2020-01-16,평균,14000
양배추,2020-01-16,평년,6467
양배추,2020-01-17,가락도매,14000
양배추,2020-01-17,평균,14000
양배추,2020-01-17,평년,6400
양배추,2020-01-20,가락도매,14000
양배추,2020-01-20,평균,14000
양배추,2020-01-20,평년,6567
양배추,2020-01-21,가락도매,14000
양배추,2020-01-21,평균,14000
양배추,2020-01-21,평년,6700
양배추,2020-01-22,가락도매,14000
양배추,2020-01-22,평균,14000
양배추,2020-01-22,평년,6733
양배추,2020-01-23,가락도매,14000
양배추,2020-01-23,평균,14000
양배추,2020-01-23,평년,6750
양배추,2020-01-28,가락도매,14000
양배추,2020-01-28,평균,14000
양배추,2020-01-28,평년,7067
양배추,2020-01-29,가락도매,13000
양배추,2020-01-29,평균,13000
양배추,2020-01-29,평년,7133
양배추,2020-01-30,가락도매,13000
양배추,2020-01-30,평균,13000
양배추,2020-01-30,평년,7258
양배추,2020-01-31,가락도매,13000
양배추,2020-01-31,평균,13000
양배추,2020-01-31,평년,7325
양배추,2020-02-03,가락도매,13000
양배추,2020-02-03,평균,13000
양배추,2020-02-03,평년,7333
양배추,2020-02-04,가락도매,12000
양배추,2020-02-04,평균,12000
양배추,2020-02-04,평년,7233
양배추,2020-02-05,가락도매,12000
양배추,2020-02-05,평균,12000
양배추,2020-02-05,평년,7200
양배추,2020-02-06,가락도매,12000
양배추,2020-02-06,평균,12000
양배추,2020-02-06,평년,7200
양배추,2020-02-07,가락도매,12000
양배추,2020-02-07,평균,12000
양배추,2020-02-07,평년,7208
양배추,2020-02-10,가락도매,13000
양배추,2020-02-10,평균,13000
양배추,2020-02-10,평년,7333
양배추,2020-02-11,가락도매,13000
양배추,2020-02-11,평균,13000
양배추,2020-02-11,평년,7367
양배추,2020-02-12,가락도매,11000
양배추,2020-02-12,평균,11000
양배추,2020-02-12,평년,7433
양배추,2020-02-13,가락도매,12000
양배추,2020-02-13,평균,12000
양배추,2020-02-13,평년,7400
양배추,2020-02-14,가락도매,12000
양배추,2020-02-14,평균,12000
양배추,2020-02-14,평년,7367
양배추,2020-02-17,가락도매,13000
양배추,2020-02-17,평균,13000
양배추,2020-02-17,평년,7267
양배추,2020-02-18,가락도매,13000
양배추,2020-02-18,평균,13000
양배추,2020-02-18,평년,7242
양배추,2020-02-19,가락도매,13000
양배추,2020-02-19,평균,13000
양배추,2020-02-19,평년,7142
양배추,2020-02-20,가락도매,13000
양배추,2020-02-20,평균,13000
양배추,2020-02-20,평년,6958
양배추,2020-02-21,가락도매,12000
양배추,2020-02-21,평균,12000
양배추,2020-02-21,평년,6792
양배추,2020-02-24,가락도매,13000
양배추,2020-02-24,평균,13000
양배추,2020-02-24,평년,6658
양배추,2020-02-25,가락도매,13000
양배추,2020-02-25,평균,13000
양배추,2020-02-25,평년,6658
양배추,2020-02-26,가락도매,12000
양배추,2020-02-26,평균,12000
양배추,2020-02-26,평년,6667
양배추,2020-02-27,가락도매,11000
양배추,2020-02-27,평균,11000
양배추,2020-02-27,평년,6583
양배추,2020-02-28,가락도매,11000
양배추,2020-02-28,평균,11000
양배추,2020-02-28,평년,6608
양배추,2020-03-02,가락도매,11000
양배추,2020-03-02,평균,11000
양배추,2020-03-02,평년,6767
양배추,2020-03-03,가락도매,12000
양배추,2020-03-03,평균,12000
양배추,2020-03-03,평년,6817
양배추,2020-03-04,가락도매,11000
양배추,2020-03-04,평균,11000
양배추,2020-03-04,평년,6917
양배추,2020-03-05,가락도매,11000
양배추,2020-03-05,평균,11000
양배추,2020-03-05,평년,6933
양배추,2020-03-06,가락도매,11000
양배추,2020-03-06,평균,11000
양배추,2020-03-06,평년,6933
양배추,2020-03-09,가락도매,10000
양배추,2020-03-09,평균,10000
양배추,2020-03-09,평년,6633
양배추,2020-03-10,가락도매,10000
양배추,2020-03-10,평균,10000
양배추,2020-03-10,평년,6533
양배추,2020-03-11,가락도매,10000
양배추,2020-03-11,평균,10000
양배추,2020-03-11,평년,6467
양배추,2020-03-12,가락도매,10000
양배추,2020-03-12,평균,10000
양배추,2020-03-12,평년,6558
양배추,2020-03-13,가락도매,10000
양배추,2020-03-13,평균,10000
양배추,2020-03-13,평년,6558
양배추,2020-03-16,가락도매,11000
양배추,2020-03-16,평균,11000
양배추,2020-03-16,평년,6633
양배추,2020-03-17,가락도매,11000
양배추,2020-03-17,평균,11000
양배추,2020-03-17,평년,6617
양배추,2020-03-18,가락도매,11000
양배추,2020-03-18,평균,11000
양배추,2020-03-18,평년,6617
양배추,2020-03-19,가락도매,11000
양배추,2020-03-19,평균,11000
양배추,2020-03-19,평년,6667
양배추,2020-03-20,가락도매,11000
양배추,2020-03-20,평균,11000
양배추,2020-03-20,평년,6667
양배추,2020-03-23,가락도매,11000
양배추,2020-03-23,평균,11000
양배추,2020-03-23,평년,6633
양배추,2020-03-24,가락도매,11000
양배추,2020-03-24,평균,11000
양배추,2020-03-24,평년,6608
양배추,2020-03-25,가락도매,11000
양배추,2020-03-25,평균,11000
양배추,2020-03-25,평년,6675
양배추,2020-03-26,가락도매,11000
양배추,2020-03-26,평균,11000
양배추,2020-03-26,평년,6583
양배추,2020-03-27,가락도매,11000
양배추,2020-03-27,평균,11000
양배추,2020-03-27,평년,6417
양배추,2020-03-30,가락도매,14000
양배추,2020-03-30,평균,14000
양배추,2020-03-30,평년,6200
양배추,2020-03-31,가락도매,14000
양배추,2020-03-31,평균,14000
양배추,2020-03-31,평년,5967
양배추,2020-04-01,가락도매,14000
양배추,2020-04-01,평균,14000
양배추,2020-04-01,평년,5867
양배추,2020-04-02,가락도매,13000
양배추,2020-04-02,평균,13000
양배추,2020-04-02,평년,5900
양배추,2020-04-03,가락도매,12500
양배추,2020-04-03,평균,12500
양배추,2020-04-03,평년,5900
양배추,2020-04-06,가락도매,13000
양배추,2020-04-06,평균,13000
양배추,2020-04-06,평년,5700
양배추,2020-04-07,가락도매,14000
양배추,2020-04-07,평균,14000
양배추,2020-04-07,평년,5617
양배추,2020-04-08,가락도매,14000
양배추,2020-04-08,평균,14000
양배추,2020-04-08,평년,5600
양배추,2020-04-09,가락도매,14000
양배추,2020-04-09,평균,14000
양배추,2020-04-09,평년,5583
양배추,2020-04-10,가락도매,14000
양배추,2020-04-10,평균,14000
양배추,2020-04-10,평년,5500
양배추,2020-04-13,가락도매,16000
양배추,2020-04-13,평균,16000
양배추,2020-04-13,평년,5433
양배추,2020-04-14,가락도매,19000
양배추,2020-04-14,평균,19000
양배추,2020-04-14,평년,5392
양배추,2020-04-16,가락도매,18000
양배추,2020-04-16,평균,18000
양배추,2020-04-16,평년,5317
양배추,2020-04-17,가락도매,16000
양배추,2020-04-17,평균,16000
양배추,2020-04-17,평년,5233
양배추,2020-04-20,가락도매,15000
양배추,2020-04-20,평균,15000
양배추,2020-04-20,평년,4875
양배추,2020-04-21,가락도매,15000
양배추,2020-04-21,평균,15000
양배추,2020-04-21,평년,4825
양배추,2020-04-22,가락도매,15000
양배추,2020-04-22,평균,15000
양배추,2020-04-22,평년,4883
양배추,2020-04-23,가락도매,15000
양배추,2020-04-23,평균,15000
양배추,2020-04-23,평년,5033
양배추,2020-04-24,가락도매,15000
양배추,2020-04-24,평균,15000
양배추,2020-04-24,평년,5100
양배추,2020-04-27,가락도매,16000
양배추,2020-04-27,평균,16000
양배추,2020-04-27,평년,4967
양배추,2020-04-28,가락도매,16000
양배추,2020-04-28,평균,16000
양배추,2020-04-28,평년,5100
양배추,2020-04-29,가락도매,16000
양배추,2020-04-29,평균,16000
양배추,2020-04-29,평년,5325
양배추,2020-05-04,가락도매,16000
양배추,2020-05-04,평균,16000
양배추,2020-05-04,평년,5267
양배추,2020-05-06,가락도매,16000
양배추,2020-05-06,평균,16000
양배추,2020-05-06,평년,5292
양배추,2020-05-07,가락도매,15000
양배추,2020-05-07,평균,15000
양배추,2020-05-07,평년,5367
양배추,2020-05-08,가락도매,12000
양배추,2020-05-08,평균,12000
양배추,2020-05-08,평년,5400
양배추,2020-05-11,가락도매,11000
양배추,2020-05-11,평균,11000
양배추,2020-05-11,평년,5617
양배추,2020-05-12,가락도매,10000
양배추,2020-05-12,평균,10000
양배추,2020-05-12,평년,5742
양배추,2020-05-13,가락도매,10000
양배추,2020-05-13,평균,10000
양배추,2020-05-13,평년,5892
양배추,2020-05-14,가락도매,8000
양배추,2020-05-14,평균,8000
양배추,2020-05-14,평년,6067
양배추,2020-05-15,가락도매,9000
양배추,2020-05-15,평균,9000
양배추,2020-05-15,평년,6267
양배추,2020-05-18,가락도매,9000
양배추,2020-05-18,평균,9000
양배추,2020-05-18,평년,6867
양배추,2020-05-19,가락도매,7000
양배추,2020-05-19,평균,7000
양배추,2020-05-19,평년,7067
양배추,2020-05-20,가락도매,7500
양배추,2020-05-20,평균,7500
양배추,2020-05-20,평년,7267
양배추,2020-05-21,가락도매,8000
양배추,2020-05-21,평균,8000
양배추,2020-05-21,평년,7600
양배추,2020-05-22,가락도매,7500
양배추,2020-05-22,평균,7500
양배추,2020-05-22,평년,7858
양배추,2020-05-25,가락도매,8000
양배추,2020-05-25,평균,8000
양배추,2020-05-25,평년,7900
양배추,2020-05-26,가락도매,7000
양배추,2020-05-26,평균,7000
양배추,2020-05-26,평년,7975
양배추,2020-05-27,가락도매,7000
양배추,2020-05-27,평균,7000
양배추,2020-05-27,평년,8075
양배추,2020-05-28,가락도매,7000
양배추,2020-05-28,평균,7000
양배추,2020-05-28,평년,7967
양배추,2020-05-29,가락도매,6000
양배추,2020-05-29,평균,6000
양배추,2020-05-29,평년,7867
양배추,2020-06-01,가락도매,7000
양배추,2020-06-01,평균,7000
양배추,2020-06-01,평년,6300
양배추,2020-06-02,가락도매,5000
양배추,2020-06-02,평균,5000
양배추,2020-06-02,평년,5867
양배추,2020-06-03,가락도매,4000
양배추,2020-06-03,평균,4000
양배추,2020-06-03,평년,5500
양배추,2020-06-04,가락도매,4000
양배추,2020-06-04,평균,4000
양배추,2020-06-04,평년,5283
양배추,2020-06-05,가락도매,4000
양배추,2020-06-05,평균,4000
양배추,2020-06-05,평년,5217
양배추,2020-06-08,가락도매,5000
양배추,2020-06-08,평균,5000
양배추,2020-06-08,평년,5100
양배추,2020-06-09,가락도매,5000
양배추,2020-06-09,평균,5000
양배추,2020-06-09,평년,4967
양배추,2020-06-10,가락도매,4000
양배추,2020-06-10,평균,4000
양배추,2020-06-10,평년,4817
양배추,2020-06-11,가락도매,6000
양배추,2020-06-11,평균,6000
양배추,2020-06-11,평년,4742
양배추,2020-06-12,가락도매,5000
양배추,2020-06-12,평균,5000
양배추,2020-06-12,평년,4558
양배추,2020-06-15,가락도매,6000
양배추,2020-06-15,평균,6000
양배추,2020-06-15,평년,4767
양배추,2020-06-16,가락도매,5000
양배추,2020-06-16,평균,5000
양배추,2020-06-16,평년,5000
양배추,2020-06-17,가락도매,5000
양배추,2020-06-17,평균,5000
양배추,2020-06-17,평년,5233
양배추,2020-06-18,가락도매,5000
양배추,2020-06-18,평균,5000
양배추,2020-06-18,평년,5517
양배추,2020-06-19,가락도매,6000
양배추,2020-06-19,평균,6000
양배추,2020-06-19,평년,5717
양배추,2020-06-22,가락도매,5330
양배추,2020-06-22,평균,5330
양배추,2020-06-22,평년,5850
양배추,2020-06-23,가락도매,5830
양배추,2020-06-23,평균,5830
양배추,2020-06-23,평년,5883
양배추,2020-06-24,가락도매,5830
양배추,2020-06-24,평균,5830
양배추,2020-06-24,평년,5833
양배추,2020-06-25,가락도매,5330
양배추,2020-06-25,평균,5330
양배추,2020-06-25,평년,5933
양배추,2020-06-26,가락도매,5330
양배추,2020-06-26,평균,5330
양배추,2020-06-26,평년,5942
양배추,2020-06-29,가락도매,5000
양배추,2020-06-29,평균,5000
양배추,2020-06-29,평년,5783
양배추,2020-06-30,가락도매,6000
양배추,2020-06-30,평균,6000
양배추,2020-06-30,평년,5817
양배추,2020-07-01,가락도매,5660
양배추,2020-07-01,평균,5660
양배추,2020-07-01,평년,5733
양배추,2020-07-02,가락도매,5000
양배추,2020-07-02,평균,5000
양배추,2020-07-02,평년,5617
양배추,2020-07-03,가락도매,5000
양배추,2020-07-03,평균,5000
양배추,2020-07-03,평년,5617
양배추,2020-07-06,가락도매,5000
양배추,2020-07-06,평균,5000
양배추,2020-07-06,평년,6017
양배추,2020-07-07,가락도매,5000
양배추,2020-07-07,평균,5000
양배추,2020-07-07,평년,5983
양배추,2020-07-08,가락도매,5000
양배추,2020-07-08,평균,5000
양배추,2020-07-08,평년,6033
양배추,2020-07-09,가락도매,4000
양배추,2020-07-09,평균,4000
양배추,2020-07-09,평년,6100
양배추,2020-07-10,가락도매,4000
양배추,2020-07-10,평균,4000
양배추,2020-07-10,평년,6167
양배추,2020-07-13,가락도매,5000
양배추,2020-07-13,평균,5000
양배추,2020-07-13,평년,6000
양배추,2020-07-14,가락도매,5000
양배추,2020-07-14,평균,5000
양배추,2020-07-14,평년,6050
양배추,2020-07-15,가락도매,5000
양배추,2020-07-15,평균,5000
양배추,2020-07-15,평년,5983
양배추,2020-07-16,가락도매,5000
양배추,2020-07-16,평균,5000
양배추,2020-07-16,평년,6033
양배추,2020-07-17,가락도매,4000
양배추,2020-07-17,평균,4000
양배추,2020-07-17,평년,6033
양배추,2020-07-20,가락도매,4500
양배추,2020-07-20,평균,4500
양배추,2020-07-20,평년,5800
양배추,2020-07-21,가락도매,5000
양배추,2020-07-21,평균,5000
양배추,2020-07-21,평년,5917
양배추,2020-07-22,가락도매,4000
양배추,2020-07-22,평균,4000
양배추,2020-07-22,평년,5967
양배추,2020-07-23,가락도매,4000
양배추,2020-07-23,평균,4000
양배추,2020-07-23,평년,5900
양배추,2020-07-24,가락도매,5000
양배추,2020-07-24,평균,5000
양배추,2020-07-24,평년,5900
양배추,2020-07-27,가락도매,7000
양배추,2020-07-27,평균,7000
양배추,2020-07-27,평년,6333
양배추,2020-07-28,가락도매,7000
양배추,2020-07-28,평균,7000
양배추,2020-07-28,평년,6400
양배추,2020-07-29,가락도매,7000
양배추,2020-07-29,평균,7000
양배추,2020-07-29,평년,6517
양배추,2020-07-30,가락도매,9000
양배추,2020-07-30,평균,9000
양배추,2020-07-30,평년,6600
양배추,2020-07-31,가락도매,8000
양배추,2020-07-31,평균,8000
양배추,2020-07-31,평년,6800
양배추,2020-08-03,가락도매,7000
양배추,2020-08-03,평균,7000
양배추,2020-08-03,평년,7233
양배추,2020-08-04,가락도매,7000
양배추,2020-08-04,평균,7000
양배추,2020-08-04,평년,7367
양배추,2020-08-05,가락도매,7000
양배추,2020-08-05,평균,7000
양배추,2020-08-05,평년,7367
양배추,2020-08-06,가락도매,8000
양배추,2020-08-06,평균,8000
양배추,2020-08-06,평년,7383
양배추,2020-08-07,가락도매,8000
양배추,2020-08-07,평균,8000
양배추,2020-08-07,평년,7517
양배추,2020-08-10,가락도매,7330
양배추,2020-08-10,평균,7330
양배추,2020-08-10,평년,8000
양배추,2020-08-11,가락도매,7330
양배추,2020-08-11,평균,7330
양배추,2020-08-11,평년,8200
양배추,2020-08-12,가락도매,7330
양배추,2020-08-12,평균,7330
양배추,2020-08-12,평년,8333
양배추,2020-08-13,가락도매,10000
양배추,2020-08-13,평균,10000
양배추,2020-08-13,평년,8333
양배추,2020-08-14,가락도매,11600
양배추,2020-08-14,평균,11600
양배추,2020-08-14,평년,8267
양배추,2020-08-18,가락도매,10000
양배추,2020-08-18,평균,10000
양배추,2020-08-18,평년,7733
양배추,2020-08-19,가락도매,9000
양배추,2020-08-19,평균,9000
양배추,2020-08-19,평년,7717
양배추,2020-08-20,가락도매,9000
양배추,2020-08-20,평균,9000
양배추,2020-08-20,평년,7717
양배추,2020-08-21,가락도매,10000
양배추,2020-08-21,평균,10000
양배추,2020-08-21,평년,7600
양배추,2020-08-24,가락도매,10000
양배추,2020-08-24,평균,10000
양배추,2020-08-24,평년,8267
양배추,2020-08-25,가락도매,10000
양배추,2020-08-25,평균,10000
양배추,2020-08-25,평년,8567
양배추,2020-08-26,가락도매,10000
양배추,2020-08-26,평균,10000
양배추,2020-08-26,평년,8833
양배추,2020-08-27,가락도매,11000
양배추,2020-08-27,평균,11000
양배추,2020-08-27,평년,8933
양배추,2020-08-28,가락도매,10000
양배추,2020-08-28,평균,10000
양배추,2020-08-28,평년,8767
양배추,2020-08-31,가락도매,10000
양배추,2020-08-31,평균,10000
양배추,2020-08-31,평년,9167
양배추,2020-09-01,가락도매,8660
양배추,2020-09-01,평균,8660
양배추,2020-09-01,평년,9483
양배추,2020-09-02,가락도매,8000
양배추,2020-09-02,평균,8000
양배추,2020-09-02,평년,9583
양배추,2020-09-03,가락도매,9000
양배추,2020-09-03,평균,9000
양배추,2020-09-03,평년,9600
양배추,2020-09-04,가락도매,16000
양배추,2020-09-04,평균,16000
양배추,2020-09-04,평년,9667
양배추,2020-09-07,가락도매,13600
양배추,2020-09-07,평균,13600
양배추,2020-09-07,평년,8900
양배추,2020-09-08,가락도매,12000
양배추,2020-09-08,평균,12000
양배추,2020-09-08,평년,8667
양배추,2020-09-09,가락도매,12000
양배추,2020-09-09,평균,12000
양배추,2020-09-09,평년,8667
양배추,2020-09-10,가락도매,12000
양배추,2020-09-10,평균,12000
양배추,2020-09-10,평년,8600
양배추,2020-09-11,가락도매,12000
양배추,2020-09-11,평균,12000
양배추,2020-09-11,평년,8500
양배추,2020-09-14,가락도매,16300
양배추,2020-09-14,평균,16300
양배추,2020-09-14,평년,8733
양배추,2020-09-15,가락도매,12000
양배추,2020-09-15,평균,12000
양배추,2020-09-15,평년,8667
양배추,2020-09-16,가락도매,12600
양배추,2020-09-16,평균,12600
양배추,2020-09-16,평년,8600
양배추,2020-09-17,가락도매,12600
양배추,2020-09-17,평균,12600
양배추,2020-09-17,평년,8600
양배추,2020-09-18,가락도매,15600
양배추,2020-09-18,평균,15600
양배추,2020-09-18,평년,8567
양배추,2020-09-21,가락도매,14000
양배추,2020-09-21,평균,14000
양배추,2020-09-21,평년,8600
양배추,2020-09-22,가락도매,14000
양배추,2020-09-22,평균,14000
양배추,2020-09-22,평년,8733
양배추,2020-09-23,가락도매,14000
양배추,2020-09-23,평균,14000
양배추,2020-09-23,평년,8900
양배추,2020-09-24,가락도매,14600
양배추,2020-09-24,평균,14600
양배추,2020-09-24,평년,8883
양배추,2020-09-25,가락도매,14000
양배추,2020-09-25,평균,14000
양배추,2020-09-25,평년,8883
양배추,2020-09-28,가락도매,16000
양배추,2020-09-28,평균,16000
양배추,2020-09-28,평년,9167
양배추,2020-09-29,가락도매,17000
양배추,2020-09-29,평균,17000
양배추,2020-09-29,평년,9267
양배추,2020-10-05,가락도매,19000
양배추,2020-10-05,평균,19000
양배추,2020-10-05,평년,9525
양배추,2020-10-06,가락도매,17000
양배추,2020-10-06,평균,17000
양배추,2020-10-06,평년,9708
양배추,2020-10-07,가락도매,20000
양배추,2020-10-07,평균,20000
양배추,2020-10-07,평년,9750
양배추,2020-10-08,가락도매,20000
양배추,2020-10-08,평균,20000
양배추,2020-10-08,평년,9667
양배추,2020-10-12,가락도매,19000
양배추,2020-10-12,평균,19000
양배추,2020-10-12,평년,9067
양배추,2020-10-13,가락도매,19000
양배추,2020-10-13,평균,19000
양배추,2020-10-13,평년,8650
양배추,2020-10-14,가락도매,19000
양배추,2020-10-14,평균,19000
양배추,2020-10-14,평년,8417
양배추,2020-10-15,가락도매,20000
양배추,2020-10-15,평균,20000
양배추,2020-10-15,평년,8567
양배추,2020-10-16,가락도매,19000
양배추,2020-10-16,평균,19000
양배추,2020-10-16,평년,8667
양배추,2020-10-19,가락도매,19000
양배추,2020-10-19,평균,19000
양배추,2020-10-19,평년,8483
양배추,2020-10-20,가락도매,18000
양배추,2020-10-20,평균,18000
양배추,2020-10-20,평년,8350
양배추,2020-10-21,가락도매,17000
양배추,2020-10-21,평균,17000
양배추,2020-10-21,평년,8383
양배추,2020-10-22,가락도매,17000
양배추,2020-10-22,평균,17000
양배추,2020-10-22,평년,8383
양배추,2020-10-23,가락도매,16300
양배추,2020-10-23,평균,16300
양배추,2020-10-23,평년,8267
양배추,2020-10-26,가락도매,15300
양배추,2020-10-26,평균,15300
양배추,2020-10-26,평년,7783
양배추,2020-10-27,가락도매,15000
양배추,2020-10-27,평균,15000
양배추,2020-10-27,평년,7750
양배추,2020-10-28,가락도매,15000
양배추,2020-10-28,평균,15000
양배추,2020-10-28,평년,7900
양배추,2020-10-29,가락도매,15000
양배추,2020-10-29,평균,15000
양배추,2020-10-29,평년,8067
양배추,2020-10-30,가락도매,15000
양배추,2020-10-30,평균,15000
양배추,2020-10-30,평년,8200
양배추,2020-11-02,가락도매,15000
양배추,2020-11-02,평균,15000
양배추,2020-11-02,평년,8533
양배추,2020-11-03,가락도매,15000
양배추,2020-11-03,평균,15000
양배추,2020-11-03,평년,8683
양배추,2020-11-04,가락도매,15000
양배추,2020-11-04,평균,15000
양배추,2020-11-04,평년,8750
양배추,2020-11-05,가락도매,15000
양배추,2020-11-05,평균,15000
양배추,2020-11-05,평년,8733
양배추,2020-11-06,가락도매,15000
양배추,2020-11-06,평균,15000
양배추,2020-11-06,평년,8800
양배추,2020-11-09,가락도매,15000
양배추,2020-11-09,평균,15000
양배추,2020-11-09,평년,8917
양배추,2020-11-10,가락도매,14000
양배추,2020-11-10,평균,14000
양배추,2020-11-10,평년,8817
양배추,2020-11-11,가락도매,14000
양배추,2020-11-11,평균,14000
양배추,2020-11-11,평년,8767
양배추,2020-11-12,가락도매,14000
양배추,2020-11-12,평균,14000
양배추,2020-11-12,평년,8733
양배추,2020-11-13,가락도매,15000
양배추,2020-11-13,평균,15000
양배추,2020-11-13,평년,8667
양배추,2020-11-16,가락도매,13000
양배추,2020-11-16,평균,13000
양배추,2020-11-16,평년,8200
양배추,2020-11-17,가락도매,14000
양배추,2020-11-17,평균,14000
양배추,2020-11-17,평년,8167
양배추,2020-11-18,가락도매,13000
양배추,2020-11-18,평균,13000
양배추,2020-11-18,평년,8167
양배추,2020-11-19,가락도매,13000
양배추,2020-11-19,평균,13000
양배추,2020-11-19,평년,8067
양배추,2020-11-20,가락도매,11300
양배추,2020-11-20,평균,11300
양배추,2020-11-20,평년,7933
양배추,2020-11-23,가락도매,9000
양배추,2020-11-23,평균,9000
양배추,2020-11-23,평년,7800
양배추,2020-11-24,가락도매,8000
양배추,2020-11-24,평균,8000
양배추,2020-11-24,평년,7867
양배추,2020-11-25,가락도매,8000
양배추,2020-11-25,평균,8000
양배추,2020-11-25,평년,7850
양배추,2020-11-26,가락도매,8000
양배추,2020-11-26,평균,8000
양배추,2020-11-26,평년,7783
양배추,2020-11-27,가락도매,6000
양배추,2020-11-27,평균,6000
양배추,2020-11-27,평년,7667
양배추,2020-11-30,가락도매,6000
양배추,2020-11-30,평균,6000
양배추,2020-11-30,평년,7483
양배추,2020-12-01,가락도매,6000
양배추,2020-12-01,평균,6000
양배추,2020-12-01,평년,7417
양배추,2020-12-02,가락도매,6000
양배추,2020-12-02,평균,6000
양배추,2020-12-02,평년,7467
양배추,2020-12-03,가락도매,6000
양배추,2020-12-03,평균,6000
양배추,2020-12-03,평년,7533
양배추,2020-12-07,가락도매,7000
양배추,2020-12-07,평균,7000
양배추,2020-12-07,평년,7833
양배추,2020-12-08,가락도매,7000
양배추,2020-12-08,평균,7000
양배추,2020-12-08,평년,7833
양배추,2020-12-09,가락도매,7000
양배추,2020-12-09,평균,7000
양배추,2020-12-09,평년,7867
양배추,2020-12-10,가락도매,6000
양배추,2020-12-10,평균,6000
양배추,2020-12-10,평년,7933
양배추,2020-12-11,가락도매,6000
양배추,2020-12-11,평균,6000
양배추,2020-12-11,평년,8000
양배추,2020-12-14,가락도매,7000
양배추,2020-12-14,평균,7000
양배추,2020-12-14,평년,8367
양배추,2020-12-15,가락도매,7660
양배추,2020-12-15,평균,7660
양배추,2020-12-15,평년,8433
양배추,2020-12-16,가락도매,9000
양배추,2020-12-16,평균,9000
양배추,2020-12-16,평년,8533
양배추,2020-12-17,가락도매,9000
양배추,2020-12-17,평균,9000
양배추,2020-12-17,평년,8667
양배추,2020-12-18,가락도매,8660
양배추,2020-12-18,평균,8660
양배추,2020-12-18,평년,8733
양배추,2020-12-21,가락도매,7000
양배추,2020-12-21,평균,7000
양배추,2020-12-21,평년,8800
양배추,2020-12-22,가락도매,7000
양배추,2020-12-22,평균,7000
양배추,2020-12-22,평년,8800
양배추,2020-12-23,가락도매,7000
양배추,2020-12-23,평균,7000
양배추,2020-12-23,평년,8767
양배추,2020-12-24,가락도매,7000
양배추,2020-12-24,평균,7000
양배추,2020-12-24,평년,8767
양배추,2020-12-28,가락도매,7000
양배추,2020-12-28,평균,7000
양배추,2020-12-28,평년,9350
양배추,2020-12-29,가락도매,8000
양배추,2020-12-29,평균,8000
양배추,2020-12-29,평년,9417
양배추,2020-12-30,가락도매,10000
양배추,2020-12-30,평균,10000
양배추,2020-12-30,평년,9550
양배추,2020-12-31,가락도매,8660
양배추,2020-12-31,평균,8660
양배추,2020-12-31,평년,9750
양배추,2021-01-04,가락도매,9660
양배추,2021-01-04,평균,9660
양배추,2021-01-04,평년,9480
양배추,2021-01-05,가락도매,12000
양배추,2021-01-05,평균,12000
양배추,2021-01-05,평년,9330
양배추,2021-01-06,가락도매,12000
양배추,2021-01-06,평균,12000
양배추,2021-01-06,평년,9183
양배추,2021-01-07,가락도매,15000
양배추,2021-01-07,평균,15000
양배추,2021-01-07,평년,9133
양배추,2021-01-08,가락도매,15000
양배추,2021-01-08,평균,15000
양배추,2021-01-08,평년,9147
양배추,2021-01-11,가락도매,13300
양배추,2021-01-11,평균,13300
양배추,2021-01-11,평년,9267
양배추,2021-01-12,가락도매,14000
양배추,2021-01-12,평균,14000
양배추,2021-01-12,평년,9300
양배추,2021-01-13,가락도매,12000
양배추,2021-01-13,평균,12000
양배추,2021-01-13,평년,9317
양배추,2021-01-14,가락도매,13000
양배추,2021-01-14,평균,13000
양배추,2021-01-14,평년,9383
양배추,2021-01-15,가락도매,12000
양배추,2021-01-15,평균,12000
양배추,2021-01-15,평년,9467
양배추,2021-01-18,가락도매,12000
양배추,2021-01-18,평균,12000
양배추,2021-01-18,평년,9067
양배추,2021-01-19,가락도매,11000
양배추,2021-01-19,평균,11000
양배추,2021-01-19,평년,9233
양배추,2021-01-20,가락도매,11000
양배추,2021-01-20,평균,11000
양배추,2021-01-20,평년,9433
양배추,2021-01-21,가락도매,10000
양배추,2021-01-21,평균,10000
양배추,2021-01-21,평년,9533
양배추,2021-01-22,가락도매,10000
양배추,2021-01-22,평균,10000
양배추,2021-01-22,평년,9567
양배추,2021-01-25,가락도매,10000
양배추,2021-01-25,평균,10000
양배추,2021-01-25,평년,9717
양배추,2021-01-26,가락도매,11000
양배추,2021-01-26,평균,11000
양배추,2021-01-26,평년,9817
양배추,2021-01-27,가락도매,11300
양배추,2021-01-27,평균,11300
양배추,2021-01-27,평년,9950
양배추,2021-01-28,가락도매,11600
양배추,2021-01-28,평균,11600
양배추,2021-01-28,평년,9933
양배추,2021-01-29,가락도매,12000
양배추,2021-01-29,평균,12000
양배추,2021-01-29,평년,9933
양배추,2021-02-01,가락도매,10000
양배추,2021-02-01,평균,10000
양배추,2021-02-01,평년,9917
양배추,2021-02-02,가락도매,9000
양배추,2021-02-02,평균,9000
양배추,2021-02-02,평년,9950
양배추,2021-02-03,가락도매,10000
양배추,2021-02-03,평균,10000
양배추,2021-02-03,평년,9867
양배추,2021-02-04,가락도매,10000
양배추,2021-02-04,평균,10000
양배추,2021-02-04,평년,9700
양배추,2021-02-05,가락도매,10000
양배추,2021-02-05,평균,10000
양배추,2021-02-05,평년,9600
양배추,2021-02-08,가락도매,10000
양배추,2021-02-08,평균,10000
양배추,2021-02-08,평년,9667
양배추,2021-02-09,가락도매,10000
양배추,2021-02-09,평균,10000
양배추,2021-02-09,평년,9667
양배추,2021-02-10,가락도매,10000
양배추,2021-02-10,평균,10000
양배추,2021-02-10,평년,9567
양배추,2021-02-15,가락도매,9000
양배추,2021-02-15,평균,9000
양배추,2021-02-15,평년,9300
양배추,2021-02-16,가락도매,10000
양배추,2021-02-16,평균,10000
양배추,2021-02-16,평년,9233
양배추,2021-02-17,가락도매,10000
양배추,2021-02-17,평균,10000
양배추,2021-02-17,평년,9167
양배추,2021-02-18,가락도매,9000
양배추,2021-02-18,평균,9000
양배추,2021-02-18,평년,9133
양배추,2021-02-19,가락도매,8000
양배추,2021-02-19,평균,8000
양배추,2021-02-19,평년,9033
양배추,2021-02-22,가락도매,7000
양배추,2021-02-22,평균,7000
양배추,2021-02-22,평년,8617
양배추,2021-02-23,가락도매,7000
양배추,2021-02-23,평균,7000
양배추,2021-02-23,평년,8550
양배추,2021-02-24,가락도매,6000
양배추,2021-02-24,평균,6000
양배추,2021-02-24,평년,8458
양배추,2021-02-25,가락도매,5000
양배추,2021-02-25,평균,5000
양배추,2021-02-25,평년,8358
양배추,2021-02-26,가락도매,6000
양배추,2021-02-26,평균,6000
양배추,2021-02-26,평년,8367
양배추,2021-03-02,가락도매,6000
양배추,2021-03-02,평균,6000
양배추,2021-03-02,평년,8400
양배추,2021-03-03,가락도매,5000
양배추,2021-03-03,평균,5000
양배추,2021-03-03,평년,8517
양배추,2021-03-04,가락도매,5000
양배추,2021-03-04,평균,5000
양배추,2021-03-04,평년,8617
양배추,2021-03-05,가락도매,5000
양배추,2021-03-05,평균,5000
양배추,2021-03-05,평년,8567
양배추,2021-03-08,가락도매,5000
양배추,2021-03-08,평균,5000
양배추,2021-03-08,평년,8100
양배추,2021-03-09,가락도매,4000
양배추,2021-03-09,평균,4000
양배추,2021-03-09,평년,8067
양배추,2021-03-10,가락도매,4000
양배추,2021-03-10,평균,4000
양배추,2021-03-10,평년,7900
양배추,2021-03-11,가락도매,4000
양배추,2021-03-11,평균,4000
양배추,2021-03-11,평년,7800
양배추,2021-03-12,가락도매,4000
양배추,2021-03-12,평균,4000
양배추,2021-03-12,평년,7958
양배추,2021-03-15,가락도매,4000
양배추,2021-03-15,평균,4000
양배추,2021-03-15,평년,8167
양배추,2021-03-16,가락도매,4000
양배추,2021-03-16,평균,4000
양배추,2021-03-16,평년,8167
양배추,2021-03-17,가락도매,4000
양배추,2021-03-17,평균,4000
양배추,2021-03-17,평년,8183
양배추,2021-03-18,가락도매,5000
양배추,2021-03-18,평균,5000
양배추,2021-03-18,평년,8250
양배추,2021-03-19,가락도매,4000
양배추,2021-03-19,평균,4000
양배추,2021-03-19,평년,8267
양배추,2021-03-22,가락도매,5000
양배추,2021-03-22,평균,5000
양배추,2021-03-22,평년,8300
양배추,2021-03-23,가락도매,8000
양배추,2021-03-23,평균,8000
양배추,2021-03-23,평년,8233
양배추,2021-03-24,가락도매,8000
양배추,2021-03-24,평균,8000
양배추,2021-03-24,평년,8108
양배추,2021-03-25,가락도매,7000
양배추,2021-03-25,평균,7000
양배추,2021-03-25,평년,7975
양배추,2021-03-26,가락도매,6000
양배추,2021-03-26,평균,6000
양배추,2021-03-26,평년,7917
양배추,2021-03-29,가락도매,6000
양배추,2021-03-29,평균,6000
양배추,2021-03-29,평년,7133
양배추,2021-03-30,가락도매,7000
양배추,2021-03-30,평균,7000
양배추,2021-03-30,평년,7167
양배추,2021-03-31,가락도매,5660
양배추,2021-03-31,평균,5660
양배추,2021-03-31,평년,7067
양배추,2021-04-01,가락도매,5000
양배추,2021-04-01,평균,5000
양배추,2021-04-01,평년,7167
양배추,2021-04-02,가락도매,5000
양배추,2021-04-02,평균,5000
양배추,2021-04-02,평년,7242
양배추,2021-04-05,가락도매,5000
양배추,2021-04-05,평균,5000
양배추,2021-04-05,평년,7367
양배추,2021-04-06,가락도매,5000
양배추,2021-04-06,평균,5000
양배추,2021-04-06,평년,7300
양배추,2021-04-07,가락도매,5000
양배추,2021-04-07,평균,5000
양배추,2021-04-07,평년,7217
양배추,2021-04-08,가락도매,4000
양배추,2021-04-08,평균,4000
양배추,2021-04-08,평년,7200
양배추,2021-04-09,가락도매,3500
양배추,2021-04-09,평균,3500
양배추,2021-04-09,평년,7150
양배추,2021-04-12,가락도매,5000
양배추,2021-04-12,평균,5000
양배추,2021-04-12,평년,7100
양배추,2021-04-13,가락도매,5000
양배추,2021-04-13,평균,5000
양배추,2021-04-13,평년,7183
양배추,2021-04-14,가락도매,5000
양배추,2021-04-14,평균,5000
양배추,2021-04-14,평년,7192
양배추,2021-04-15,가락도매,5000
양배추,2021-04-15,평균,5000
양배추,2021-04-15,평년,7242
양배추,2021-04-16,가락도매,4000
양배추,2021-04-16,평균,4000
양배추,2021-04-16,평년,7267
양배추,2021-04-19,가락도매,4000
양배추,2021-04-19,평균,4000
양배추,2021-04-19,평년,7033
양배추,2021-04-20,가락도매,4000
양배추,2021-04-20,평균,4000
양배추,2021-04-20,평년,6975
양배추,2021-04-21,가락도매,4000
양배추,2021-04-21,평균,4000
양배추,2021-04-21,평년,6958
양배추,2021-04-22,가락도매,3000
양배추,2021-04-22,평균,3000
양배추,2021-04-22,평년,7050
양배추,2021-04-23,가락도매,4000
양배추,2021-04-23,평균,4000
양배추,2021-04-23,평년,7283
양배추,2021-04-26,가락도매,5000
양배추,2021-04-26,평균,5000
양배추,2021-04-26,평년,7233
양배추,2021-04-27,가락도매,5000
양배추,2021-04-27,평균,5000
양배추,2021-04-27,평년,7200
양배추,2021-04-28,가락도매,4000
양배추,2021-04-28,평균,4000
양배추,2021-04-28,평년,7233
양배추,2021-04-29,가락도매,4000
양배추,2021-04-29,평균,4000
양배추,2021-04-29,평년,7292
양배추,2021-04-30,가락도매,5000
양배추,2021-04-30,평균,5000
양배추,2021-04-30,평년,7292
양배추,2021-05-03,가락도매,5000
양배추,2021-05-03,평균,5000
양배추,2021-05-03,평년,7075
양배추,2021-05-04,가락도매,4000
양배추,2021-05-04,평균,4000
양배추,2021-05-04,평년,6967
양배추,2021-05-06,가락도매,5000
양배추,2021-05-06,평균,5000
양배추,2021-05-06,평년,6875
양배추,2021-05-07,가락도매,4000
양배추,2021-05-07,평균,4000
양배추,2021-05-07,평년,6917
양배추,2021-05-10,가락도매,4000
양배추,2021-05-10,평균,4000
양배추,2021-05-10,평년,7100
양배추,2021-05-11,가락도매,5000
양배추,2021-05-11,평균,5000
양배추,2021-05-11,평년,7050
양배추,2021-05-12,가락도매,6000
양배추,2021-05-12,평균,6000
양배추,2021-05-12,평년,6608
양배추,2021-05-13,가락도매,6000
양배추,2021-05-13,평균,6000
양배추,2021-05-13,평년,6458
양배추,2021-05-14,가락도매,6000
양배추,2021-05-14,평균,6000
양배추,2021-05-14,평년,6400
양배추,2021-05-17,가락도매,6000
양배추,2021-05-17,평균,6000
양배추,2021-05-17,평년,6450
양배추,2021-05-18,가락도매,6000
양배추,2021-05-18,평균,6000
양배추,2021-05-18,평년,6533
양배추,2021-05-20,가락도매,6000
양배추,2021-05-20,평균,6000
양배추,2021-05-20,평년,6433
양배추,2021-05-21,가락도매,7000
양배추,2021-05-21,평균,7000
양배추,2021-05-21,평년,6500
양배추,2021-05-24,가락도매,7000
양배추,2021-05-24,평균,7000
양배추,2021-05-24,평년,6575
양배추,2021-05-25,가락도매,7000
양배추,2021-05-25,평균,7000
양배추,2021-05-25,평년,6567
양배추,2021-05-26,가락도매,6000
양배추,2021-05-26,평균,6000
양배추,2021-05-26,평년,6475
양배추,2021-05-27,가락도매,5000
양배추,2021-05-27,평균,5000
양배추,2021-05-27,평년,6375
양배추,2021-05-28,가락도매,6000
양배추,2021-05-28,평균,6000
양배추,2021-05-28,평년,6233
양배추,2021-05-31,가락도매,6000
양배추,2021-05-31,평균,6000
양배추,2021-05-31,평년,5617
양배추,2021-06-01,가락도매,5000
양배추,2021-06-01,평균,5000
양배추,2021-06-01,평년,5300
양배추,2021-06-02,가락도매,4000
양배추,2021-06-02,평균,4000
양배추,2021-06-02,평년,5067
양배추,2021-06-03,가락도매,4000
양배추,2021-06-03,평균,4000
양배추,2021-06-03,평년,4900
양배추,2021-06-04,가락도매,4000
양배추,2021-06-04,평균,4000
양배추,2021-06-04,평년,4667
양배추,2021-06-07,가락도매,4000
양배추,2021-06-07,평균,4000
양배추,2021-06-07,평년,4700
양배추,2021-06-08,가락도매,4000
양배추,2021-06-08,평균,4000
양배추,2021-06-08,평년,4733
양배추,2021-06-09,가락도매,4000
양배추,2021-06-09,평균,4000
양배추,2021-06-09,평년,4867
양배추,2021-06-10,가락도매,4000
양배추,2021-06-10,평균,4000
양배추,2021-06-10,평년,4817
양배추,2021-06-11,가락도매,4000
양배추,2021-06-11,평균,4000
양배추,2021-06-11,평년,4742
양배추,2021-06-14,가락도매,5000
양배추,2021-06-14,평균,5000
양배추,2021-06-14,평년,4567
양배추,2021-06-15,가락도매,5000
양배추,2021-06-15,평균,5000
양배추,2021-06-15,평년,4767
양배추,2021-06-16,가락도매,5000
양배추,2021-06-16,평균,5000
양배추,2021-06-16,평년,4733
양배추,2021-06-17,가락도매,5000
양배추,2021-06-17,평균,5000
양배추,2021-06-17,평년,4900
양배추,2021-06-18,가락도매,5000
양배추,2021-06-18,평균,5000
양배추,2021-06-18,평년,5022
양배추,2021-06-21,가락도매,6000
양배추,2021-06-21,평균,6000
양배추,2021-06-21,평년,5513
양배추,2021-06-22,가락도매,5000
양배추,2021-06-22,평균,5000
양배추,2021-06-22,평년,5583
양배추,2021-06-23,가락도매,5000
양배추,2021-06-23,평균,5000
양배추,2021-06-23,평년,5638
양배추,2021-06-24,가락도매,5000
양배추,2021-06-24,평균,5000
양배추,2021-06-24,평년,5543
양배추,2021-06-25,가락도매,5000
양배추,2021-06-25,평균,5000
양배추,2021-06-25,평년,5555
양배추,2021-06-28,가락도매,6000
양배추,2021-06-28,평균,6000
양배추,2021-06-28,평년,5538
양배추,2021-06-29,가락도매,5000
양배추,2021-06-29,평균,5000
양배추,2021-06-29,평년,5521
양배추,2021-06-30,가락도매,5000
양배추,2021-06-30,평균,5000
양배추,2021-06-30,평년,5533
양배추,2021-07-01,가락도매,6000
양배추,2021-07-01,평균,6000
양배추,2021-07-01,평년,5444
양배추,2021-07-02,가락도매,6000
양배추,2021-07-02,평균,6000
양배추,2021-07-02,평년,5311
양배추,2021-07-05,가락도매,7000
양배추,2021-07-05,평균,7000
양배추,2021-07-05,평년,5333
양배추,2021-07-06,가락도매,7000
양배추,2021-07-06,평균,7000
양배추,2021-07-06,평년,5417
양배추,2021-07-07,가락도매,7000
양배추,2021-07-07,평균,7000
양배추,2021-07-07,평년,5350
양배추,2021-07-08,가락도매,7330
양배추,2021-07-08,평균,7330
양배추,2021-07-08,평년,5333
양배추,2021-07-09,가락도매,7660
양배추,2021-07-09,평균,7660
양배추,2021-07-09,평년,5433
양배추,2021-07-12,가락도매,7000
양배추,2021-07-12,평균,7000
양배추,2021-07-12,평년,5433
양배추,2021-07-13,가락도매,6000
양배추,2021-07-13,평균,6000
양배추,2021-07-13,평년,5467
양배추,2021-07-14,가락도매,5000
양배추,2021-07-14,평균,5000
양배추,2021-07-14,평년,5517
양배추,2021-07-15,가락도매,5000
양배추,2021-07-15,평균,5000
양배추,2021-07-15,평년,5450
양배추,2021-07-16,가락도매,5000
양배추,2021-07-16,평균,5000
양배추,2021-07-16,평년,5433
양배추,2021-07-19,가락도매,5000
양배추,2021-07-19,평균,5000
양배추,2021-07-19,평년,5208
양배추,2021-07-20,가락도매,5000
양배추,2021-07-20,평균,5000
양배추,2021-07-20,평년,5383
양배추,2021-07-21,가락도매,5000
양배추,2021-07-21,평균,5000
양배추,2021-07-21,평년,5517
양배추,2021-07-22,가락도매,5000
양배추,2021-07-22,평균,5000
양배추,2021-07-22,평년,5500
양배추,2021-07-23,가락도매,6000
양배추,2021-07-23,평균,6000
양배추,2021-07-23,평년,5500
양배추,2021-07-26,가락도매,7000
양배추,2021-07-26,평균,7000
양배추,2021-07-26,평년,6250
양배추,2021-07-27,가락도매,7000
양배추,2021-07-27,평균,7000
양배추,2021-07-27,평년,6467
양배추,2021-07-28,가락도매,7000
양배추,2021-07-28,평균,7000
양배추,2021-07-28,평년,6867
양배추,2021-07-29,가락도매,7000
양배추,2021-07-29,평균,7000
양배추,2021-07-29,평년,7183
양배추,2021-07-30,가락도매,7660
양배추,2021-07-30,평균,7660
양배추,2021-07-30,평년,7200
양배추,2021-08-02,가락도매,8660
양배추,2021-08-02,평균,8660
양배추,2021-08-02,평년,7583
양배추,2021-08-03,가락도매,8330
양배추,2021-08-03,평균,8330
양배추,2021-08-03,평년,7633
양배추,2021-08-04,가락도매,8000
양배추,2021-08-04,평균,8000
양배추,2021-08-04,평년,7700
양배추,2021-08-05,가락도매,8660
양배추,2021-08-05,평균,8660
양배추,2021-08-05,평년,7700
양배추,2021-08-06,가락도매,9000
양배추,2021-08-06,평균,9000
양배추,2021-08-06,평년,7739
양배추,2021-08-09,가락도매,6660
양배추,2021-08-09,평균,6660
양배추,2021-08-09,평년,8222
양배추,2021-08-10,가락도매,6000
양배추,2021-08-10,평균,6000
양배추,2021-08-10,평년,8333
양배추,2021-08-11,가락도매,5000
양배추,2021-08-11,평균,5000
양배추,2021-08-11,평년,8599
양배추,2021-08-12,가락도매,5660
양배추,2021-08-12,평균,5660
양배추,2021-08-12,평년,8906
양배추,2021-08-13,가락도매,5000
양배추,2021-08-13,평균,5000
양배추,2021-08-13,평년,9084
양배추,2021-08-17,가락도매,5000
양배추,2021-08-17,평균,5000
양배추,2021-08-17,평년,8983
양배추,2021-08-18,가락도매,6660
양배추,2021-08-18,평균,6660
양배추,2021-08-18,평년,8840
양배추,2021-08-19,가락도매,6000
양배추,2021-08-19,평균,6000
양배추,2021-08-19,평년,8823
양배추,2021-08-20,가락도매,5660
양배추,2021-08-20,평균,5660
양배추,2021-08-20,평년,8783
양배추,2021-08-23,가락도매,7660
양배추,2021-08-23,평균,7660
양배추,2021-08-23,평년,9117
양배추,2021-08-24,가락도매,6000
양배추,2021-08-24,평균,6000
양배추,2021-08-24,평년,9467
양배추,2021-08-25,가락도매,5000
양배추,2021-08-25,평균,5000
양배추,2021-08-25,평년,9867
양배추,2021-08-26,가락도매,5000
양배추,2021-08-26,평균,5000
양배추,2021-08-26,평년,10167
양배추,2021-08-27,가락도매,4660
양배추,2021-08-27,평균,4660
양배추,2021-08-27,평년,10233
양배추,2021-08-30,가락도매,5000
양배추,2021-08-30,평균,5000
양배추,2021-08-30,평년,9905
양배추,2021-08-31,가락도매,4000
양배추,2021-08-31,평균,4000
양배추,2021-08-31,평년,10044
양배추,2021-09-01,가락도매,5000
양배추,2021-09-01,평균,5000
양배추,2021-09-01,평년,10127
양배추,2021-09-02,가락도매,4000
양배추,2021-09-02,평균,4000
양배추,2021-09-02,평년,10594
양배추,2021-09-03,가락도매,5000
양배추,2021-09-03,평균,5000
양배추,2021-09-03,평년,10817
양배추,2021-09-06,가락도매,7330
양배추,2021-09-06,평균,7330
양배추,2021-09-06,평년,11150
양배추,2021-09-07,가락도매,6660
양배추,2021-09-07,평균,6660
양배추,2021-09-07,평년,10840
양배추,2021-09-08,가락도매,5000
양배추,2021-09-08,평균,5000
양배추,2021-09-08,평년,10700
양배추,2021-09-09,가락도매,5000
양배추,2021-09-09,평균,5000
양배추,2021-09-09,평년,10717
양배추,2021-09-10,가락도매,4660
양배추,2021-09-10,평균,4660
양배추,2021-09-10,평년,10717
양배추,2021-09-13,가락도매,6660
양배추,2021-09-13,평균,6660
양배추,2021-09-13,평년,11000
양배추,2021-09-14,가락도매,5000
양배추,2021-09-14,평균,5000
양배추,2021-09-14,평년,11160
양배추,2021-09-15,가락도매,4330
양배추,2021-09-15,평균,4330
양배추,2021-09-15,평년,11200
양배추,2021-09-16,가락도매,4660
양배추,2021-09-16,평균,4660
양배추,2021-09-16,평년,11250
양배추,2021-09-17,가락도매,5000
양배추,2021-09-17,평균,5000
양배추,2021-09-17,평년,11250
양배추,2021-09-23,가락도매,5000
양배추,2021-09-23,평균,5000
양배추,2021-09-23,평년,11133
양배추,2021-09-24,가락도매,5000
양배추,2021-09-24,평균,5000
양배추,2021-09-24,평년,11083
양배추,2021-09-27,가락도매,5000
양배추,2021-09-27,평균,5000
양배추,2021-09-27,평년,11267
양배추,2021-09-28,가락도매,4000
양배추,2021-09-28,평균,4000
양배추,2021-09-28,평년,11333
양배추,2021-09-29,가락도매,4000
양배추,2021-09-29,평균,4000
양배추,2021-09-29,평년,11367
양배추,2021-09-30,가락도매,3660
양배추,2021-09-30,평균,3660
양배추,2021-09-30,평년,11350
양배추,2021-10-01,가락도매,4330
양배추,2021-10-01,평균,4330
양배추,2021-10-01,평년,11217
양배추,2021-10-05,가락도매,4000
양배추,2021-10-05,평균,4000
양배추,2021-10-05,평년,11650
양배추,2021-10-06,가락도매,4000
양배추,2021-10-06,평균,4000
양배추,2021-10-06,평년,11833
양배추,2021-10-07,가락도매,4660
양배추,2021-10-07,평균,4660
양배추,2021-10-07,평년,11833
양배추,2021-10-08,가락도매,5000
양배추,2021-10-08,평균,5000
양배추,2021-10-08,평년,11650
양배추,2021-10-12,가락도매,4000
양배추,2021-10-12,평균,4000
양배추,2021-10-12,평년,10400
양배추,2021-10-13,가락도매,5000
양배추,2021-10-13,평균,5000
양배추,2021-10-13,평년,10050
양배추,2021-10-14,가락도매,5000
양배추,2021-10-14,평균,5000
양배추,2021-10-14,평년,9817
양배추,2021-10-15,가락도매,5000
양배추,2021-10-15,평균,5000
양배추,2021-10-15,평년,9983
양배추,2021-10-18,가락도매,5000
양배추,2021-10-18,평균,5000
양배추,2021-10-18,평년,10200
양배추,2021-10-19,가락도매,4330
양배추,2021-10-19,평균,4330
양배추,2021-10-19,평년,10017
양배추,2021-10-20,가락도매,4000
양배추,2021-10-20,평균,4000
양배추,2021-10-20,평년,9917
양배추,2021-10-21,가락도매,4000
양배추,2021-10-21,평균,4000
양배추,2021-10-21,평년,9967
양배추,2021-10-22,가락도매,7000
양배추,2021-10-22,평균,7000
양배추,2021-10-22,평년,9867
양배추,2021-10-25,가락도매,7000
양배추,2021-10-25,평균,7000
양배추,2021-10-25,평년,9600
양배추,2021-10-26,가락도매,7000
양배추,2021-10-26,평균,7000
양배추,2021-10-26,평년,9583
양배추,2021-10-27,가락도매,5660
양배추,2021-10-27,평균,5660
양배추,2021-10-27,평년,9550
양배추,2021-10-28,가락도매,6000
양배추,2021-10-28,평균,6000
양배추,2021-10-28,평년,9700
양배추,2021-10-29,가락도매,6000
양배추,2021-10-29,평균,6000
양배추,2021-10-29,평년,9900
양배추,2021-11-01,가락도매,8000
양배추,2021-11-01,평균,8000
양배추,2021-11-01,평년,10067
양배추,2021-11-02,가락도매,6000
양배추,2021-11-02,평균,6000
양배추,2021-11-02,평년,10067
양배추,2021-11-03,가락도매,5660
양배추,2021-11-03,평균,5660
양배추,2021-11-03,평년,10150
양배추,2021-11-04,가락도매,6660
양배추,2021-11-04,평균,6660
양배추,2021-11-04,평년,10283
양배추,2021-11-05,가락도매,7660
양배추,2021-11-05,평균,7660
양배추,2021-11-05,평년,10317
양배추,2021-11-08,가락도매,5660
양배추,2021-11-08,평균,5660
양배추,2021-11-08,평년,10667
양배추,2021-11-09,가락도매,7000
양배추,2021-11-09,평균,7000
양배추,2021-11-09,평년,10717
양배추,2021-11-10,가락도매,7000
양배추,2021-11-10,평균,7000
양배추,2021-11-10,평년,10817
양배추,2021-11-11,가락도매,7000
양배추,2021-11-11,평균,7000
양배추,2021-11-11,평년,10967
양배추,2021-11-12,가락도매,7330
양배추,2021-11-12,평균,7330
양배추,2021-11-12,평년,10983
양배추,2021-11-15,가락도매,7000
양배추,2021-11-15,평균,7000
양배추,2021-11-15,평년,10667
양배추,2021-11-16,가락도매,7000
양배추,2021-11-16,평균,7000
양배추,2021-11-16,평년,10467
양배추,2021-11-17,가락도매,6000
양배추,2021-11-17,평균,6000
양배추,2021-11-17,평년,10367
양배추,2021-11-18,가락도매,6330
양배추,2021-11-18,평균,6330
양배추,2021-11-18,평년,10120
양배추,2021-11-19,가락도매,6000
양배추,2021-11-19,평균,6000
양배추,2021-11-19,평년,9753
양배추,2021-11-22,가락도매,7000
양배추,2021-11-22,평균,7000
양배추,2021-11-22,평년,9175
양배추,2021-11-23,가락도매,6000
양배추,2021-11-23,평균,6000
양배추,2021-11-23,평년,9087
양배추,2021-11-24,가락도매,6000
양배추,2021-11-24,평균,6000
양배추,2021-11-24,평년,8820
양배추,2021-11-25,가락도매,5660
양배추,2021-11-25,평균,5660
양배추,2021-11-25,평년,8450
양배추,2021-11-26,가락도매,6000
양배추,2021-11-26,평균,6000
양배추,2021-11-26,평년,8183
양배추,2021-11-29,가락도매,5660
양배추,2021-11-29,평균,5660
양배추,2021-11-29,평년,7700
양배추,2021-11-30,가락도매,5330
양배추,2021-11-30,평균,5330
양배추,2021-11-30,평년,7617
양배추,2021-12-01,가락도매,5000
양배추,2021-12-01,평균,5000
양배추,2021-12-01,평년,7417
양배추,2021-12-02,가락도매,5330
양배추,2021-12-02,평균,5330
양배추,2021-12-02,평년,7533
양배추,2021-12-06,가락도매,4330
양배추,2021-12-06,평균,4330
양배추,2021-12-06,평년,8000
양배추,2021-12-07,가락도매,5660
양배추,2021-12-07,평균,5660
양배추,2021-12-07,평년,8033
양배추,2021-12-08,가락도매,5000
양배추,2021-12-08,평균,5000
양배추,2021-12-08,평년,8033
양배추,2021-12-09,가락도매,5660
양배추,2021-12-09,평균,5660
양배추,2021-12-09,평년,8067
양배추,2021-12-10,가락도매,5000
양배추,2021-12-10,평균,5000
양배추,2021-12-10,평년,8133
양배추,2021-12-13,가락도매,6000
양배추,2021-12-13,평균,6000
양배추,2021-12-13,평년,8488
양배추,2021-12-14,가락도매,5000
양배추,2021-12-14,평균,5000
양배추,2021-12-14,평년,8744
양배추,2021-12-15,가락도매,4660
양배추,2021-12-15,평균,4660
양배추,2021-12-15,평년,9011
양배추,2021-12-16,가락도매,5000
양배추,2021-12-16,평균,5000
양배추,2021-12-16,평년,9288
양배추,2021-12-17,가락도매,4330
양배추,2021-12-17,평균,4330
양배추,2021-12-17,평년,9421
양배추,2021-12-20,가락도매,5000
양배추,2021-12-20,평균,5000
양배추,2021-12-20,평년,9572
양배추,2021-12-21,가락도매,5000
양배추,2021-12-21,평균,5000
양배추,2021-12-21,평년,9644
양배추,2021-12-22,가락도매,5000
양배추,2021-12-22,평균,5000
양배추,2021-12-22,평년,9577
양배추,2021-12-23,가락도매,5000
양배추,2021-12-23,평균,5000
양배추,2021-12-23,평년,9433
양배추,2021-12-24,가락도매,5000
양배추,2021-12-24,평균,5000
양배추,2021-12-24,평년,9500
양배추,2021-12-27,가락도매,7000
양배추,2021-12-27,평균,7000
양배추,2021-12-27,평년,9883
양배추,2021-12-28,가락도매,7000
양배추,2021-12-28,평균,7000
양배추,2021-12-28,평년,10283
양배추,2021-12-29,가락도매,7000
양배추,2021-12-29,평균,7000
양배추,2021-12-29,평년,10461
양배추,2021-12-30,가락도매,6330
양배추,2021-12-30,평균,6330
양배추,2021-12-30,평년,10771
양배추,2021-12-31,가락도매,6000
양배추,2021-12-31,평균,6000
양배추,2021-12-31,평년,11238
양배추,2022-01-03,가락도매,6000
양배추,2022-01-03,평균,6000
양배추,2022-01-03,평년,11173
양배추,2022-01-04,가락도매,5000
양배추,2022-01-04,평균,5000
양배추,2022-01-04,평년,11101
양배추,2022-01-05,가락도매,6330
양배추,2022-01-05,평균,6330
양배추,2022-01-05,평년,11235
양배추,2022-01-06,가락도매,6000
양배추,2022-01-06,평균,6000
양배추,2022-01-06,평년,11511
양배추,2022-01-07,가락도매,5660
양배추,2022-01-07,평균,5660
양배추,2022-01-07,평년,11753
양배추,2022-01-10,가락도매,5000
양배추,2022-01-10,평균,5000
양배추,2022-01-10,평년,12308
양배추,2022-01-11,가락도매,5000
양배추,2022-01-11,평균,5000
양배추,2022-01-11,평년,12220
양배추,2022-01-12,가락도매,5000
양배추,2022-01-12,평균,5000
양배추,2022-01-12,평년,12087
양배추,2022-01-13,가락도매,5000
양배추,2022-01-13,평균,5000
양배추,2022-01-13,평년,11870
양배추,2022-01-14,가락도매,6000
양배추,2022-01-14,평균,6000
양배추,2022-01-14,평년,11783
양배추,2022-01-17,가락도매,5000
양배추,2022-01-17,평균,5000
양배추,2022-01-17,평년,11133
양배추,2022-01-18,가락도매,5660
양배추,2022-01-18,평균,5660
양배추,2022-01-18,평년,10933
양배추,2022-01-19,가락도매,5660
양배추,2022-01-19,평균,5660
양배추,2022-01-19,평년,10800
양배추,2022-01-20,가락도매,7000
양배추,2022-01-20,평균,7000
양배추,2022-01-20,평년,10800
양배추,2022-01-21,가락도매,6000
양배추,2022-01-21,평균,6000
양배추,2022-01-21,평년,10633
양배추,2022-01-24,가락도매,7660
양배추,2022-01-24,평균,7660
양배추,2022-01-24,평년,10667
양배추,2022-01-25,가락도매,7000
양배추,2022-01-25,평균,7000
양배추,2022-01-25,평년,10803
양배추,2022-01-26,가락도매,8000
양배추,2022-01-26,평균,8000
양배추,2022-01-26,평년,10977
양배추,2022-01-27,가락도매,7000
양배추,2022-01-27,평균,7000
양배추,2022-01-27,평년,11143
양배추,2022-01-28,가락도매,8000
양배추,2022-01-28,평균,8000
양배추,2022-01-28,평년,11093
양배추,2022-02-03,가락도매,8000
양배추,2022-02-03,평균,8000
양배추,2022-02-03,평년,10467
양배추,2022-02-04,가락도매,7000
양배추,2022-02-04,평균,7000
양배추,2022-02-04,평년,10400
양배추,2022-02-07,가락도매,7000
양배추,2022-02-07,평균,7000
양배추,2022-02-07,평년,10467
양배추,2022-02-08,가락도매,6330
양배추,2022-02-08,평균,6330
양배추,2022-02-08,평년,10500
양배추,2022-02-09,가락도매,5660
양배추,2022-02-09,평균,5660
양배추,2022-02-09,평년,10433
양배추,2022-02-10,가락도매,6000
양배추,2022-02-10,평균,6000
양배추,2022-02-10,평년,10333
양배추,2022-02-11,가락도매,6660
양배추,2022-02-11,평균,6660
양배추,2022-02-11,평년,10317
양배추,2022-02-14,가락도매,8330
양배추,2022-02-14,평균,8330
양배추,2022-02-14,평년,10183
양배추,2022-02-15,가락도매,7000
양배추,2022-02-15,평균,7000
양배추,2022-02-15,평년,10267
양배추,2022-02-16,가락도매,6000
양배추,2022-02-16,평균,6000
양배추,2022-02-16,평년,10200
양배추,2022-02-17,가락도매,7000
양배추,2022-02-17,평균,7000
양배추,2022-02-17,평년,10100
양배추,2022-02-18,가락도매,6000
양배추,2022-02-18,평균,6000
양배추,2022-02-18,평년,10033
양배추,2022-02-21,가락도매,6660
양배추,2022-02-21,평균,6660
양배추,2022-02-21,평년,9350
양배추,2022-02-22,가락도매,6000
양배추,2022-02-22,평균,6000
양배추,2022-02-22,평년,9150
양배추,2022-02-23,가락도매,7660
양배추,2022-02-23,평균,7660
양배추,2022-02-23,평년,8817
양배추,2022-02-24,가락도매,7000
양배추,2022-02-24,평균,7000
양배추,2022-02-24,평년,8558
양배추,2022-02-25,가락도매,8000
양배추,2022-02-25,평균,8000
양배추,2022-02-25,평년,8358
양배추,2022-02-28,가락도매,9000
양배추,2022-02-28,평균,9000
양배추,2022-02-28,평년,8033
양배추,2022-03-02,가락도매,9660
양배추,2022-03-02,평균,9660
양배추,2022-03-02,평년,7933
양배추,2022-03-03,가락도매,9660
양배추,2022-03-03,평균,9660
양배추,2022-03-03,평년,7950
양배추,2022-03-04,가락도매,10000
양배추,2022-03-04,평균,10000
양배추,2022-03-04,평년,7883
양배추,2022-03-07,가락도매,10000
양배추,2022-03-07,평균,10000
양배추,2022-03-07,평년,7433
양배추,2022-03-08,가락도매,10000
양배추,2022-03-08,평균,10000
양배추,2022-03-08,평년,7233
양배추,2022-03-10,가락도매,8000
양배추,2022-03-10,평균,8000
양배추,2022-03-10,평년,7067
양배추,2022-03-11,가락도매,9000
양배추,2022-03-11,평균,9000
양배추,2022-03-11,평년,6967
양배추,2022-03-14,가락도매,9330
양배추,2022-03-14,평균,9330
양배추,2022-03-14,평년,7233
양배추,2022-03-15,가락도매,9000
양배추,2022-03-15,평균,9000
양배추,2022-03-15,평년,7267
양배추,2022-03-16,가락도매,10000
양배추,2022-03-16,평균,10000
양배추,2022-03-16,평년,7283
양배추,2022-03-17,가락도매,9000
양배추,2022-03-17,평균,9000
양배추,2022-03-17,평년,7267
양배추,2022-03-18,가락도매,9000
양배추,2022-03-18,평균,9000
양배추,2022-03-18,평년,7383
양배추,2022-03-21,가락도매,8000
양배추,2022-03-21,평균,8000
양배추,2022-03-21,평년,7700
양배추,2022-03-22,가락도매,8330
양배추,2022-03-22,평균,8330
양배추,2022-03-22,평년,7833
양배추,2022-03-23,가락도매,8000
양배추,2022-03-23,평균,8000
양배추,2022-03-23,평년,7900
양배추,2022-03-24,가락도매,7660
양배추,2022-03-24,평균,7660
양배추,2022-03-24,평년,7842
양배추,2022-03-25,가락도매,9000
양배추,2022-03-25,평균,9000
양배추,2022-03-25,평년,7708
양배추,2022-03-28,가락도매,9000
양배추,2022-03-28,평균,9000
양배추,2022-03-28,평년,6900
양배추,2022-03-29,가락도매,10000
양배추,2022-03-29,평균,10000
양배추,2022-03-29,평년,6511
양배추,2022-03-30,가락도매,9000
양배추,2022-03-30,평균,9000
양배추,2022-03-30,평년,6277
양배추,2022-03-31,가락도매,9000
양배추,2022-03-31,평균,9000
양배추,2022-03-31,평년,6011
양배추,2022-04-01,가락도매,7660
양배추,2022-04-01,평균,7660
양배추,2022-04-01,평년,5844
양배추,2022-04-04,가락도매,9000
양배추,2022-04-04,평균,9000
양배추,2022-04-04,평년,5667
양배추,2022-04-05,가락도매,10000
양배추,2022-04-05,평균,10000
양배추,2022-04-05,평년,5600
양배추,2022-04-06,가락도매,10000
양배추,2022-04-06,평균,10000
양배추,2022-04-06,평년,5400
양배추,2022-04-07,가락도매,10000
양배추,2022-04-07,평균,10000
양배추,2022-04-07,평년,5183
양배추,2022-04-08,가락도매,10000
양배추,2022-04-08,평균,10000
양배추,2022-04-08,평년,5167
양배추,2022-04-11,가락도매,10000
양배추,2022-04-11,평균,10000
양배추,2022-04-11,평년,4858
양배추,2022-04-12,가락도매,12000
양배추,2022-04-12,평균,12000
양배추,2022-04-12,평년,4933
양배추,2022-04-13,가락도매,12000
양배추,2022-04-13,평균,12000
양배추,2022-04-13,평년,5000
양배추,2022-04-14,가락도매,12000
양배추,2022-04-14,평균,12000
양배추,2022-04-14,평년,4992
양배추,2022-04-15,가락도매,10600
양배추,2022-04-15,평균,10600
양배추,2022-04-15,평년,4908
양배추,2022-04-18,가락도매,11000
양배추,2022-04-18,평균,11000
양배추,2022-04-18,평년,4583
양배추,2022-04-19,가락도매,11000
양배추,2022-04-19,평균,11000
양배추,2022-04-19,평년,4433
양배추,2022-04-20,가락도매,10300
양배추,2022-04-20,평균,10300
양배추,2022-04-20,평년,4242
양배추,2022-04-21,가락도매,9330
양배추,2022-04-21,평균,9330
양배추,2022-04-21,평년,4225
양배추,2022-04-22,가락도매,9660
양배추,2022-04-22,평균,9660
양배추,2022-04-22,평년,4383
양배추,2022-04-25,가락도매,11000
양배추,2022-04-25,평균,11000
양배추,2022-04-25,평년,4717
양배추,2022-04-26,가락도매,11000
양배추,2022-04-26,평균,11000
양배추,2022-04-26,평년,4700
양배추,2022-04-27,가락도매,11000
양배추,2022-04-27,평균,11000
양배추,2022-04-27,평년,4700
양배추,2022-04-28,가락도매,12600
양배추,2022-04-28,평균,12600
양배추,2022-04-28,평년,4767
양배추,2022-04-29,가락도매,15000
양배추,2022-04-29,평균,15000
양배추,2022-04-29,평년,4825
양배추,2022-05-02,가락도매,15000
양배추,2022-05-02,평균,15000
양배추,2022-05-02,평년,4700
양배추,2022-05-03,가락도매,14300
양배추,2022-05-03,평균,14300
양배추,2022-05-03,평년,4675
양배추,2022-05-04,가락도매,11600
양배추,2022-05-04,평균,11600
양배추,2022-05-04,평년,4567
양배추,2022-05-06,가락도매,13000
양배추,2022-05-06,평균,13000
양배추,2022-05-06,평년,4425
양배추,2022-05-09,가락도매,14000
양배추,2022-05-09,평균,14000
양배추,2022-05-09,평년,4533
양배추,2022-05-10,가락도매,12600
양배추,2022-05-10,평균,12600
양배추,2022-05-10,평년,4767
양배추,2022-05-11,가락도매,12000
양배추,2022-05-11,평균,12000
양배추,2022-05-11,평년,4850
양배추,2022-05-12,가락도매,12600
양배추,2022-05-12,평균,12600
양배추,2022-05-12,평년,5008
양배추,2022-05-13,가락도매,12300
양배추,2022-05-13,평균,12300
양배추,2022-05-13,평년,5192
양배추,2022-05-16,가락도매,12600
양배추,2022-05-16,평균,12600
양배추,2022-05-16,평년,5600
양배추,2022-05-17,가락도매,14000
양배추,2022-05-17,평균,14000
양배추,2022-05-17,평년,5700
양배추,2022-05-18,가락도매,14300
양배추,2022-05-18,평균,14300
양배추,2022-05-18,평년,5900
양배추,2022-05-19,가락도매,14000
양배추,2022-05-19,평균,14000
양배추,2022-05-19,평년,5917
양배추,2022-05-20,가락도매,13000
양배추,2022-05-20,평균,13000
양배추,2022-05-20,평년,5967
양배추,2022-05-23,가락도매,13000
양배추,2022-05-23,평균,13000
양배추,2022-05-23,평년,6283
양배추,2022-05-24,가락도매,12000
양배추,2022-05-24,평균,12000
양배추,2022-05-24,평년,6233
양배추,2022-05-25,가락도매,10300
양배추,2022-05-25,평균,10300
양배추,2022-05-25,평년,6200
양배추,2022-05-26,가락도매,8660
양배추,2022-05-26,평균,8660
양배추,2022-05-26,평년,6108
양배추,2022-05-27,가락도매,9000
양배추,2022-05-27,평균,9000
양배추,2022-05-27,평년,6042
양배추,2022-05-30,가락도매,7660
양배추,2022-05-30,평균,7660
양배추,2022-05-30,평년,5567
양배추,2022-05-31,가락도매,4660
양배추,2022-05-31,평균,4660
양배추,2022-05-31,평년,5267
양배추,2022-06-02,가락도매,5000
양배추,2022-06-02,평균,5000
양배추,2022-06-02,평년,4767
양배추,2022-06-03,가락도매,5000
양배추,2022-06-03,평균,5000
양배추,2022-06-03,평년,4517
양배추,2022-06-07,가락도매,5000
양배추,2022-06-07,평균,5000
양배추,2022-06-07,평년,4367
양배추,2022-06-08,가락도매,5660
양배추,2022-06-08,평균,5660
양배추,2022-06-08,평년,4400
양배추,2022-06-09,가락도매,6330
양배추,2022-06-09,평균,6330
양배추,2022-06-09,평년,4533
양배추,2022-06-10,가락도매,5660
양배추,2022-06-10,평균,5660
양배추,2022-06-10,평년,4583
양배추,2022-06-13,가락도매,6000
양배추,2022-06-13,평균,6000
양배추,2022-06-13,평년,4300
양배추,2022-06-14,가락도매,6000
양배추,2022-06-14,평균,6000
양배추,2022-06-14,평년,4400
양배추,2022-06-15,가락도매,6000
양배추,2022-06-15,평균,6000
양배추,2022-06-15,평년,4567
양배추,2022-06-16,가락도매,6000
양배추,2022-06-16,평균,6000
양배추,2022-06-16,평년,4667
양배추,2022-06-17,가락도매,6000
양배추,2022-06-17,평균,6000
양배추,2022-06-17,평년,4833
양배추,2022-06-20,가락도매,6330
양배추,2022-06-20,평균,6330
양배추,2022-06-20,평년,5063
양배추,2022-06-21,가락도매,7000
양배추,2022-06-21,평균,7000
양배추,2022-06-21,평년,5047
양배추,2022-06-22,가락도매,7000
양배추,2022-06-22,평균,7000
양배추,2022-06-22,평년,5066
양배추,2022-06-23,가락도매,7000
양배추,2022-06-23,평균,7000
양배추,2022-06-23,평년,5121
양배추,2022-06-24,가락도매,6660
양배추,2022-06-24,평균,6660
양배추,2022-06-24,평년,5077
양배추,2022-06-27,가락도매,8000
양배추,2022-06-27,평균,8000
양배추,2022-06-27,평년,5222
양배추,2022-06-28,가락도매,7000
양배추,2022-06-28,평균,7000
양배추,2022-06-28,평년,5205
양배추,2022-06-29,가락도매,7000
양배추,2022-06-29,평균,7000
양배추,2022-06-29,평년,5288
양배추,2022-06-30,가락도매,9000
양배추,2022-06-30,평균,9000
양배추,2022-06-30,평년,5333
양배추,2022-07-01,가락도매,8330
양배추,2022-07-01,평균,8330
양배추,2022-07-01,평년,5377
양배추,2022-07-04,가락도매,9000
양배추,2022-07-04,평균,9000
양배추,2022-07-04,평년,5267
양배추,2022-07-05,가락도매,8330
양배추,2022-07-05,평균,8330
양배추,2022-07-05,평년,5333
양배추,2022-07-06,가락도매,8660
양배추,2022-07-06,평균,8660
양배추,2022-07-06,평년,5417
양배추,2022-07-07,가락도매,8660
양배추,2022-07-07,평균,8660
양배추,2022-07-07,평년,5350
양배추,2022-07-08,가락도매,8000
양배추,2022-07-08,평균,8000
양배추,2022-07-08,평년,5333
양배추,2022-07-11,가락도매,12600
양배추,2022-07-11,평균,12600
양배추,2022-07-11,평년,5500
양배추,2022-07-12,가락도매,13000
양배추,2022-07-12,평균,13000
양배추,2022-07-12,평년,5433
양배추,2022-07-13,가락도매,11600
양배추,2022-07-13,평균,11600
양배추,2022-07-13,평년,5467
양배추,2022-07-14,가락도매,14000
양배추,2022-07-14,평균,14000
양배추,2022-07-14,평년,5383
양배추,2022-07-15,가락도매,12600
양배추,2022-07-15,평균,12600
양배추,2022-07-15,평년,5250
양배추,2022-07-18,가락도매,13000
양배추,2022-07-18,평균,13000
양배추,2022-07-18,평년,4942
양배추,2022-07-19,가락도매,11600
양배추,2022-07-19,평균,11600
양배추,2022-07-19,평년,4942
양배추,2022-07-20,가락도매,11300
양배추,2022-07-20,평균,11300
양배추,2022-07-20,평년,5183
양배추,2022-07-21,가락도매,12300
양배추,2022-07-21,평균,12300
양배추,2022-07-21,평년,5517
양배추,2022-07-22,가락도매,11600
양배추,2022-07-22,평균,11600
양배추,2022-07-22,평년,5700
양배추,2022-07-25,가락도매,12000
양배추,2022-07-25,평균,12000
양배추,2022-07-25,평년,6467
양배추,2022-07-26,가락도매,12000
양배추,2022-07-26,평균,12000
양배추,2022-07-26,평년,6717
양배추,2022-07-27,가락도매,10600
양배추,2022-07-27,평균,10600
양배추,2022-07-27,평년,7067
양배추,2022-07-28,가락도매,10000
양배추,2022-07-28,평균,10000
양배추,2022-07-28,평년,7577
양배추,2022-07-29,가락도매,9000
양배추,2022-07-29,평균,9000
양배추,2022-07-29,평년,7938
양배추,2022-08-01,가락도매,9000
양배추,2022-08-01,평균,9000
양배추,2022-08-01,평년,8221
양배추,2022-08-02,가락도매,11600
양배추,2022-08-02,평균,11600
양배추,2022-08-02,평년,8360
양배추,2022-08-03,가락도매,9330
양배추,2022-08-03,평균,9330
양배추,2022-08-03,평년,8421
양배추,2022-08-04,가락도매,10600
양배추,2022-08-04,평균,10600
양배추,2022-08-04,평년,8577
양배추,2022-08-05,가락도매,12000
양배추,2022-08-05,평균,12000
양배추,2022-08-05,평년,8510
양배추,2022-08-08,가락도매,11300
양배추,2022-08-08,평균,11300
양배추,2022-08-08,평년,8815
양배추,2022-08-09,가락도매,12300
양배추,2022-08-09,평균,12300
양배추,2022-08-09,평년,8843
양배추,2022-08-10,가락도매,12600
양배추,2022-08-10,평균,12600
양배추,2022-08-10,평년,8821
양배추,2022-08-11,가락도매,12300
양배추,2022-08-11,평균,12300
양배추,2022-08-11,평년,8821
양배추,2022-08-12,가락도매,10600
양배추,2022-08-12,평균,10600
양배추,2022-08-12,평년,9017
양배추,2022-08-16,가락도매,8660
양배추,2022-08-16,평균,8660
양배추,2022-08-16,평년,9377
양배추,2022-08-17,가락도매,7000
양배추,2022-08-17,평균,7000
양배추,2022-08-17,평년,9205
양배추,2022-08-18,가락도매,6660
양배추,2022-08-18,평균,6660
양배추,2022-08-18,평년,8928
양배추,2022-08-19,가락도매,7000
양배추,2022-08-19,평균,7000
양배추,2022-08-19,평년,8955
양배추,2022-08-22,가락도매,6000
양배추,2022-08-22,평균,6000
양배추,2022-08-22,평년,8893
양배추,2022-08-23,가락도매,7000
양배추,2022-08-23,평균,7000
양배추,2022-08-23,평년,8871
양배추,2022-08-24,가락도매,6660
양배추,2022-08-24,평균,6660
양배추,2022-08-24,평년,9021
양배추,2022-08-25,가락도매,7660
양배추,2022-08-25,평균,7660
양배추,2022-08-25,평년,9288
양배추,2022-08-26,가락도매,7330
양배추,2022-08-26,평균,7330
양배추,2022-08-26,평년,9277
양배추,2022-08-29,가락도매,8000
양배추,2022-08-29,평균,8000
양배추,2022-08-29,평년,8327
양배추,2022-08-30,가락도매,7660
양배추,2022-08-30,평균,7660
양배추,2022-08-30,평년,8482
양배추,2022-08-31,가락도매,7330
양배추,2022-08-31,평균,7330
양배추,2022-08-31,평년,8355
양배추,2022-09-01,가락도매,13000
양배추,2022-09-01,평균,13000
양배추,2022-09-01,평년,8327
양배추,2022-09-02,가락도매,11000
양배추,2022-09-02,평균,11000
양배추,2022-09-02,평년,8883
양배추,2022-09-05,가락도매,13000
양배추,2022-09-05,평균,13000
양배추,2022-09-05,평년,10183
양배추,2022-09-06,가락도매,11000
양배추,2022-09-06,평균,11000
양배추,2022-09-06,평년,9816
양배추,2022-09-07,가락도매,10300
양배추,2022-09-07,평균,10300
양배추,2022-09-07,평년,9706
양배추,2022-09-08,가락도매,13000
양배추,2022-09-08,평균,13000
양배추,2022-09-08,평년,9543
양배추,2022-09-13,가락도매,12000
양배추,2022-09-13,평균,12000
양배추,2022-09-13,평년,9377
양배추,2022-09-14,가락도매,9660
양배추,2022-09-14,평균,9660
양배추,2022-09-14,평년,9347
양배추,2022-09-15,가락도매,9000
양배추,2022-09-15,평균,9000
양배추,2022-09-15,평년,9410
양배추,2022-09-16,가락도매,8660
양배추,2022-09-16,평균,8660
양배추,2022-09-16,평년,9349
양배추,2022-09-19,가락도매,8660
양배추,2022-09-19,평균,8660
양배추,2022-09-19,평년,9105
양배추,2022-09-20,가락도매,8000
양배추,2022-09-20,평균,8000
양배추,2022-09-20,평년,9105
양배추,2022-09-21,가락도매,7660
양배추,2022-09-21,평균,7660
양배추,2022-09-21,평년,9172
양배추,2022-09-22,가락도매,7660
양배추,2022-09-22,평균,7660
양배추,2022-09-22,평년,9238
양배추,2022-09-23,가락도매,7330
양배추,2022-09-23,평균,7330
양배추,2022-09-23,평년,9311
양배추,2022-09-26,가락도매,12600
양배추,2022-09-26,평균,12600
양배추,2022-09-26,평년,9250
양배추,2022-09-27,가락도매,10000
양배추,2022-09-27,평균,10000
양배추,2022-09-27,평년,9267
양배추,2022-09-28,가락도매,10600
양배추,2022-09-28,평균,10600
양배추,2022-09-28,평년,9177
양배추,2022-09-29,가락도매,10300
양배추,2022-09-29,평균,10300
양배추,2022-09-29,평년,9166
양배추,2022-09-30,가락도매,11600
양배추,2022-09-30,평균,11600
양배추,2022-09-30,평년,9217
양배추,2022-10-04,가락도매,12000
양배추,2022-10-04,평균,12000
양배추,2022-10-04,평년,9983
양배추,2022-10-05,가락도매,14600
양배추,2022-10-05,평균,14600
양배추,2022-10-05,평년,10175
양배추,2022-10-06,가락도매,13600
양배추,2022-10-06,평균,13600
양배추,2022-10-06,평년,10292
양배추,2022-10-07,가락도매,14300
양배추,2022-10-07,평균,14300
양배추,2022-10-07,평년,10333
양배추,2022-10-11,가락도매,13300
양배추,2022-10-11,평균,13300
양배추,2022-10-11,평년,9667
양배추,2022-10-12,가락도매,13300
양배추,2022-10-12,평균,13300
양배추,2022-10-12,평년,9067
양배추,2022-10-13,가락도매,12300
양배추,2022-10-13,평균,12300
양배추,2022-10-13,평년,8650
양배추,2022-10-14,가락도매,11600
양배추,2022-10-14,평균,11600
양배추,2022-10-14,평년,8417
양배추,2022-10-17,가락도매,11600
양배추,2022-10-17,평균,11600
양배추,2022-10-17,평년,8600
양배추,2022-10-18,가락도매,10600
양배추,2022-10-18,평균,10600
양배추,2022-10-18,평년,8733
양배추,2022-10-19,가락도매,11000
양배추,2022-10-19,평균,11000
양배추,2022-10-19,평년,8617
양배추,2022-10-20,가락도매,10600
양배추,2022-10-20,평균,10600
양배추,2022-10-20,평년,8517
양배추,2022-10-21,가락도매,11600
양배추,2022-10-21,평균,11600
양배추,2022-10-21,평년,8550
양배추,2022-10-24,가락도매,11000
양배추,2022-10-24,평균,11000
양배추,2022-10-24,평년,8067
양배추,2022-10-25,가락도매,11000
양배추,2022-10-25,평균,11000
양배추,2022-10-25,평년,7933
양배추,2022-10-26,가락도매,10300
양배추,2022-10-26,평균,10300
양배추,2022-10-26,평년,7961
양배추,2022-10-27,가락도매,10000
양배추,2022-10-27,평균,10000
양배추,2022-10-27,평년,7861
양배추,2022-10-28,가락도매,9000
양배추,2022-10-28,평균,9000
양배추,2022-10-28,평년,8077
양배추,2022-10-31,가락도매,9330
양배추,2022-10-31,평균,9330
양배추,2022-10-31,평년,8500
양배추,2022-11-01,가락도매,9660
양배추,2022-11-01,평균,9660
양배추,2022-11-01,평년,8444
양배추,2022-11-02,가락도매,9330
양배추,2022-11-02,평균,9330
양배추,2022-11-02,평년,8555
양배추,2022-11-03,가락도매,11000
양배추,2022-11-03,평균,11000
양배추,2022-11-03,평년,8683
양배추,2022-11-04,가락도매,12600
양배추,2022-11-04,평균,12600
양배추,2022-11-04,평년,8750
양배추,2022-11-07,가락도매,11000
양배추,2022-11-07,평균,11000
양배추,2022-11-07,평년,8933
양배추,2022-11-08,가락도매,9660
양배추,2022-11-08,평균,9660
양배추,2022-11-08,평년,9067
양배추,2022-11-09,가락도매,9660
양배추,2022-11-09,평균,9660
양배추,2022-11-09,평년,8917
양배추,2022-11-10,가락도매,10000
양배추,2022-11-10,평균,10000
양배추,2022-11-10,평년,8817
양배추,2022-11-11,가락도매,10000
양배추,2022-11-11,평균,10000
양배추,2022-11-11,평년,8789
양배추,2022-11-14,가락도매,8330
양배추,2022-11-14,평균,8330
양배추,2022-11-14,평년,8561
양배추,2022-11-15,가락도매,8660
양배추,2022-11-15,평균,8660
양배추,2022-11-15,평년,8333
양배추,2022-11-16,가락도매,8660
양배추,2022-11-16,평균,8660
양배추,2022-11-16,평년,8200
양배추,2022-11-17,가락도매,7660
양배추,2022-11-17,평균,7660
양배추,2022-11-17,평년,8167
양배추,2022-11-18,가락도매,7330
양배추,2022-11-18,평균,7330
양배추,2022-11-18,평년,8167
양배추,2022-11-21,가락도매,6660
양배추,2022-11-21,평균,6660
양배추,2022-11-21,평년,7800
양배추,2022-11-22,가락도매,6330
양배추,2022-11-22,평균,6330
양배추,2022-11-22,평년,7822
양배추,2022-11-23,가락도매,6660
양배추,2022-11-23,평균,6660
양배추,2022-11-23,평년,7797
양배추,2022-11-24,가락도매,6660
양배추,2022-11-24,평균,6660
양배추,2022-11-24,평년,7531
양배추,2022-11-25,가락도매,6660
양배추,2022-11-25,평균,6660
양배추,2022-11-25,평년,7183
양배추,2022-11-28,가락도매,6330
양배추,2022-11-28,평균,6330
양배추,2022-11-28,평년,6700
양배추,2022-11-29,가락도매,6000
양배추,2022-11-29,평균,6000
양배추,2022-11-29,평년,6633
양배추,2022-11-30,가락도매,5660
양배추,2022-11-30,평균,5660
양배추,2022-11-30,평년,6533
양배추,2022-12-01,가락도매,6000
양배추,2022-12-01,평균,6000
양배추,2022-12-01,평년,6333
양배추,2022-12-05,가락도매,5660
양배추,2022-12-05,평균,5660
양배추,2022-12-05,평년,6500
양배추,2022-12-06,가락도매,5660
양배추,2022-12-06,평균,5660
양배추,2022-12-06,평년,6500
양배추,2022-12-07,가락도매,6000
양배추,2022-12-07,평균,6000
양배추,2022-12-07,평년,6533
양배추,2022-12-08,가락도매,5330
양배추,2022-12-08,평균,5330
양배추,2022-12-08,평년,6533
양배추,2022-12-09,가락도매,5000
양배추,2022-12-09,평균,5000
양배추,2022-12-09,평년,6533
양배추,2022-12-12,가락도매,5000
양배추,2022-12-12,평균,5000
양배추,2022-12-12,평년,6622
양배추,2022-12-13,가락도매,5660
양배추,2022-12-13,평균,5660
양배추,2022-12-13,평년,6688
양배추,2022-12-14,가락도매,7000
양배추,2022-12-14,평균,7000
양배추,2022-12-14,평년,6911
양배추,2022-12-15,가락도매,7000
양배추,2022-12-15,평균,7000
양배추,2022-12-15,평년,7177
양배추,2022-12-16,가락도매,5660
양배추,2022-12-16,평균,5660
양배추,2022-12-16,평년,7421
양배추,2022-12-19,가락도매,6330
양배추,2022-12-19,평균,6330
양배추,2022-12-19,평년,7172
양배추,2022-12-20,가락도매,6660
양배추,2022-12-20,평균,6660
양배추,2022-12-20,평년,7105
양배추,2022-12-21,가락도매,6660
양배추,2022-12-21,평균,6660
양배추,2022-12-21,평년,7044
양배추,2022-12-22,가락도매,9000
양배추,2022-12-22,평균,9000
양배추,2022-12-22,평년,6911
양배추,2022-12-23,가락도매,12600
양배추,2022-12-23,평균,12600
양배추,2022-12-23,평년,6967
양배추,2022-12-26,가락도매,8660
양배추,2022-12-26,평균,8660
양배추,2022-12-26,평년,7283
양배추,2022-12-27,가락도매,8000
양배추,2022-12-27,평균,8000
양배추,2022-12-27,평년,7550
양배추,2022-12-28,가락도매,6660
양배추,2022-12-28,평균,6660
양배추,2022-12-28,평년,8022
양배추,2022-12-29,가락도매,7660
양배추,2022-12-29,평균,7660
양배추,2022-12-29,평년,8266
양배추,2022-12-30,가락도매,8330
양배추,2022-12-30,평균,8330
양배추,2022-12-30,평년,8460
양배추,2023-01-02,가락도매,8330
양배추,2023-01-02,평균,8330
양배추,2023-01-02,평년,8518
양배추,2023-01-03,가락도매,8000
양배추,2023-01-03,평균,8000
양배추,2023-01-03,평년,8484
양배추,2023-01-04,가락도매,8000
양배추,2023-01-04,평균,8000
양배추,2023-01-04,평년,8390
양배추,2023-01-05,가락도매,7660
양배추,2023-01-05,평균,7660
양배추,2023-01-05,평년,8501
양배추,2023-01-06,가락도매,6660
양배추,2023-01-06,평균,6660
양배추,2023-01-06,평년,8761
양배추,2023-01-09,가락도매,5660
양배추,2023-01-09,평균,5660
양배추,2023-01-09,평년,9272
양배추,2023-01-10,가락도매,5000
양배추,2023-01-10,평균,5000
양배추,2023-01-10,평년,9311
양배추,2023-01-11,가락도매,5000
양배추,2023-01-11,평균,5000
양배추,2023-01-11,평년,9264
양배추,2023-01-12,가락도매,5660
양배추,2023-01-12,평균,5660
양배추,2023-01-12,평년,9153
양배추,2023-01-13,가락도매,6000
양배추,2023-01-13,평균,6000
양배추,2023-01-13,평년,8937
양배추,2023-01-16,가락도매,6000
양배추,2023-01-16,평균,6000
양배추,2023-01-16,평년,8605
양배추,2023-01-17,가락도매,6660
양배추,2023-01-17,평균,6660
양배추,2023-01-17,평년,8555
양배추,2023-01-18,가락도매,7660
양배추,2023-01-18,평균,7660
양배추,2023-01-18,평년,8555
양배추,2023-01-19,가락도매,6000
양배추,2023-01-19,평균,6000
양배추,2023-01-19,평년,8355
양배추,2023-01-20,가락도매,6000
양배추,2023-01-20,평균,6000
양배추,2023-01-20,평년,8399
양배추,2023-01-25,가락도매,8000
양배추,2023-01-25,평균,8000
양배추,2023-01-25,평년,8597
양배추,2023-01-26,가락도매,9660
양배추,2023-01-26,평균,9660
양배추,2023-01-26,평년,8904
양배추,2023-01-27,가락도매,8660
양배추,2023-01-27,평균,8660
양배추,2023-01-27,평년,9093
양배추,2023-01-30,가락도매,10300
양배추,2023-01-30,평균,10300
양배추,2023-01-30,평년,9017
양배추,2023-01-31,가락도매,9660
양배추,2023-01-31,평균,9660
양배추,2023-01-31,평년,9083
양배추,2023-02-01,가락도매,9330
양배추,2023-02-01,평균,9330
양배추,2023-02-01,평년,9040
양배추,2023-02-02,가락도매,7660
양배추,2023-02-02,평균,7660
양배추,2023-02-02,평년,8933
양배추,2023-02-03,가락도매,6330
양배추,2023-02-03,평균,6330
양배추,2023-02-03,평년,8733
양배추,2023-02-06,가락도매,7000
양배추,2023-02-06,평균,7000
양배추,2023-02-06,평년,8694
양배추,2023-02-07,가락도매,6330
양배추,2023-02-07,평균,6330
양배추,2023-02-07,평년,8599
양배추,2023-02-08,가락도매,8000
양배추,2023-02-08,평균,8000
양배추,2023-02-08,평년,8466
양배추,2023-02-09,가락도매,7000
양배추,2023-02-09,평균,7000
양배추,2023-02-09,평년,8377
양배추,2023-02-10,가락도매,7330
양배추,2023-02-10,평균,7330
양배추,2023-02-10,평년,8465
양배추,2023-02-13,가락도매,8000
양배추,2023-02-13,평균,8000
양배추,2023-02-13,평년,8516
양배추,2023-02-14,가락도매,8000
양배추,2023-02-14,평균,8000
양배추,2023-02-14,평년,8383
양배추,2023-02-15,가락도매,8000
양배추,2023-02-15,평균,8000
양배추,2023-02-15,평년,8433
양배추,2023-02-16,가락도매,8660
양배추,2023-02-16,평균,8660
양배추,2023-02-16,평년,8322
양배추,2023-02-17,가락도매,8660
양배추,2023-02-17,평균,8660
양배추,2023-02-17,평년,8077
양배추,2023-02-20,가락도매,7660
양배추,2023-02-20,평균,7660
양배추,2023-02-20,평년,7388
양배추,2023-02-21,가락도매,8000
양배추,2023-02-21,평균,8000
양배추,2023-02-21,평년,7305
양배추,2023-02-22,가락도매,7330
양배추,2023-02-22,평균,7330
양배추,2023-02-22,평년,7121
양배추,2023-02-23,가락도매,7330
양배추,2023-02-23,평균,7330
양배추,2023-02-23,평년,6921
양배추,2023-02-24,가락도매,8000
양배추,2023-02-24,평균,8000
양배추,2023-02-24,평년,6869
양배추,2023-02-27,가락도매,8000
양배추,2023-02-27,평균,8000
양배추,2023-02-27,평년,6938
양배추,2023-02-28,가락도매,8330
양배추,2023-02-28,평균,8330
양배추,2023-02-28,평년,7121
양배추,2023-03-02,가락도매,8330
양배추,2023-03-02,평균,8330
양배추,2023-03-02,평년,7288
양배추,2023-03-03,가락도매,8330
양배추,2023-03-03,평균,8330
양배추,2023-03-03,평년,7438
양배추,2023-03-06,가락도매,8330
양배추,2023-03-06,평균,8330
양배추,2023-03-06,평년,7438
양배추,2023-03-07,가락도매,8330
양배추,2023-03-07,평균,8330
양배추,2023-03-07,평년,7111
양배추,2023-03-08,가락도매,8000
양배추,2023-03-08,평균,8000
양배추,2023-03-08,평년,6867
양배추,2023-03-09,가락도매,7330
양배추,2023-03-09,평균,7330
양배추,2023-03-09,평년,6783
양배추,2023-03-10,가락도매,7330
양배추,2023-03-10,평균,7330
양배추,2023-03-10,평년,6755
양배추,2023-03-13,가락도매,8000
양배추,2023-03-13,평균,8000
양배추,2023-03-13,평년,6611
양배추,2023-03-14,가락도매,7000
양배추,2023-03-14,평균,7000
양배추,2023-03-14,평년,6755
양배추,2023-03-15,가락도매,6330
양배추,2023-03-15,평균,6330
양배추,2023-03-15,평년,6855
양배추,2023-03-16,가락도매,7000
양배추,2023-03-16,평균,7000
양배추,2023-03-16,평년,6839
양배추,2023-03-17,가락도매,6660
양배추,2023-03-17,평균,6660
양배추,2023-03-17,평년,6667
양배추,2023-03-20,가락도매,8000
양배추,2023-03-20,평균,8000
양배추,2023-03-20,평년,6961
양배추,2023-03-21,가락도매,7000
양배추,2023-03-21,평균,7000
양배추,2023-03-21,평년,6855
양배추,2023-03-22,가락도매,7000
양배추,2023-03-22,평균,7000
양배추,2023-03-22,평년,6899
양배추,2023-03-23,가락도매,7000
양배추,2023-03-23,평균,7000
양배추,2023-03-23,평년,6966
양배추,2023-03-24,가락도매,7000
양배추,2023-03-24,평균,7000
양배추,2023-03-24,평년,7108
양배추,2023-03-27,가락도매,10600
양배추,2023-03-27,평균,10600
양배추,2023-03-27,평년,7005
양배추,2023-03-28,가락도매,10000
양배추,2023-03-28,평균,10000
양배추,2023-03-28,평년,6944
양배추,2023-03-29,가락도매,8660
양배추,2023-03-29,평균,8660
양배추,2023-03-29,평년,6977
양배추,2023-03-30,가락도매,7660
양배추,2023-03-30,평균,7660
양배추,2023-03-30,평년,6788
양배추,2023-03-31,가락도매,7330
양배추,2023-03-31,평균,7330
양배추,2023-03-31,평년,6721
양배추,2023-04-03,가락도매,7000
양배추,2023-04-03,평균,7000
양배추,2023-04-03,평년,6538
양배추,2023-04-04,가락도매,8000
양배추,2023-04-04,평균,8000
양배추,2023-04-04,평년,6644
양배추,2023-04-05,가락도매,9660
양배추,2023-04-05,평균,9660
양배추,2023-04-05,평년,6644
양배추,2023-04-06,가락도매,9000
양배추,2023-04-06,평균,9000
양배추,2023-04-06,평년,6667
양배추,2023-04-07,가락도매,7330
양배추,2023-04-07,평균,7330
양배추,2023-04-07,평년,6583
양배추,2023-04-10,가락도매,7000
양배추,2023-04-10,평균,7000
양배추,2023-04-10,평년,6625
양배추,2023-04-11,가락도매,7660
양배추,2023-04-11,평균,7660
양배추,2023-04-11,평년,6658
양배추,2023-04-12,가락도매,7660
양배추,2023-04-12,평균,7660
양배추,2023-04-12,평년,6933
양배추,2023-04-13,가락도매,8000
양배추,2023-04-13,평균,8000
양배추,2023-04-13,평년,7107
양배추,2023-04-14,가락도매,7660
양배추,2023-04-14,평균,7660
양배추,2023-04-14,평년,7232
양배추,2023-04-17,가락도매,10000
양배추,2023-04-17,평균,10000
양배추,2023-04-17,평년,6900
양배추,2023-04-18,가락도매,8330
양배추,2023-04-18,평균,8330
양배추,2023-04-18,평년,6843
양배추,2023-04-19,가락도매,8330
양배추,2023-04-19,평균,8330
양배추,2023-04-19,평년,6549
양배추,2023-04-20,가락도매,7660
양배추,2023-04-20,평균,7660
양배추,2023-04-20,평년,6394
양배추,2023-04-21,가락도매,8000
양배추,2023-04-21,평균,8000
양배추,2023-04-21,평년,6378
양배추,2023-04-24,가락도매,8660
양배추,2023-04-24,평균,8660
양배추,2023-04-24,평년,6716
양배추,2023-04-25,가락도매,8660
양배추,2023-04-25,평균,8660
양배추,2023-04-25,평년,6766
양배추,2023-04-26,가락도매,9000
양배추,2023-04-26,평균,9000
양배추,2023-04-26,평년,6917
양배추,2023-04-27,가락도매,10600
양배추,2023-04-27,평균,10600
양배추,2023-04-27,평년,7207
양배추,2023-04-28,가락도매,11000
양배추,2023-04-28,평균,11000
양배추,2023-04-28,평년,7507
양배추,2023-05-02,가락도매,9660
양배추,2023-05-02,평균,9660
양배추,2023-05-02,평년,7700
양배추,2023-05-03,가락도매,9000
양배추,2023-05-03,평균,9000
양배추,2023-05-03,평년,7727
양배추,2023-05-04,가락도매,9660
양배추,2023-05-04,평균,9660
양배추,2023-05-04,평년,7593
양배추,2023-05-08,가락도매,14600
양배추,2023-05-08,평균,14600
양배추,2023-05-08,평년,7333
양배추,2023-05-09,가락도매,11000
양배추,2023-05-09,평균,11000
양배추,2023-05-09,평년,7133
양배추,2023-05-10,가락도매,11300
양배추,2023-05-10,평균,11300
양배추,2023-05-10,평년,7333
양배추,2023-05-11,가락도매,10300
양배추,2023-05-11,평균,10300
양배추,2023-05-11,평년,7283
양배추,2023-05-12,가락도매,12300
양배추,2023-05-12,평균,12300
양배추,2023-05-12,평년,6950
양배추,2023-05-15,가락도매,12300
양배추,2023-05-15,평균,12300
양배추,2023-05-15,평년,6800
양배추,2023-05-16,가락도매,17600
양배추,2023-05-16,평균,17600
양배추,2023-05-16,평년,6883
양배추,2023-05-17,가락도매,16300
양배추,2023-05-17,평균,16300
양배추,2023-05-17,평년,7017
양배추,2023-05-18,가락도매,16300
양배추,2023-05-18,평균,16300
양배추,2023-05-18,평년,7100
양배추,2023-05-19,가락도매,12000
양배추,2023-05-19,평균,12000
양배추,2023-05-19,평년,7117
양배추,2023-05-22,가락도매,12000
양배추,2023-05-22,평균,12000
양배추,2023-05-22,평년,7250
양배추,2023-05-23,가락도매,13600
양배추,2023-05-23,평균,13600
양배추,2023-05-23,평년,7192
양배추,2023-05-24,가락도매,14600
양배추,2023-05-24,평균,14600
양배추,2023-05-24,평년,7075
양배추,2023-05-25,가락도매,13300
양배추,2023-05-25,평균,13300
양배추,2023-05-25,평년,6967
양배추,2023-05-26,가락도매,10600
양배추,2023-05-26,평균,10600
양배추,2023-05-26,평년,6833
양배추,2023-05-30,가락도매,7660
양배추,2023-05-30,평균,7660
양배추,2023-05-30,평년,5983
양배추,2023-05-31,가락도매,6660
양배추,2023-05-31,평균,6660
양배추,2023-05-31,평년,5750
양배추,2023-06-01,가락도매,6330
양배추,2023-06-01,평균,6330
양배추,2023-06-01,평년,5360
양배추,2023-06-02,가락도매,7000
양배추,2023-06-02,평균,7000
양배추,2023-06-02,평년,5088
양배추,2023-06-05,가락도매,7000
양배추,2023-06-05,평균,7000
양배추,2023-06-05,평년,4533
양배추,2023-06-07,가락도매,7000
양배추,2023-06-07,평균,7000
양배추,2023-06-07,평년,4500
양배추,2023-06-08,가락도매,8660
양배추,2023-06-08,평균,8660
양배추,2023-06-08,평년,4467
양배추,2023-06-09,가락도매,8660
양배추,2023-06-09,평균,8660
양배추,2023-06-09,평년,4600
양배추,2023-06-12,가락도매,9000
양배추,2023-06-12,평균,9000
양배추,2023-06-12,평년,4700
양배추,2023-06-13,가락도매,9660
양배추,2023-06-13,평균,9660
양배추,2023-06-13,평년,4800
양배추,2023-06-14,가락도매,10000
양배추,2023-06-14,평균,10000
양배추,2023-06-14,평년,4833
양배추,2023-06-15,가락도매,10600
양배추,2023-06-15,평균,10600
양배추,2023-06-15,평년,4900
양배추,2023-06-16,가락도매,11600
양배추,2023-06-16,평균,11600
양배추,2023-06-16,평년,4900
양배추,2023-06-19,가락도매,13600
양배추,2023-06-19,평균,13600
양배추,2023-06-19,평년,5561
양배추,2023-06-20,가락도매,10300
양배추,2023-06-20,평균,10300
양배추,2023-06-20,평년,5730
양배추,2023-06-21,가락도매,12600
양배추,2023-06-21,평균,12600
양배추,2023-06-21,평년,5780
양배추,2023-06-22,가락도매,12600
양배추,2023-06-22,평균,12600
양배추,2023-06-22,평년,5849
양배추,2023-06-23,가락도매,12600
양배추,2023-06-23,평균,12600
양배추,2023-06-23,평년,5871
양배추,2023-06-26,가락도매,14300
양배추,2023-06-26,평균,14300
양배추,2023-06-26,평년,5716
양배추,2023-06-27,가락도매,14600
양배추,2023-06-27,평균,14600
양배추,2023-06-27,평년,5622
양배추,2023-06-28,가락도매,14600
양배추,2023-06-28,평균,14600
양배추,2023-06-28,평년,5605
양배추,2023-06-29,가락도매,13000
양배추,2023-06-29,평균,13000
양배추,2023-06-29,평년,5705
양배추,2023-06-30,가락도매,11300
양배추,2023-06-30,평균,11300
양배추,2023-06-30,평년,5749
양배추,2023-07-03,가락도매,8000
양배추,2023-07-03,평균,8000
양배추,2023-07-03,평년,5744
양배추,2023-07-04,가락도매,8660
양배추,2023-07-04,평균,8660
양배추,2023-07-04,평년,5767
양배추,2023-07-05,가락도매,8660
양배추,2023-07-05,평균,8660
양배추,2023-07-05,평년,5867
양배추,2023-07-06,가락도매,7660
양배추,2023-07-06,평균,7660
양배추,2023-07-06,평년,6039
양배추,2023-07-07,가락도매,7660
양배추,2023-07-07,평균,7660
양배추,2023-07-07,평년,6149
양배추,2023-07-10,가락도매,8330
양배추,2023-07-10,평균,8330
양배추,2023-07-10,평년,6333
양배추,2023-07-11,가락도매,8000
양배추,2023-07-11,평균,8000
양배추,2023-07-11,평년,6333
양배추,2023-07-12,가락도매,7330
양배추,2023-07-12,평균,7330
양배추,2023-07-12,평년,6133
양배추,2023-07-13,가락도매,7000
양배추,2023-07-13,평균,7000
양배추,2023-07-13,평년,5977
양배추,2023-07-14,가락도매,6660
양배추,2023-07-14,평균,6660
양배추,2023-07-14,평년,5783
양배추,2023-07-17,가락도매,8000
양배추,2023-07-17,평균,8000
양배추,2023-07-17,평년,5533
양배추,2023-07-18,가락도매,8000
양배추,2023-07-18,평균,8000
양배추,2023-07-18,평년,5600
양배추,2023-07-19,가락도매,7000
양배추,2023-07-19,평균,7000
양배추,2023-07-19,평년,5800
양배추,2023-07-20,가락도매,8000
양배추,2023-07-20,평균,8000
양배추,2023-07-20,평년,6150
양배추,2023-07-21,가락도매,8000
양배추,2023-07-21,평균,8000
양배추,2023-07-21,평년,6317
양배추,2023-07-24,가락도매,8660
양배추,2023-07-24,평균,8660
양배추,2023-07-24,평년,7217
양배추,2023-07-25,가락도매,9660
양배추,2023-07-25,평균,9660
양배추,2023-07-25,평년,7800
양배추,2023-07-26,가락도매,10000
양배추,2023-07-26,평균,10000
양배추,2023-07-26,평년,7797
양배추,2023-07-27,가락도매,9660
양배추,2023-07-27,평균,9660
양배추,2023-07-27,평년,7840
양배추,2023-07-28,가락도매,10300
양배추,2023-07-28,평균,10300
양배추,2023-07-28,평년,8084
양배추,2023-07-31,가락도매,10300
양배추,2023-07-31,평균,10300
양배추,2023-07-31,평년,8471
양배추,2023-08-01,가락도매,9660
양배추,2023-08-01,평균,9660
양배추,2023-08-01,평년,8483
양배추,2023-08-02,가락도매,15000
양배추,2023-08-02,평균,15000
양배추,2023-08-02,평년,8529
양배추,2023-08-03,가락도매,18600
양배추,2023-08-03,평균,18600
양배추,2023-08-03,평년,8789
양배추,2023-08-04,가락도매,18600
양배추,2023-08-04,평균,18600
양배추,2023-08-04,평년,8965
양배추,2023-08-07,가락도매,19000
양배추,2023-08-07,평균,19000
양배추,2023-08-07,평년,8887
양배추,2023-08-08,가락도매,19600
양배추,2023-08-08,평균,19600
양배추,2023-08-08,평년,9002
양배추,2023-08-09,가락도매,19600
양배추,2023-08-09,평균,19600
양배추,2023-08-09,평년,8943
양배추,2023-08-10,가락도매,18000
양배추,2023-08-10,평균,18000
양배추,2023-08-10,평년,8627
양배추,2023-08-11,가락도매,18600
양배추,2023-08-11,평균,18600
양배추,2023-08-11,평년,8318
양배추,2023-08-14,가락도매,13300
양배추,2023-08-14,평균,13300
양배추,2023-08-14,평년,8269
양배추,2023-08-16,가락도매,12300
양배추,2023-08-16,평균,12300
양배추,2023-08-16,평년,8258
양배추,2023-08-17,가락도매,11000
양배추,2023-08-17,평균,11000
양배추,2023-08-17,평년,7933
양배추,2023-08-18,가락도매,10300
양배추,2023-08-18,평균,10300
양배추,2023-08-18,평년,7549
양배추,2023-08-21,가락도매,13600
양배추,2023-08-21,평균,13600
양배추,2023-08-21,평년,7532
양배추,2023-08-22,가락도매,11600
양배추,2023-08-22,평균,11600
양배추,2023-08-22,평년,7581
양배추,2023-08-23,가락도매,13300
양배추,2023-08-23,평균,13300
양배추,2023-08-23,평년,7559
양배추,2023-08-24,가락도매,12600
양배추,2023-08-24,평균,12600
양배추,2023-08-24,평년,7531
양배추,2023-08-25,가락도매,12600
양배추,2023-08-25,평균,12600
양배추,2023-08-25,평년,7731
양배추,2023-08-28,가락도매,13300
양배추,2023-08-28,평균,13300
양배추,2023-08-28,평년,7420
양배추,2023-08-29,가락도매,14600
양배추,2023-08-29,평균,14600
양배추,2023-08-29,평년,7392
양배추,2023-08-30,가락도매,12000
양배추,2023-08-30,평균,12000
양배추,2023-08-30,평년,7770
양배추,2023-08-31,가락도매,13000
양배추,2023-08-31,평균,13000
양배추,2023-08-31,평년,7821
양배추,2023-09-01,가락도매,14600
양배추,2023-09-01,평균,14600
양배추,2023-09-01,평년,8043
양배추,2023-09-04,가락도매,16000
양배추,2023-09-04,평균,16000
양배추,2023-09-04,평년,9756
양배추,2023-09-05,가락도매,13000
양배추,2023-09-05,평균,13000
양배추,2023-09-05,평년,9869
양배추,2023-09-06,가락도매,12000
양배추,2023-09-06,평균,12000
양배추,2023-09-06,평년,9486
양배추,2023-09-07,가락도매,11000
양배추,2023-09-07,평균,11000
양배추,2023-09-07,평년,9486
양배추,2023-09-08,가락도매,12600
양배추,2023-09-08,평균,12600
양배추,2023-09-08,평년,9141
양배추,2023-09-11,가락도매,13300
양배추,2023-09-11,평균,13300
양배추,2023-09-11,평년,8923
양배추,2023-09-12,가락도매,13600
양배추,2023-09-12,평균,13600
양배추,2023-09-12,평년,8857
양배추,2023-09-13,가락도매,15300
양배추,2023-09-13,평균,15300
양배추,2023-09-13,평년,8641
양배추,2023-09-14,가락도매,15300
양배추,2023-09-14,평균,15300
양배추,2023-09-14,평년,8509
양배추,2023-09-15,가락도매,15300
양배추,2023-09-15,평균,15300
양배추,2023-09-15,평년,8242
양배추,2023-09-18,가락도매,15600
양배추,2023-09-18,평균,15600
양배추,2023-09-18,평년,7765
양배추,2023-09-19,가락도매,14300
양배추,2023-09-19,평균,14300
양배추,2023-09-19,평년,7637
양배추,2023-09-20,가락도매,14300
양배추,2023-09-20,평균,14300
양배추,2023-09-20,평년,7614
양배추,2023-09-21,가락도매,13300
양배추,2023-09-21,평균,13300
양배추,2023-09-21,평년,7592
양배추,2023-09-22,가락도매,14600
양배추,2023-09-22,평균,14600
양배추,2023-09-22,평년,7855
양배추,2023-09-25,가락도매,15600
양배추,2023-09-25,평균,15600
양배추,2023-09-25,평년,8049
양배추,2023-09-26,가락도매,16000
양배추,2023-09-26,평균,16000
양배추,2023-09-26,평년,8129
양배추,2023-09-27,가락도매,18000
양배추,2023-09-27,평균,18000
양배추,2023-09-27,평년,8255
양배추,2023-10-04,가락도매,12600
양배추,2023-10-04,평균,12600
양배추,2023-10-04,평년,9873
양배추,2023-10-05,가락도매,14600
양배추,2023-10-05,평균,14600
양배추,2023-10-05,평년,10332
양배추,2023-10-06,가락도매,16300
양배추,2023-10-06,평균,16300
양배추,2023-10-06,평년,10562
양배추,2023-10-10,가락도매,13600
양배추,2023-10-10,평균,13600
양배추,2023-10-10,평년,10542
양배추,2023-10-11,가락도매,12600
양배추,2023-10-11,평균,12600
양배추,2023-10-11,평년,10253
양배추,2023-10-12,가락도매,14000
양배추,2023-10-12,평균,14000
양배추,2023-10-12,평년,9987
양배추,2023-10-13,가락도매,15600
양배추,2023-10-13,평균,15600
양배추,2023-10-13,평년,9723
양배추,2023-10-16,가락도매,14300
양배추,2023-10-16,평균,14300
양배추,2023-10-16,평년,9775
양배추,2023-10-17,가락도매,15000
양배추,2023-10-17,평균,15000
양배추,2023-10-17,평년,9940
양배추,2023-10-18,가락도매,15000
양배추,2023-10-18,평균,15000
양배추,2023-10-18,평년,10093
양배추,2023-10-19,가락도매,13300
양배추,2023-10-19,평균,13300
양배추,2023-10-19,평년,9977
양배추,2023-10-20,가락도매,14600
양배추,2023-10-20,평균,14600
양배추,2023-10-20,평년,9903
양배추,2023-10-23,가락도매,12300
양배추,2023-10-23,평균,12300
양배추,2023-10-23,평년,9750
양배추,2023-10-24,가락도매,15300
양배추,2023-10-24,평균,15300
양배추,2023-10-24,평년,9567
양배추,2023-10-25,가락도매,14600
양배추,2023-10-25,평균,14600
양배추,2023-10-25,평년,9460
양배추,2023-10-26,가락도매,14300
양배추,2023-10-26,평균,14300
양배추,2023-10-26,평년,9203
양배추,2023-10-27,가락도매,13300
양배추,2023-10-27,평균,13300
양배추,2023-10-27,평년,9059
양배추,2023-10-30,가락도매,14000
양배추,2023-10-30,평균,14000
양배추,2023-10-30,평년,9366
양배추,2023-10-31,가락도매,13000
양배추,2023-10-31,평균,13000
양배추,2023-10-31,평년,9488
양배추,2023-11-01,가락도매,13600
양배추,2023-11-01,평균,13600
양배추,2023-11-01,평년,9555
양배추,2023-11-02,가락도매,14000
양배추,2023-11-02,평균,14000
양배추,2023-11-02,평년,9861
양배추,2023-11-03,가락도매,13300
양배추,2023-11-03,평균,13300
양배추,2023-11-03,평년,9989
양배추,2023-11-06,가락도매,11600
양배추,2023-11-06,평균,11600
양배추,2023-11-06,평년,10088
양배추,2023-11-07,가락도매,12000
양배추,2023-11-07,평균,12000
양배추,2023-11-07,평년,10061
양배추,2023-11-08,가락도매,10300
양배추,2023-11-08,평균,10300
양배추,2023-11-08,평년,10061
양배추,2023-11-09,가락도매,10000
양배추,2023-11-09,평균,10000
양배추,2023-11-09,평년,9805
양배추,2023-11-10,가락도매,9000
양배추,2023-11-10,평균,9000
양배추,2023-11-10,평년,9593
양배추,2023-11-13,가락도매,8000
양배추,2023-11-13,평균,8000
양배추,2023-11-13,평년,9416
양배추,2023-11-14,가락도매,9000
양배추,2023-11-14,평균,9000
양배추,2023-11-14,평년,9243
양배추,2023-11-15,가락도매,9000
양배추,2023-11-15,평균,9000
양배추,2023-11-15,평년,8887
양배추,2023-11-16,가락도매,7660
양배추,2023-11-16,평균,7660
양배추,2023-11-16,평년,8576
양배추,2023-11-17,가락도매,6660
양배추,2023-11-17,평균,6660
양배추,2023-11-17,평년,8431
양배추,2023-11-20,가락도매,6660
양배추,2023-11-20,평균,6660
양배추,2023-11-20,평년,7932
양배추,2023-11-21,가락도매,7660
양배추,2023-11-21,평균,7660
양배추,2023-11-21,평년,7776
양배추,2023-11-22,가락도매,6660
양배추,2023-11-22,평균,6660
양배추,2023-11-22,평년,7665
양배추,2023-11-23,가락도매,6660
양배추,2023-11-23,평균,6660
양배추,2023-11-23,평년,7529
양배추,2023-11-24,가락도매,6330
양배추,2023-11-24,평균,6330
양배추,2023-11-24,평년,7173
양배추,2023-11-27,가락도매,6660
양배추,2023-11-27,평균,6660
양배추,2023-11-27,평년,6404
양배추,2023-11-28,가락도매,7000
양배추,2023-11-28,평균,7000
양배추,2023-11-28,평년,6254
양배추,2023-11-29,가락도매,6660
양배추,2023-11-29,평균,6660
양배추,2023-11-29,평년,6210
양배추,2023-11-30,가락도매,6660
양배추,2023-11-30,평균,6660
양배추,2023-11-30,평년,6110
양배추,2023-12-04,가락도매,7000
양배추,2023-12-04,평균,7000
양배추,2023-12-04,평년,6082
양배추,2023-12-05,가락도매,8000
양배추,2023-12-05,평균,8000
양배추,2023-12-05,평년,6099
양배추,2023-12-06,가락도매,8000
양배추,2023-12-06,평균,8000
양배추,2023-12-06,평년,6077
양배추,2023-12-07,가락도매,8000
양배추,2023-12-07,평균,8000
양배추,2023-12-07,평년,6043
양배추,2023-12-08,가락도매,8000
양배추,2023-12-08,평균,8000
양배추,2023-12-08,평년,5999
양배추,2023-12-11,가락도매,8000
양배추,2023-12-11,평균,8000
양배추,2023-12-11,평년,6049
양배추,2023-12-12,가락도매,8000
양배추,2023-12-12,평균,8000
양배추,2023-12-12,평년,6088
양배추,2023-12-13,가락도매,8660
양배추,2023-12-13,평균,8660
양배추,2023-12-13,평년,6199
양배추,2023-12-14,가락도매,7660
양배추,2023-12-14,평균,7660
양배추,2023-12-14,평년,6399
양배추,2023-12-15,가락도매,7660
양배추,2023-12-15,평균,7660
양배추,2023-12-15,평년,6687
양배추,2023-12-18,가락도매,8330
양배추,2023-12-18,평균,8330
양배추,2023-12-18,평년,6782
양배추,2023-12-19,가락도매,8660
양배추,2023-12-19,평균,8660
양배추,2023-12-19,평년,6659
양배추,2023-12-20,가락도매,9000
양배추,2023-12-20,평균,9000
양배추,2023-12-20,평년,6726
양배추,2023-12-21,가락도매,9660
양배추,2023-12-21,평균,9660
양배추,2023-12-21,평년,7061
양배추,2023-12-22,가락도매,9000
양배추,2023-12-22,평균,9000
양배추,2023-12-22,평년,7016
양배추,2023-12-26,가락도매,9000
양배추,2023-12-26,평균,9000
양배추,2023-12-26,평년,7411
양배추,2023-12-27,가락도매,9000
양배추,2023-12-27,평균,9000
양배추,2023-12-27,평년,7389
양배추,2023-12-28,가락도매,9000
양배추,2023-12-28,평균,9000
양배추,2023-12-28,평년,7376
양배추,2023-12-29,가락도매,9000
양배추,2023-12-29,평균,9000
양배추,2023-12-29,평년,7531
양배추,2024-01-02,가락도매,9000
양배추,2024-01-02,평균,9000
양배추,2024-01-02,평년,7992
양배추,2024-01-03,가락도매,7660
양배추,2024-01-03,평균,7660
양배추,2024-01-03,평년,8025
양배추,2024-01-04,가락도매,7000
양배추,2024-01-04,평균,7000
양배추,2024-01-04,평년,8020
양배추,2024-01-05,가락도매,6000
양배추,2024-01-05,평균,6000
양배추,2024-01-05,평년,8153
양배추,2024-01-08,가락도매,7000
양배추,2024-01-08,평균,7000
양배추,2024-01-08,평년,8507
양배추,2024-01-09,가락도매,7000
양배추,2024-01-09,평균,7000
양배추,2024-01-09,평년,8470
양배추,2024-01-10,가락도매,6330
양배추,2024-01-10,평균,6330
양배추,2024-01-10,평년,8309
양배추,2024-01-11,가락도매,7330
양배추,2024-01-11,평균,7330
양배추,2024-01-11,평년,8152
양배추,2024-01-12,가락도매,6330
양배추,2024-01-12,평균,6330
양배추,2024-01-12,평년,8064
양배추,2024-01-15,가락도매,8000
양배추,2024-01-15,평균,8000
양배추,2024-01-15,평년,7832
양배추,2024-01-16,가락도매,7660
양배추,2024-01-16,평균,7660
양배추,2024-01-16,평년,7937
양배추,2024-01-17,가락도매,8000
양배추,2024-01-17,평균,8000
양배추,2024-01-17,평년,7976
양배추,2024-01-18,가락도매,8000
양배추,2024-01-18,평균,8000
양배추,2024-01-18,평년,8043
양배추,2024-01-19,가락도매,7000
양배추,2024-01-19,평균,7000
양배추,2024-01-19,평년,7976
양배추,2024-01-22,가락도매,8660
양배추,2024-01-22,평균,8660
양배추,2024-01-22,평년,8243
양배추,2024-01-23,가락도매,8660
양배추,2024-01-23,평균,8660
양배추,2024-01-23,평년,8193
양배추,2024-01-24,가락도매,9000
양배추,2024-01-24,평균,9000
양배추,2024-01-24,평년,8266
양배추,2024-01-25,가락도매,8000
양배추,2024-01-25,평균,8000
양배추,2024-01-25,평년,8419
양배추,2024-01-26,가락도매,7000
양배추,2024-01-26,평균,7000
양배추,2024-01-26,평년,8945
양배추,2024-01-29,가락도매,6330
양배추,2024-01-29,평균,6330
양배추,2024-01-29,평년,9283
양배추,2024-01-30,가락도매,7000
양배추,2024-01-30,평균,7000
양배추,2024-01-30,평년,9224
양배추,2024-01-31,가락도매,7000
양배추,2024-01-31,평균,7000
양배추,2024-01-31,평년,9091
양배추,2024-02-01,가락도매,8660
양배추,2024-02-01,평균,8660
양배추,2024-02-01,평년,8892
양배추,2024-02-02,가락도매,8000
양배추,2024-02-02,평균,8000
양배추,2024-02-02,평년,8565
양배추,2024-02-05,가락도매,8330
양배추,2024-02-05,평균,8330
양배추,2024-02-05,평년,7971
양배추,2024-02-06,가락도매,9660
양배추,2024-02-06,평균,9660
양배추,2024-02-06,평년,8049
양배추,2024-02-07,가락도매,9660
양배추,2024-02-07,평균,9660
양배추,2024-02-07,평년,7910
양배추,2024-02-08,가락도매,9330
양배추,2024-02-08,평균,9330
양배추,2024-02-08,평년,7843
양배추,2024-02-13,가락도매,9000
양배추,2024-02-13,평균,9000
양배추,2024-02-13,평년,8138
양배추,2024-02-14,가락도매,9000
양배추,2024-02-14,평균,9000
양배추,2024-02-14,평년,8182
양배추,2024-02-15,가락도매,9000
양배추,2024-02-15,평균,9000
양배추,2024-02-15,평년,8354
양배추,2024-02-16,가락도매,9330
양배추,2024-02-16,평균,9330
양배추,2024-02-16,평년,8221
양배추,2024-02-19,가락도매,10000
양배추,2024-02-19,평균,10000
양배추,2024-02-19,평년,7620
양배추,2024-02-20,가락도매,9330
양배추,2024-02-20,평균,9330
양배추,2024-02-20,평년,7409
양배추,2024-02-21,가락도매,9160
양배추,2024-02-21,평균,9160
양배추,2024-02-21,평년,7403
양배추,2024-02-22,가락도매,9330
양배추,2024-02-22,평균,9330
양배추,2024-02-22,평년,7243
양배추,2024-02-23,가락도매,10000
양배추,2024-02-23,평균,10000
양배추,2024-02-23,평년,7132
양배추,2024-02-26,가락도매,9000
양배추,2024-02-26,평균,9000
양배추,2024-02-26,평년,7310
양배추,2024-02-27,가락도매,8330
양배추,2024-02-27,평균,8330
양배추,2024-02-27,평년,7304
양배추,2024-02-28,가락도매,8000
양배추,2024-02-28,평균,8000
양배추,2024-02-28,평년,7454
양배추,2024-02-29,가락도매,8000
양배추,2024-02-29,평균,8000
양배추,2024-02-29,평년,11250
양배추,2024-03-04,가락도매,10000
양배추,2024-03-04,평균,10000
양배추,2024-03-04,평년,7798
양배추,2024-03-05,가락도매,12000
양배추,2024-03-05,평균,12000
양배추,2024-03-05,평년,7815
양배추,2024-03-06,가락도매,13000
양배추,2024-03-06,평균,13000
양배추,2024-03-06,평년,7793
양배추,2024-03-07,가락도매,13000
양배추,2024-03-07,평균,13000
양배추,2024-03-07,평년,7465
양배추,2024-03-08,가락도매,13000
양배추,2024-03-08,평균,13000
양배추,2024-03-08,평년,7288
양배추,2024-03-11,가락도매,12000
양배추,2024-03-11,평균,12000
양배추,2024-03-11,평년,6960
양배추,2024-03-12,가락도매,11600
양배추,2024-03-12,평균,11600
양배추,2024-03-12,평년,6883
양배추,2024-03-13,가락도매,11600
양배추,2024-03-13,평균,11600
양배추,2024-03-13,평년,6744
양배추,2024-03-14,가락도매,11300
양배추,2024-03-14,평균,11300
양배추,2024-03-14,평년,6799
양배추,2024-03-15,가락도매,11300
양배추,2024-03-15,평균,11300
양배추,2024-03-15,평년,6821
양배추,2024-03-18,가락도매,11600
양배추,2024-03-18,평균,11600
양배추,2024-03-18,평년,6810
양배추,2024-03-19,가락도매,11300
양배추,2024-03-19,평균,11300
양배추,2024-03-19,평년,6983
양배추,2024-03-20,가락도매,11000
양배추,2024-03-20,평균,11000
양배추,2024-03-20,평년,7072
양배추,2024-03-21,가락도매,11000
양배추,2024-03-21,평균,11000
양배추,2024-03-21,평년,7033
양배추,2024-03-22,가락도매,11000
양배추,2024-03-22,평균,11000
양배추,2024-03-22,평년,7133
양배추,2024-03-25,가락도매,11000
양배추,2024-03-25,평균,11000
양배추,2024-03-25,평년,8127
양배추,2024-03-26,가락도매,14500
양배추,2024-03-26,평균,14500
양배추,2024-03-26,평년,8122
양배추,2024-03-27,가락도매,25100
양배추,2024-03-27,평균,25100
양배추,2024-03-27,평년,8022
양배추,2024-03-28,가락도매,20000
양배추,2024-03-28,평균,20000
양배추,2024-03-28,평년,8072
양배추,2024-03-29,가락도매,19100
양배추,2024-03-29,평균,19100
양배추,2024-03-29,평년,8127
양배추,2024-04-01,가락도매,17800
양배추,2024-04-01,평균,17800
양배추,2024-04-01,평년,7321
양배추,2024-04-02,가락도매,17300
양배추,2024-04-02,평균,17300
양배추,2024-04-02,평년,7182
양배추,2024-04-03,가락도매,16300
양배추,2024-04-03,평균,16300
양배추,2024-04-03,평년,7282
양배추,2024-04-04,가락도매,16600
양배추,2024-04-04,평균,16600
양배추,2024-04-04,평년,7443
양배추,2024-04-05,가락도매,16300
양배추,2024-04-05,평균,16300
양배추,2024-04-05,평년,7510
양배추,2024-04-08,가락도매,21100
양배추,2024-04-08,평균,21100
양배추,2024-04-08,평년,7549
양배추,2024-04-09,가락도매,20600
양배추,2024-04-09,평균,20600
양배추,2024-04-09,평년,7583
양배추,2024-04-11,가락도매,21600
양배추,2024-04-11,평균,21600
양배추,2024-04-11,평년,7568
양배추,2024-04-12,가락도매,23300
양배추,2024-04-12,평균,23300
양배추,2024-04-12,평년,7765
양배추,2024-04-15,가락도매,26600
양배추,2024-04-15,평균,26600
양배추,2024-04-15,평년,8139
양배추,2024-04-16,가락도매,23000
양배추,2024-04-16,평균,23000
양배추,2024-04-16,평년,8016
양배추,2024-04-17,가락도매,22300
양배추,2024-04-17,평균,22300
양배추,2024-04-17,평년,7955
양배추,2024-04-18,가락도매,21800
양배추,2024-04-18,평균,21800
양배추,2024-04-18,평년,7875
양배추,2024-04-19,가락도매,22500
양배추,2024-04-19,평균,22500
양배추,2024-04-19,평년,7703
양배추,2024-04-22,가락도매,25000
양배추,2024-04-22,평균,25000
양배추,2024-04-22,평년,7634
양배추,2024-04-23,가락도매,21600
양배추,2024-04-23,평균,21600
양배추,2024-04-23,평년,7764
양배추,2024-04-24,가락도매,21600
양배추,2024-04-24,평균,21600
양배추,2024-04-24,평년,7881
양배추,2024-04-25,가락도매,22000
양배추,2024-04-25,평균,22000
양배추,2024-04-25,평년,8094
양배추,2024-04-26,가락도매,23000
양배추,2024-04-26,평균,23000
양배추,2024-04-26,평년,8445
양배추,2024-04-29,가락도매,21800
양배추,2024-04-29,평균,21800
양배추,2024-04-29,평년,9415
양배추,2024-04-30,가락도매,21500
양배추,2024-04-30,평균,21500
양배추,2024-04-30,평년,9563
양배추,2024-05-02,가락도매,22000
양배추,2024-05-02,평균,22000
양배추,2024-05-02,평년,9395
양배추,2024-05-03,가락도매,22000
양배추,2024-05-03,평균,22000
양배추,2024-05-03,평년,9721
양배추,2024-05-07,가락도매,21300
양배추,2024-05-07,평균,21300
양배추,2024-05-07,평년,9455
양배추,2024-05-08,가락도매,20300
양배추,2024-05-08,평균,20300
양배추,2024-05-08,평년,9537
양배추,2024-05-09,가락도매,20000
양배추,2024-05-09,평균,20000
양배추,2024-05-09,평년,9424
양배추,2024-05-10,가락도매,20000
양배추,2024-05-10,평균,20000
양배추,2024-05-10,평년,9700
양배추,2024-05-13,가락도매,24000
양배추,2024-05-13,평균,24000
양배추,2024-05-13,평년,9367
양배추,2024-05-14,가락도매,24000
양배추,2024-05-14,평균,24000
양배추,2024-05-14,평년,9358
양배추,2024-05-16,가락도매,19300
양배추,2024-05-16,평균,19300
양배추,2024-05-16,평년,9270
양배추,2024-05-17,가락도매,24000
양배추,2024-05-17,평균,24000
양배추,2024-05-17,평년,9497
양배추,2024-05-20,가락도매,24000
양배추,2024-05-20,평균,24000
양배추,2024-05-20,평년,9353
양배추,2024-05-21,가락도매,26300
양배추,2024-05-21,평균,26300
양배추,2024-05-21,평년,9267
양배추,2024-05-22,가락도매,26300
양배추,2024-05-22,평균,26300
양배추,2024-05-22,평년,9333
양배추,2024-05-23,가락도매,26300
양배추,2024-05-23,평균,26300
양배추,2024-05-23,평년,9095
양배추,2024-05-24,가락도매,26600
양배추,2024-05-24,평균,26600
양배추,2024-05-24,평년,8672
양배추,2024-05-27,가락도매,22000
양배추,2024-05-27,평균,22000
양배추,2024-05-27,평년,7352
양배추,2024-05-28,가락도매,22000
양배추,2024-05-28,평균,22000
양배추,2024-05-28,평년,7032
양배추,2024-05-29,가락도매,17300
양배추,2024-05-29,평균,17300
양배추,2024-05-29,평년,6832
양배추,2024-05-30,가락도매,14300
양배추,2024-05-30,평균,14300
양배추,2024-05-30,평년,6482
양배추,2024-05-31,가락도매,14300
양배추,2024-05-31,평균,14300
양배추,2024-05-31,평년,6105
양배추,2024-06-03,가락도매,14000
양배추,2024-06-03,평균,14000
양배추,2024-06-03,평년,5088
양배추,2024-06-04,가락도매,13300
양배추,2024-06-04,평균,13300
양배추,2024-06-04,평년,4922
양배추,2024-06-05,가락도매,13300
양배추,2024-06-05,평균,13300
양배추,2024-06-05,평년,4855
양배추,2024-06-07,가락도매,13000
양배추,2024-06-07,평균,13000
양배추,2024-06-07,평년,4966
양배추,2024-06-10,가락도매,11300
양배추,2024-06-10,평균,11300
양배추,2024-06-10,평년,5243
양배추,2024-06-11,가락도매,10300
양배추,2024-06-11,평균,10300
양배추,2024-06-11,평년,5266
양배추,2024-06-12,가락도매,10300
양배추,2024-06-12,평균,10300
양배추,2024-06-12,평년,5233
양배추,2024-06-13,가락도매,7660
양배추,2024-06-13,평균,7660
양배추,2024-06-13,평년,5333
양배추,2024-06-14,가락도매,8000
양배추,2024-06-14,평균,8000
양배추,2024-06-14,평년,5344
양배추,2024-06-17,가락도매,8000
양배추,2024-06-17,평균,8000
양배추,2024-06-17,평년,5622
양배추,2024-06-18,가락도매,9660
양배추,2024-06-18,평균,9660
양배추,2024-06-18,평년,5666
양배추,2024-06-19,가락도매,10000
양배추,2024-06-19,평균,10000
양배추,2024-06-19,평년,5922
양배추,2024-06-20,가락도매,8330
양배추,2024-06-20,평균,8330
양배추,2024-06-20,평년,6135
양배추,2024-06-21,가락도매,8330
양배추,2024-06-21,평균,8330
양배추,2024-06-21,평년,6269
양배추,2024-06-24,가락도매,9000
양배추,2024-06-24,평균,9000
양배추,2024-06-24,평년,6421
양배추,2024-06-25,가락도매,8330
양배추,2024-06-25,평균,8330
양배추,2024-06-25,평년,6410
양배추,2024-06-26,가락도매,8330
양배추,2024-06-26,평균,8330
양배추,2024-06-26,평년,6354
양배추,2024-06-27,가락도매,8330
양배추,2024-06-27,평균,8330
양배추,2024-06-27,평년,6249
양배추,2024-06-28,가락도매,9000
양배추,2024-06-28,평균,9000
양배추,2024-06-28,평년,6382
양배추,2024-07-01,가락도매,10600
양배추,2024-07-01,평균,10600
양배추,2024-07-01,평년,6711
양배추,2024-07-02,가락도매,8000
양배추,2024-07-02,평균,8000
양배추,2024-07-02,평년,6822
양배추,2024-07-03,가락도매,8000
양배추,2024-07-03,평균,8000
양배추,2024-07-03,평년,6922
양배추,2024-07-04,가락도매,7660
양배추,2024-07-04,평균,7660
양배추,2024-07-04,평년,6988
양배추,2024-07-05,가락도매,7000
양배추,2024-07-05,평균,7000
양배추,2024-07-05,평년,6909
양배추,2024-07-08,가락도매,6660
양배추,2024-07-08,평균,6660
양배추,2024-07-08,평년,7170
양배추,2024-07-09,가락도매,6660
양배추,2024-07-09,평균,6660
양배추,2024-07-09,평년,7170
양배추,2024-07-10,가락도매,6000
양배추,2024-07-10,평균,6000
양배추,2024-07-10,평년,7198
양배추,2024-07-11,가락도매,7000
양배추,2024-07-11,평균,7000
양배추,2024-07-11,평년,7087
양배추,2024-07-12,가락도매,7500
양배추,2024-07-12,평균,7500
양배추,2024-07-12,평년,6754
양배추,2024-07-15,가락도매,7000
양배추,2024-07-15,평균,7000
양배추,2024-07-15,평년,6138
양배추,2024-07-16,가락도매,7660
양배추,2024-07-16,평균,7660
양배추,2024-07-16,평년,6005
양배추,2024-07-17,가락도매,7000
양배추,2024-07-17,평균,7000
양배추,2024-07-17,평년,5844
양배추,2024-07-18,가락도매,7330
양배추,2024-07-18,평균,7330
양배추,2024-07-18,평년,5911
양배추,2024-07-19,가락도매,7660
양배추,2024-07-19,평균,7660
양배추,2024-07-19,평년,6000
양배추,2024-07-22,가락도매,8330
양배추,2024-07-22,평균,8330
양배추,2024-07-22,평년,6393
양배추,2024-07-23,가락도매,9000
양배추,2024-07-23,평균,9000
양배추,2024-07-23,평년,6527
양배추,2024-07-24,가락도매,9000
양배추,2024-07-24,평균,9000
양배추,2024-07-24,평년,6838
양배추,2024-07-25,가락도매,8660
양배추,2024-07-25,평균,8660
양배추,2024-07-25,평년,7065
양배추,2024-07-26,가락도매,8330
양배추,2024-07-26,평균,8330
양배추,2024-07-26,평년,7269
양배추,2024-07-29,가락도매,8330
양배추,2024-07-29,평균,8330
양배추,2024-07-29,평년,8348
양배추,2024-07-30,가락도매,10600
양배추,2024-07-30,평균,10600
양배추,2024-07-30,평년,8410
양배추,2024-07-31,가락도매,11000
양배추,2024-07-31,평균,11000
양배추,2024-07-31,평년,8471
양배추,2024-08-01,가락도매,13300
양배추,2024-08-01,평균,13300
양배추,2024-08-01,평년,8483
양배추,2024-08-02,가락도매,18300
양배추,2024-08-02,평균,18300
양배추,2024-08-02,평년,8529
양배추,2024-08-05,가락도매,10600
양배추,2024-08-05,평균,10600
양배추,2024-08-05,평년,8879
양배추,2024-08-06,가락도매,10300
양배추,2024-08-06,평균,10300
양배추,2024-08-06,평년,8893
양배추,2024-08-07,가락도매,11000
양배추,2024-08-07,평균,11000
양배추,2024-08-07,평년,8887
양배추,2024-08-08,가락도매,16600
양배추,2024-08-08,평균,16600
양배추,2024-08-08,평년,9002
양배추,2024-08-09,가락도매,17300
양배추,2024-08-09,평균,17300
양배추,2024-08-09,평년,8943
양배추,2024-08-12,가락도매,17300
양배추,2024-08-12,평균,17300
양배추,2024-08-12,평년,8094
양배추,2024-08-13,가락도매,9660
양배추,2024-08-13,평균,9660
양배추,2024-08-13,평년,8119
양배추,2024-08-14,가락도매,11000
양배추,2024-08-14,평균,11000
양배추,2024-08-14,평년,8269
양배추,2024-08-16,가락도매,11000
양배추,2024-08-16,평균,11000
양배추,2024-08-16,평년,8258
양배추,2024-08-19,가락도매,11300
양배추,2024-08-19,평균,11300
양배추,2024-08-19,평년,7616
양배추,2024-08-20,가락도매,11300
양배추,2024-08-20,평균,11300
양배추,2024-08-20,평년,7554
양배추,2024-08-21,가락도매,13300
양배추,2024-08-21,평균,13300
양배추,2024-08-21,평년,7532
양배추,2024-08-22,가락도매,13300
양배추,2024-08-22,평균,13300
양배추,2024-08-22,평년,7581
양배추,2024-08-23,가락도매,12300
양배추,2024-08-23,평균,12300
양배추,2024-08-23,평년,7559
양배추,2024-08-26,가락도매,10600
양배추,2024-08-26,평균,10600
양배추,2024-08-26,평년,7598
양배추,2024-08-27,가락도매,11300
양배추,2024-08-27,평균,11300
양배추,2024-08-27,평년,7532
양배추,2024-08-28,가락도매,12000
양배추,2024-08-28,평균,12000
양배추,2024-08-28,평년,7420
양배추,2024-08-29,가락도매,11300
양배추,2024-08-29,평균,11300
양배추,2024-08-29,평년,7392
양배추,2024-08-30,가락도매,10600
양배추,2024-08-30,평균,10600
양배추,2024-08-30,평년,7770
양배추,2024-09-02,가락도매,11300
양배추,2024-09-02,평균,11300
양배추,2024-09-02,평년,8821
양배추,2024-09-03,가락도매,11300
양배추,2024-09-03,평균,11300
양배추,2024-09-03,평년,9550
양배추,2024-09-04,가락도매,11000
양배추,2024-09-04,평균,11000
양배추,2024-09-04,평년,9823
양배추,2024-09-05,가락도매,11000
양배추,2024-09-05,평균,11000
양배추,2024-09-05,평년,10019
양배추,2024-09-06,가락도매,12000
양배추,2024-09-06,평균,12000
양배추,2024-09-06,평년,9969
양배추,2024-09-09,가락도매,12300
양배추,2024-09-09,평균,12300
양배추,2024-09-09,평년,9719
양배추,2024-09-10,가락도매,13000
양배추,2024-09-10,평균,13000
양배추,2024-09-10,평년,9710
양배추,2024-09-11,가락도매,13000
양배추,2024-09-11,평균,13000
양배추,2024-09-11,평년,9810
양배추,2024-09-12,가락도매,13300
양배추,2024-09-12,평균,13300
양배추,2024-09-12,평년,9882
양배추,2024-09-13,가락도매,13300
양배추,2024-09-13,평균,13300
양배추,2024-09-13,평년,9666
양배추,2024-09-19,가락도매,13300
양배추,2024-09-19,평균,13300
양배추,2024-09-19,평년,9120
양배추,2024-09-20,가락도매,13300
양배추,2024-09-20,평균,13300
양배추,2024-09-20,평년,9031
양배추,2024-09-23,가락도매,13300
양배추,2024-09-23,평균,13300
양배추,2024-09-23,평년,9367
양배추,2024-09-24,가락도매,9330
양배추,2024-09-24,평균,9330
양배추,2024-09-24,평년,9573
양배추,2024-09-25,가락도매,10300
양배추,2024-09-25,평균,10300
양배추,2024-09-25,평년,9756
양배추,2024-09-26,가락도매,10600
양배추,2024-09-26,평균,10600
양배추,2024-09-26,평년,9916
양배추,2024-09-27,가락도매,10600
양배추,2024-09-27,평균,10600
양배추,2024-09-27,평년,10042
양배추,2024-09-30,가락도매,10600
양배추,2024-09-30,평균,10600
양배추,2024-09-30,평년,10507
양배추,2024-10-02,가락도매,11000
양배추,2024-10-02,평균,11000
양배추,2024-10-02,평년,10942
양배추,2024-10-04,가락도매,11000
양배추,2024-10-04,평균,11000
양배추,2024-10-04,평년,11307
양배추,2024-10-07,가락도매,12600
양배추,2024-10-07,평균,12600
양배추,2024-10-07,평년,11532
양배추,2024-10-08,가락도매,12000
양배추,2024-10-08,평균,12000
양배추,2024-10-08,평년,11567
양배추,2024-10-10,가락도매,13300
양배추,2024-10-10,평균,13300
양배추,2024-10-10,평년,11615
양배추,2024-10-11,가락도매,13000
양배추,2024-10-11,평균,13000
양배추,2024-10-11,평년,11593
양배추,2024-10-14,가락도매,15300
양배추,2024-10-14,평균,15300
양배추,2024-10-14,평년,11202
양배추,2024-10-15,가락도매,15300
양배추,2024-10-15,평균,15300
양배추,2024-10-15,평년,11083
양배추,2024-10-16,가락도매,16600
양배추,2024-10-16,평균,16600
양배추,2024-10-16,평년,11102
양배추,2024-10-17,가락도매,14600
양배추,2024-10-17,평균,14600
양배추,2024-10-17,평년,11020
양배추,2024-10-18,가락도매,14600
양배추,2024-10-18,평균,14600
양배추,2024-10-18,평년,10907
양배추,2024-10-21,가락도매,15000
양배추,2024-10-21,평균,15000
양배추,2024-10-21,평년,10772
양배추,2024-10-22,가락도매,15600
양배추,2024-10-22,평균,15600
양배추,2024-10-22,평년,10775
양배추,2024-10-23,가락도매,16300
양배추,2024-10-23,평균,16300
양배추,2024-10-23,평년,10823
양배추,2024-10-24,가락도매,15600
양배추,2024-10-24,평균,15600
양배추,2024-10-24,평년,10907
양배추,2024-10-25,가락도매,16300
양배추,2024-10-25,평균,16300
양배추,2024-10-25,평년,10847
양배추,2024-10-28,가락도매,19800
양배추,2024-10-28,평균,19800
양배추,2024-10-28,평년,10503
양배추,2024-10-29,가락도매,19800
양배추,2024-10-29,평균,19800
양배추,2024-10-29,평년,10649
양배추,2024-10-30,가락도매,18500
양배추,2024-10-30,평균,18500
양배추,2024-10-30,평년,10846
양배추,2024-10-31,가락도매,19300
양배추,2024-10-31,평균,19300
양배추,2024-10-31,평년,10948
양배추,2024-11-01,가락도매,20300
양배추,2024-11-01,평균,20300
양배추,2024-11-01,평년,11081
양배추,2024-11-04,가락도매,20000
양배추,2024-11-04,평균,20000
양배추,2024-11-04,평년,11148
양배추,2024-11-05,가락도매,19300
양배추,2024-11-05,평균,19300
양배추,2024-11-05,평년,11263
양배추,2024-11-06,가락도매,18000
양배추,2024-11-06,평균,18000
양배추,2024-11-06,평년,11102
양배추,2024-11-07,가락도매,17600
양배추,2024-11-07,평균,17600
양배추,2024-11-07,평년,10808
양배추,2024-11-08,가락도매,17300
양배추,2024-11-08,평균,17300
양배추,2024-11-08,평년,10588
양배추,2024-11-11,가락도매,17600
양배추,2024-11-11,평균,17600
양배추,2024-11-11,평년,9710
양배추,2024-11-12,가락도매,17300
양배추,2024-11-12,평균,17300
양배추,2024-11-12,평년,9683
양배추,2024-11-13,가락도매,17300
양배추,2024-11-13,평균,17300
양배추,2024-11-13,평년,9683
양배추,2024-11-14,가락도매,17600
양배추,2024-11-14,평균,17600
양배추,2024-11-14,평년,9421
양배추,2024-11-15,가락도매,17600
양배추,2024-11-15,평균,17600
양배추,2024-11-15,평년,8975
양배추,2024-11-18,가락도매,17300
양배추,2024-11-18,평균,17300
양배추,2024-11-18,평년,8163
양배추,2024-11-19,가락도매,14600
양배추,2024-11-19,평균,14600
양배추,2024-11-19,평년,8052
양배추,2024-11-20,가락도매,14300
양배추,2024-11-20,평균,14300
양배추,2024-11-20,평년,8018
양배추,2024-11-21,가락도매,14600
양배추,2024-11-21,평균,14600
양배추,2024-11-21,평년,7929
양배추,2024-11-22,가락도매,14600
양배추,2024-11-22,평균,14600
양배추,2024-11-22,평년,7841
양배추,2024-11-25,가락도매,15600
양배추,2024-11-25,평균,15600
양배추,2024-11-25,평년,6975
양배추,2024-11-26,가락도매,15600
양배추,2024-11-26,평균,15600
양배추,2024-11-26,평년,6759
양배추,2024-11-27,가락도매,16300
양배추,2024-11-27,평균,16300
양배추,2024-11-27,평년,6625
양배추,2024-11-28,가락도매,16300
양배추,2024-11-28,평균,16300
양배추,2024-11-28,평년,6475
양배추,2024-11-29,가락도매,16300
양배추,2024-11-29,평균,16300
양배추,2024-11-29,평년,6475
양배추,2024-12-02,가락도매,15300
양배추,2024-12-02,평균,15300
양배추,2024-12-02,평년,6342
양배추,2024-12-03,가락도매,14600
양배추,2024-12-03,평균,14600
양배추,2024-12-03,평년,6408
양배추,2024-12-04,가락도매,15300
양배추,2024-12-04,평균,15300
양배추,2024-12-04,평년,6503
양배추,2024-12-05,가락도매,15300
양배추,2024-12-05,평균,15300
양배추,2024-12-05,평년,6609
양배추,2024-12-09,가락도매,15600
양배추,2024-12-09,평균,15600
양배추,2024-12-09,평년,6688
양배추,2024-12-10,가락도매,15300
양배추,2024-12-10,평균,15300
양배추,2024-12-10,평년,6644
양배추,2024-12-11,가락도매,15600
양배추,2024-12-11,평균,15600
양배추,2024-12-11,평년,6760
양배추,2024-12-12,가락도매,14600
양배추,2024-12-12,평균,14600
양배추,2024-12-12,평년,6776
양배추,2024-12-13,가락도매,15000
양배추,2024-12-13,평균,15000
양배추,2024-12-13,평년,6864
양배추,2024-12-16,가락도매,15000
양배추,2024-12-16,평균,15000
양배추,2024-12-16,평년,7624
양배추,2024-12-17,가락도매,12600
양배추,2024-12-17,평균,12600
양배추,2024-12-17,평년,7585
양배추,2024-12-18,가락도매,14000
양배추,2024-12-18,평균,14000
양배추,2024-12-18,평년,7602
양배추,2024-12-19,가락도매,14000
양배추,2024-12-19,평균,14000
양배추,2024-12-19,평년,7680
양배추,2024-12-20,가락도매,14300
양배추,2024-12-20,평균,14300
양배추,2024-12-20,평년,7902
양배추,2024-12-23,가락도매,14300
양배추,2024-12-23,평균,14300
양배추,2024-12-23,평년,8383
양배추,2024-12-24,가락도매,14300
양배추,2024-12-24,평균,14300
양배추,2024-12-24,평년,8643
양배추,2024-12-26,가락도매,13000
양배추,2024-12-26,평균,13000
양배추,2024-12-26,평년,8455
양배추,2024-12-27,가락도매,13600
양배추,2024-12-27,평균,13600
양배추,2024-12-27,평년,8322
양배추,2024-12-30,가락도매,14000
양배추,2024-12-30,평균,14000
양배추,2024-12-30,평년,8375
양배추,2024-12-31,가락도매,16600
양배추,2024-12-31,평균,16600
양배추,2024-12-31,평년,8803
양배추,2025-01-02,가락도매,16600
양배추,2025-01-02,평균,16600
양배추,2025-01-02,평년,8825
양배추,2025-01-03,가락도매,20600
양배추,2025-01-03,평균,20600
양배추,2025-01-03,평년,8625
양배추,2025-01-06,가락도매,19300
양배추,2025-01-06,평균,19300
양배추,2025-01-06,평년,8693
양배추,2025-01-07,가락도매,19600
양배추,2025-01-07,평균,19600
양배추,2025-01-07,평년,8818
양배추,2025-01-08,가락도매,19600
양배추,2025-01-08,평균,19600
양배추,2025-01-08,평년,8924
양배추,2025-01-09,가락도매,20000
양배추,2025-01-09,평균,20000
양배추,2025-01-09,평년,8909
양배추,2025-01-10,가락도매,20000
양배추,2025-01-10,평균,20000
양배추,2025-01-10,평년,8798
양배추,2025-01-13,가락도매,19600
양배추,2025-01-13,평균,19600
양배추,2025-01-13,평년,8685
양배추,2025-01-14,가락도매,19000
양배추,2025-01-14,평균,19000
양배추,2025-01-14,평년,8670
양배추,2025-01-15,가락도매,19000
양배추,2025-01-15,평균,19000
양배추,2025-01-15,평년,8515
양배추,2025-01-16,가락도매,19300
양배추,2025-01-16,평균,19300
양배추,2025-01-16,평년,8665
양배추,2025-01-17,가락도매,18000
양배추,2025-01-17,평균,18000
양배추,2025-01-17,평년,8732
양배추,2025-01-20,가락도매,17600
양배추,2025-01-20,평균,17600
양배추,2025-01-20,평년,8781
양배추,2025-01-21,가락도매,17600
양배추,2025-01-21,평균,17600
양배추,2025-01-21,평년,8632
양배추,2025-01-22,가락도매,22300
양배추,2025-01-22,평균,22300
양배추,2025-01-22,평년,8693
양배추,2025-01-23,가락도매,23600
양배추,2025-01-23,평균,23600
양배추,2025-01-23,평년,8643
양배추,2025-01-24,가락도매,24300
양배추,2025-01-24,평균,24300
양배추,2025-01-24,평년,8643
양배추,2025-01-31,가락도매,24300
양배추,2025-01-31,평균,24300
양배추,2025-01-31,평년,9091
양배추,2025-02-03,가락도매,25000
양배추,2025-02-03,평균,25000
양배추,2025-02-03,평년,8621
양배추,2025-02-04,가락도매,25300
양배추,2025-02-04,평균,25300
양배추,2025-02-04,평년,8576
양배추,2025-02-05,가락도매,25300
양배추,2025-02-05,평균,25300
양배추,2025-02-05,평년,8648
양배추,2025-02-06,가락도매,25300
양배추,2025-02-06,평균,25300
양배추,2025-02-06,평년,8693
양배추,2025-02-07,가락도매,25300
양배추,2025-02-07,평균,25300
양배추,2025-02-07,평년,8709
양배추,2025-02-10,가락도매,25000
양배추,2025-02-10,평균,25000
양배추,2025-02-10,평년,8905
양배추,2025-02-11,가락도매,25600
양배추,2025-02-11,평균,25600
양배추,2025-02-11,평년,8860
양배추,2025-02-12,가락도매,25600
양배추,2025-02-12,평균,25600
양배추,2025-02-12,평년,8860
양배추,2025-02-13,가락도매,25600
양배추,2025-02-13,평균,25600
양배추,2025-02-13,평년,8871
양배추,2025-02-14,가락도매,25600
양배추,2025-02-14,평균,25600
양배추,2025-02-14,평년,8960
양배추,2025-02-17,가락도매,24600
양배추,2025-02-17,평균,24600
양배추,2025-02-17,평년,8937
양배추,2025-02-18,가락도매,25300
양배추,2025-02-18,평균,25300
양배추,2025-02-18,평년,8820
양배추,2025-02-19,가락도매,25000
양배추,2025-02-19,평균,25000
양배추,2025-02-19,평년,8603
양배추,2025-02-20,가락도매,24300
양배추,2025-02-20,평균,24300
양배추,2025-02-20,평년,8414
양배추,2025-02-21,가락도매,24300
양배추,2025-02-21,평균,24300
양배추,2025-02-21,평년,8370
양배추,2025-02-24,가락도매,24300
양배추,2025-02-24,평균,24300
양배추,2025-02-24,평년,8165
양배추,2025-02-25,가락도매,25600
양배추,2025-02-25,평균,25600
양배추,2025-02-25,평년,8448
양배추,2025-02-26,가락도매,30000
양배추,2025-02-26,평균,30000
양배추,2025-02-26,평년,8421
양배추,2025-02-27,가락도매,29600
양배추,2025-02-27,평균,29600
양배추,2025-02-27,평년,8360
양배추,2025-02-28,가락도매,29600
양배추,2025-02-28,평균,29600
양배추,2025-02-28,평년,8509
양배추,2025-03-04,가락도매,30300
양배추,2025-03-04,평균,30300
양배추,2025-03-04,평년,9465
양배추,2025-03-05,가락도매,30300
양배추,2025-03-05,평균,30300
양배추,2025-03-05,평년,9748
양배추,2025-03-06,가락도매,32000
양배추,2025-03-06,평균,32000
양배추,2025-03-06,평년,9593
양배추,2025-03-07,가락도매,30600
양배추,2025-03-07,평균,30600
양배추,2025-03-07,평년,9365
양배추,2025-03-10,가락도매,29300
양배추,2025-03-10,평균,29300
양배추,2025-03-10,평년,8999
양배추,2025-03-11,가락도매,21600
양배추,2025-03-11,평균,21600
양배추,2025-03-11,평년,8827
양배추,2025-03-12,가락도매,14600
양배추,2025-03-12,평균,14600
양배추,2025-03-12,평년,8816
양배추,2025-03-13,가락도매,15300
양배추,2025-03-13,평균,15300
양배추,2025-03-13,평년,8810
양배추,2025-03-14,가락도매,20600
양배추,2025-03-14,평균,20600
양배추,2025-03-14,평년,8899
양배추,2025-03-17,가락도매,20600
양배추,2025-03-17,평균,20600
양배추,2025-03-17,평년,8933
양배추,2025-03-18,가락도매,20600
양배추,2025-03-18,평균,20600
양배추,2025-03-18,평년,9010
양배추,2025-03-19,가락도매,18600
양배추,2025-03-19,평균,18600
양배추,2025-03-19,평년,8916
양배추,2025-03-20,가락도매,16000
양배추,2025-03-20,평균,16000
양배추,2025-03-20,평년,8905
양배추,2025-03-21,가락도매,17600
양배추,2025-03-21,평균,17600
양배추,2025-03-21,평년,8866
양배추,2025-03-24,가락도매,17600
양배추,2025-03-24,평균,17600
양배추,2025-03-24,평년,9239
양배추,2025-03-25,가락도매,17000
양배추,2025-03-25,평균,17000
양배추,2025-03-25,평년,9461
양배추,2025-03-26,가락도매,15000
양배추,2025-03-26,평균,15000
양배추,2025-03-26,평년,9722
양배추,2025-03-27,가락도매,14600
양배추,2025-03-27,평균,14600
양배추,2025-03-27,평년,9922
양배추,2025-03-28,가락도매,15000
양배추,2025-03-28,평균,15000
양배추,2025-03-28,평년,10072
양배추,2025-03-31,가락도매,14600
양배추,2025-03-31,평균,14600
양배추,2025-03-31,평년,9954
양배추,2025-04-01,가락도매,14300
양배추,2025-04-01,평균,14300
양배추,2025-04-01,평년,9977
양배추,2025-04-02,가락도매,15300
양배추,2025-04-02,평균,15300
양배추,2025-04-02,평년,9904
양배추,2025-04-03,가락도매,15300
양배추,2025-04-03,평균,15300
양배추,2025-04-03,평년,10048
양배추,2025-04-04,가락도매,14300
양배추,2025-04-04,평균,14300
양배추,2025-04-04,평년,10152
양배추,2025-04-07,가락도매,15300
양배추,2025-04-07,평균,15300
양배추,2025-04-07,평년,10543
양배추,2025-04-08,가락도매,13600
양배추,2025-04-08,평균,13600
양배추,2025-04-08,평년,10649
양배추,2025-04-09,가락도매,14300
양배추,2025-04-09,평균,14300
양배추,2025-04-09,평년,10883
양배추,2025-04-10,가락도매,14600
양배추,2025-04-10,평균,14600
양배추,2025-04-10,평년,11210
양배추,2025-04-11,가락도매,14300
양배추,2025-04-11,평균,14300
양배추,2025-04-11,평년,11360
양배추,2025-04-14,가락도매,14300
양배추,2025-04-14,평균,14300
양배추,2025-04-14,평년,12150
양배추,2025-04-15,가락도매,14300
양배추,2025-04-15,평균,14300
양배추,2025-04-15,평년,12356
양배추,2025-04-16,가락도매,15000
양배추,2025-04-16,평균,15000
양배추,2025-04-16,평년,12149
양배추,2025-04-17,가락도매,14600
양배추,2025-04-17,평균,14600
양배추,2025-04-17,평년,12071
양배추,2025-04-18,가락도매,15600
양배추,2025-04-18,평균,15600
양배추,2025-04-18,평년,11792
양배추,2025-04-21,가락도매,15300
양배추,2025-04-21,평균,15300
양배추,2025-04-21,평년,11240
양배추,2025-04-22,가락도매,15600
양배추,2025-04-22,평균,15600
양배추,2025-04-22,평년,11168
양배추,2025-04-23,가락도매,16600
양배추,2025-04-23,평균,16600
양배추,2025-04-23,평년,11231
양배추,2025-04-24,가락도매,16600
양배추,2025-04-24,평균,16600
양배추,2025-04-24,평년,11348
양배추,2025-04-25,가락도매,15300
양배추,2025-04-25,평균,15300
양배추,2025-04-25,평년,11627
양배추,2025-04-28,가락도매,16000
양배추,2025-04-28,평균,16000
양배추,2025-04-28,평년,12857
양배추,2025-04-29,가락도매,15600
양배추,2025-04-29,평균,15600
양배추,2025-04-29,평년,13215
양배추,2025-04-30,가락도매,15600
양배추,2025-04-30,평균,15600
양배추,2025-04-30,평년,13430
양배추,2025-05-02,가락도매,15600
양배추,2025-05-02,평균,15600
양배추,2025-05-02,평년,13228
양배추,2025-05-07,가락도매,15600
양배추,2025-05-07,평균,15600
양배추,2025-05-07,평년,12622
양배추,2025-05-08,가락도매,15600
양배추,2025-05-08,평균,15600
양배추,2025-05-08,평년,12237
양배추,2025-05-09,가락도매,15300
양배추,2025-05-09,평균,15300
양배추,2025-05-09,평년,12004
양배추,2025-05-12,가락도매,14600
양배추,2025-05-12,평균,14600
양배추,2025-05-12,평년,11793
양배추,2025-05-13,가락도매,14600
양배추,2025-05-13,평균,14600
양배추,2025-05-13,평년,11808
양배추,2025-05-14,가락도매,14600
양배추,2025-05-14,평균,14600
양배추,2025-05-14,평년,11733
양배추,2025-05-15,가락도매,14600
양배추,2025-05-15,평균,14600
양배추,2025-05-15,평년,11745
양배추,2025-05-16,가락도매,14600
양배추,2025-05-16,평균,14600
양배추,2025-05-16,평년,12123
양배추,2025-05-19,가락도매,13600
양배추,2025-05-19,평균,13600
양배추,2025-05-19,평년,11933
양배추,2025-05-20,가락도매,11600
양배추,2025-05-20,평균,11600
양배추,2025-05-20,평년,11512
양배추,2025-05-21,가락도매,10300
양배추,2025-05-21,평균,10300
양배추,2025-05-21,평년,11358
양배추,2025-05-22,가락도매,10300
양배추,2025-05-22,평균,10300
양배추,2025-05-22,평년,11433
양배추,2025-05-23,가락도매,9330
양배추,2025-05-23,평균,9330
양배추,2025-05-23,평년,11062
양배추,2025-05-26,가락도매,9330
양배추,2025-05-26,평균,9330
양배추,2025-05-26,평년,9129
양배추,2025-05-27,가락도매,9330
양배추,2025-05-27,평균,9330
양배추,2025-05-27,평년,8204
양배추,2025-05-28,가락도매,9330
양배추,2025-05-28,평균,9330
양배추,2025-05-28,평년,7950
양배추,2025-05-29,가락도매,10000
양배추,2025-05-29,평균,10000
양배추,2025-05-29,평년,7817
양배추,2025-05-30,가락도매,8660
양배추,2025-05-30,평균,8660
양배추,2025-05-30,평년,7385
양배추,2025-06-02,가락도매,8660
양배추,2025-06-02,평균,8660
양배추,2025-06-02,평년,5821
양배추,2025-06-04,가락도매,7330
양배추,2025-06-04,평균,7330
양배추,2025-06-04,평년,5466
양배추,2025-06-05,가락도매,7330
양배추,2025-06-05,평균,7330
양배추,2025-06-05,평년,5588
양배추,2025-06-09,가락도매,7330
양배추,2025-06-09,평균,7330
양배추,2025-06-09,평년,6375
양배추,2025-06-10,가락도매,6330
양배추,2025-06-10,평균,6330
양배추,2025-06-10,평년,6642
양배추,2025-06-11,가락도매,7330
양배추,2025-06-11,평균,7330
양배추,2025-06-11,평년,6731
양배추,2025-06-12,가락도매,7330
양배추,2025-06-12,평균,7330
양배추,2025-06-12,평년,6798
양배추,2025-06-13,가락도매,7330
양배추,2025-06-13,평균,7330
양배추,2025-06-13,평년,6783
양배추,2025-06-16,가락도매,7660
양배추,2025-06-16,평균,7660
양배추,2025-06-16,평년,6532
양배추,2025-06-17,가락도매,8000
양배추,2025-06-17,평균,8000
양배추,2025-06-17,평년,6777
양배추,2025-06-18,가락도매,8000
양배추,2025-06-18,평균,8000
양배추,2025-06-18,평년,6799
양배추,2025-06-19,가락도매,6660
양배추,2025-06-19,평균,6660
양배추,2025-06-19,평년,6876
양배추,2025-06-20,가락도매,6660
양배추,2025-06-20,평균,6660
양배추,2025-06-20,평년,7023
양배추,2025-06-23,가락도매,11300
양배추,2025-06-23,평균,11300
양배추,2025-06-23,평년,7098
양배추,2025-06-24,가락도매,8660
양배추,2025-06-24,평균,8660
양배추,2025-06-24,평년,7042
양배추,2025-06-25,가락도매,7660
양배추,2025-06-25,평균,7660
양배추,2025-06-25,평년,7031
양배추,2025-06-26,가락도매,6660
양배추,2025-06-26,평균,6660
양배추,2025-06-26,평년,7087
양배추,2025-06-27,가락도매,8000
양배추,2025-06-27,평균,8000
양배추,2025-06-27,평년,7155
양배추,2025-06-30,가락도매,7330
양배추,2025-06-30,평균,7330
양배추,2025-06-30,평년,7550
양배추,2025-07-01,가락도매,7000
양배추,2025-07-01,평균,7000
양배추,2025-07-01,평년,7639
양배추,2025-07-02,가락도매,7660
양배추,2025-07-02,평균,7660
양배추,2025-07-02,평년,7839
양배추,2025-07-03,가락도매,7660
양배추,2025-07-03,평균,7660
양배추,2025-07-03,평년,7806
양배추,2025-07-04,가락도매,7660
양배추,2025-07-04,평균,7660
양배추,2025-07-04,평년,7543
양배추,2025-07-07,가락도매,7660
양배추,2025-07-07,평균,7660
양배추,2025-07-07,평년,7418
양배추,2025-07-08,가락도매,8330
양배추,2025-07-08,평균,8330
양배추,2025-07-08,평년,7302
양배추,2025-07-09,가락도매,8000
양배추,2025-07-09,평균,8000
양배추,2025-07-09,평년,7192
양배추,2025-07-10,가락도매,8330
양배추,2025-07-10,평균,8330
양배추,2025-07-10,평년,7186
양배추,2025-07-11,가락도매,9660
양배추,2025-07-11,평균,9660
양배추,2025-07-11,평년,7165
양배추,2025-07-14,가락도매,10600
양배추,2025-07-14,평균,10600
양배추,2025-07-14,평년,6763
양배추,2025-07-15,가락도매,10600
양배추,2025-07-15,평균,10600
양배추,2025-07-15,평년,6616
양배추,2025-07-16,가락도매,10000
양배추,2025-07-16,평균,10000
양배추,2025-07-16,평년,6571
양배추,2025-07-17,가락도매,10000
양배추,2025-07-17,평균,10000
양배추,2025-07-17,평년,6554
양배추,2025-07-18,가락도매,10600
양배추,2025-07-18,평균,10600
양배추,2025-07-18,평년,6709
양배추,2025-07-21,가락도매,9660
양배추,2025-07-21,평균,9660
양배추,2025-07-21,평년,7181
양배추,2025-07-22,가락도매,9660
양배추,2025-07-22,평균,9660
양배추,2025-07-22,평년,7481
양배추,2025-07-23,가락도매,8660
양배추,2025-07-23,평균,8660
양배추,2025-07-23,평년,7703
양배추,2025-07-24,가락도매,8660
양배추,2025-07-24,평균,8660
양배추,2025-07-24,평년,7926
양배추,2025-07-25,가락도매,10000
양배추,2025-07-25,평균,10000
양배추,2025-07-25,평년,8037
양배추,2025-07-28,가락도매,10000
양배추,2025-07-28,평균,10000
양배추,2025-07-28,평년,8699
양배추,2025-07-29,가락도매,12300
양배추,2025-07-29,평균,12300
양배추,2025-07-29,평년,8988
양배추,2025-07-30,가락도매,13000
양배추,2025-07-30,평균,13000
양배추,2025-07-30,평년,9203
양배추,2025-07-31,가락도매,17600
양배추,2025-07-31,평균,17600
양배추,2025-07-31,평년,9599
양배추,2025-08-01,가락도매,15000
양배추,2025-08-01,평균,15000
양배추,2025-08-01,평년,10153
양배추,2025-08-04,가락도매,13000
양배추,2025-08-04,평균,13000
양배추,2025-08-04,평년,10874
양배추,2025-08-05,가락도매,12600
양배추,2025-08-05,평균,12600
양배추,2025-08-05,평년,10645
양배추,2025-08-06,가락도매,12600
양배추,2025-08-06,평균,12600
양배추,2025-08-06,평년,10858
양배추,2025-08-07,가락도매,10600
양배추,2025-08-07,평균,10600
양배추,2025-08-07,평년,10763
양배추,2025-08-08,가락도매,11300
양배추,2025-08-08,평균,11300
양배추,2025-08-08,평년,11308
양배추,2025-08-11,가락도매,11300
양배추,2025-08-11,평균,11300
양배추,2025-08-11,평년,11502
양배추,2025-08-12,가락도매,8660
양배추,2025-08-12,평균,8660
양배추,2025-08-12,평년,11107
양배추,2025-08-13,가락도매,7660
양배추,2025-08-13,평균,7660
양배추,2025-08-13,평년,10715
양배추,2025-08-14,가락도매,7660
양배추,2025-08-14,평균,7660
양배추,2025-08-14,평년,10426
양배추,2025-08-18,가락도매,8330
양배추,2025-08-18,평균,8330
양배추,2025-08-18,평년,9378
양배추,2025-08-19,가락도매,7660
양배추,2025-08-19,평균,7660
양배추,2025-08-19,평년,9411
양배추,2025-08-20,가락도매,7330
양배추,2025-08-20,평균,7330
양배추,2025-08-20,평년,9297
양배추,2025-08-21,가락도매,7330
양배추,2025-08-21,평균,7330
양배추,2025-08-21,평년,9408
양배추,2025-08-22,가락도매,7330
양배추,2025-08-22,평균,7330
양배추,2025-08-22,평년,9525
양배추,2025-08-25,가락도매,10600
양배추,2025-08-25,평균,10600
양배추,2025-08-25,평년,9802
양배추,2025-08-26,가락도매,8660
양배추,2025-08-26,평균,8660
양배추,2025-08-26,평년,9854
양배추,2025-08-27,가락도매,10600
양배추,2025-08-27,평균,10600
양배추,2025-08-27,평년,9788
양배추,2025-08-28,가락도매,8660
양배추,2025-08-28,평균,8660
양배추,2025-08-28,평년,9585
양배추,2025-08-29,가락도매,8660
양배추,2025-08-29,평균,8660
양배추,2025-08-29,평년,9604
양배추,2025-09-01,가락도매,9330
양배추,2025-09-01,평균,9330
양배추,2025-09-01,평년,10218
양배추,2025-09-02,가락도매,10600
양배추,2025-09-02,평균,10600
양배추,2025-09-02,평년,10833
양배추,2025-09-03,가락도매,10600
양배추,2025-09-03,평균,10600
양배추,2025-09-03,평년,11364
양배추,2025-09-04,가락도매,10600
양배추,2025-09-04,평균,10600
양배추,2025-09-04,평년,11680
양배추,2025-09-05,가락도매,11300
양배추,2025-09-05,평균,11300
양배추,2025-09-05,평년,11943
양배추,2025-09-08,가락도매,12600
양배추,2025-09-08,평균,12600
양배추,2025-09-08,평년,11922
양배추,2025-09-09,가락도매,10600
양배추,2025-09-09,평균,10600
양배추,2025-09-09,평년,11940
양배추,2025-09-10,가락도매,10600
양배추,2025-09-10,평균,10600
양배추,2025-09-10,평년,12195
양배추,2025-09-11,가락도매,12600
양배추,2025-09-11,평균,12600
양배추,2025-09-11,평년,12360
양배추,2025-09-12,가락도매,12000
양배추,2025-09-12,평균,12000
양배추,2025-09-12,평년,12498
양배추,2025-09-15,가락도매,12600
양배추,2025-09-15,평균,12600
양배추,2025-09-15,평년,11999
양배추,2025-09-16,가락도매,10600
양배추,2025-09-16,평균,10600
양배추,2025-09-16,평년,11972
양배추,2025-09-17,가락도매,10600
양배추,2025-09-17,평균,10600
양배추,2025-09-17,평년,11747
양배추,2025-09-18,가락도매,10600
양배추,2025-09-18,평균,10600
양배추,2025-09-18,평년,11880
양배추,2025-09-19,가락도매,10600
양배추,2025-09-19,평균,10600
양배추,2025-09-19,평년,11915
양배추,2025-09-22,가락도매,11300
양배추,2025-09-22,평균,11300
양배추,2025-09-22,평년,11799
양배추,2025-09-23,가락도매,11300
양배추,2025-09-23,평균,11300
양배추,2025-09-23,평년,11692
양배추,2025-09-24,가락도매,11300
양배추,2025-09-24,평균,11300
양배추,2025-09-24,평년,11761
양배추,2025-09-25,가락도매,10600
양배추,2025-09-25,평균,10600
양배추,2025-09-25,평년,11781
양배추,2025-09-26,가락도매,9660
양배추,2025-09-26,평균,9660
양배추,2025-09-26,평년,11761
양배추,2025-09-29,가락도매,10000
양배추,2025-09-29,평균,10000
양배추,2025-09-29,평년,12300
양배추,2025-09-30,가락도매,9330
양배추,2025-09-30,평균,9330
양배추,2025-09-30,평년,12627
양배추,2025-10-01,가락도매,9000
양배추,2025-10-01,평균,9000
양배추,2025-10-01,평년,12742
양배추,2025-10-02,가락도매,9660
양배추,2025-10-02,평균,9660
양배추,2025-10-02,평년,12862
양배추,2025-10-10,가락도매,8660
양배추,2025-10-10,평균,8660
양배추,2025-10-10,평년,13695
양배추,2025-10-13,가락도매,8660
양배추,2025-10-13,평균,8660
양배추,2025-10-13,평년,13648
양배추,2025-10-14,가락도매,7660
양배추,2025-10-14,평균,7660
양배추,2025-10-14,평년,13768
양배추,2025-10-15,가락도매,8660
양배추,2025-10-15,평균,8660
양배추,2025-10-15,평년,13737
양배추,2025-10-16,가락도매,8330
양배추,2025-10-16,평균,8330
양배추,2025-10-16,평년,13862
양배추,2025-10-17,가락도매,8660
양배추,2025-10-17,평균,8660
양배추,2025-10-17,평년,13760
양배추,2025-10-20,가락도매,8330
양배추,2025-10-20,평균,8330
양배추,2025-10-20,평년,13337
양배추,2025-10-21,가락도매,7830
양배추,2025-10-21,평균,7830
양배추,2025-10-21,평년,13378
양배추,2025-10-22,가락도매,7330
양배추,2025-10-22,평균,7330
양배추,2025-10-22,평년,13448
양배추,2025-10-23,가락도매,7660
양배추,2025-10-23,평균,7660
양배추,2025-10-23,평년,13610
양배추,2025-10-24,가락도매,8330
양배추,2025-10-24,평균,8330
양배추,2025-10-24,평년,13673
양배추,2025-10-27,가락도매,8330
양배추,2025-10-27,평균,8330
양배추,2025-10-27,평년,13029
양배추,2025-10-28,가락도매,8660
양배추,2025-10-28,평균,8660
양배추,2025-10-28,평년,12789
양배추,2025-10-29,가락도매,11600
양배추,2025-10-29,평균,11600
양배추,2025-10-29,평년,12716
양배추,2025-10-30,가락도매,11000
양배추,2025-10-30,평균,11000
양배추,2025-10-30,평년,12713
양배추,2025-10-31,가락도매,11000
양배추,2025-10-31,평균,11000
양배추,2025-10-31,평년,12681
양배추,2025-11-03,가락도매,8660
양배추,2025-11-03,평균,8660
양배추,2025-11-03,평년,12873
양배추,2025-11-04,가락도매,8660
양배추,2025-11-04,평균,8660
양배추,2025-11-04,평년,12814
양배추,2025-11-05,가락도매,9000
양배추,2025-11-05,평균,9000
양배추,2025-11-05,평년,12930
양배추,2025-11-06,가락도매,8000
양배추,2025-11-06,평균,8000
양배추,2025-11-06,평년,12702
양배추,2025-11-07,가락도매,8660
양배추,2025-11-07,평균,8660
양배추,2025-11-07,평년,12325
양배추,2025-11-10,가락도매,10300
양배추,2025-11-10,평균,10300
양배추,2025-11-10,평년,11063
양배추,2025-11-11,가락도매,10000
양배추,2025-11-11,평균,10000
양배추,2025-11-11,평년,10910
양배추,2025-11-12,가락도매,9330
양배추,2025-11-12,평균,9330
양배추,2025-11-12,평년,10749
양배추,2025-11-13,가락도매,9660
양배추,2025-11-13,평균,9660
양배추,2025-11-13,평년,10749
양배추,2025-11-14,가락도매,9660
양배추,2025-11-14,평균,9660
양배추,2025-11-14,평년,10554
양배추,2025-11-17,가락도매,11300
양배추,2025-11-17,평균,11300
양배추,2025-11-17,평년,9641
양배추,2025-11-18,가락도매,11300
양배추,2025-11-18,평균,11300
양배추,2025-11-18,평년,9116
양배추,2025-11-19,가락도매,12300
양배추,2025-11-19,평균,12300
양배추,2025-11-19,평년,8738
양배추,2025-11-20,가락도매,12600
양배추,2025-11-20,평균,12600
양배추,2025-11-20,평년,8305
양배추,2025-11-21,가락도매,13000
양배추,2025-11-21,평균,13000
양배추,2025-11-21,평년,8038
양배추,2025-11-24,가락도매,15000
양배추,2025-11-24,평균,15000
양배추,2025-11-24,평년,7350
양배추,2025-11-25,가락도매,13300
양배추,2025-11-25,평균,13300
양배추,2025-11-25,평년,6975
양배추,2025-11-26,가락도매,11600
양배추,2025-11-26,평균,11600
양배추,2025-11-26,평년,6759
양배추,2025-11-27,가락도매,11600
양배추,2025-11-27,평균,11600
양배추,2025-11-27,평년,6625
양배추,2025-11-28,가락도매,12600
양배추,2025-11-28,평균,12600
양배추,2025-11-28,평년,6475
양배추,2025-12-01,가락도매,14600
양배추,2025-12-01,평균,14600
양배추,2025-12-01,평년,6292
양배추,2025-12-02,가락도매,14600
양배추,2025-12-02,평균,14600
양배추,2025-12-02,평년,6342
양배추,2025-12-03,가락도매,14000
양배추,2025-12-03,평균,14000
양배추,2025-12-03,평년,6408
양배추,2025-12-04,가락도매,13000
양배추,2025-12-04,평균,13000
양배추,2025-12-04,평년,6503
양배추,2025-12-08,가락도매,10600
양배추,2025-12-08,평균,10600
양배추,2025-12-08,평년,6666
양배추,2025-12-09,가락도매,11000
양배추,2025-12-09,평균,11000
양배추,2025-12-09,평년,6688
양배추,2025-12-10,가락도매,11000
양배추,2025-12-10,평균,11000
양배추,2025-12-10,평년,6644
양배추,2025-12-11,가락도매,11300
양배추,2025-12-11,평균,11300
양배추,2025-12-11,평년,6760
양배추,2025-12-12,가락도매,12600
양배추,2025-12-12,평균,12600
양배추,2025-12-12,평년,6776
양배추,2025-12-15,가락도매,12600
양배추,2025-12-15,평균,12600
양배추,2025-12-15,평년,7419
양배추,2025-12-16,가락도매,12300
양배추,2025-12-16,평균,12300
양배추,2025-12-16,평년,7624
양배추,2025-12-17,가락도매,12300
양배추,2025-12-17,평균,12300
양배추,2025-12-17,평년,7585
양배추,2025-12-18,가락도매,12300
양배추,2025-12-18,평균,12300
양배추,2025-12-18,평년,7602
양배추,2025-12-19,가락도매,11600
양배추,2025-12-19,평균,11600
양배추,2025-12-19,평년,7680
양배추,2025-12-22,가락도매,11000
양배추,2025-12-22,평균,11000
양배추,2025-12-22,평년,8393
양배추,2025-12-23,가락도매,11000
양배추,2025-12-23,평균,11000
양배추,2025-12-23,평년,8383
양배추,2025-12-24,가락도매,11000
양배추,2025-12-24,평균,11000
양배추,2025-12-24,평년,8643
양배추,2025-12-26,가락도매,10600
양배추,2025-12-26,평균,10600
양배추,2025-12-26,평년,8455
양배추,2025-12-29,가락도매,10600
양배추,2025-12-29,평균,10600
양배추,2025-12-29,평년,8220
양배추,2025-12-30,가락도매,11000
양배추,2025-12-30,평균,11000
양배추,2025-12-30,평년,8375
양배추,2025-12-31,가락도매,11000
양배추,2025-12-31,평균,11000
양배추,2025-12-31,평년,8803
양배추,2026-01-02,가락도매,11000
양배추,2026-01-02,평균,11000
양배추,2026-01-02,평년,8825
양배추,2026-01-05,가락도매,14000
양배추,2026-01-05,평균,14000
양배추,2026-01-05,평년,8531
양배추,2026-01-06,가락도매,12300
양배추,2026-01-06,평균,12300
양배추,2026-01-06,평년,8693
양배추,2026-01-07,가락도매,10600
양배추,2026-01-07,평균,10600
양배추,2026-01-07,평년,8818
양배추,2026-01-08,가락도매,10300
양배추,2026-01-08,평균,10300
양배추,2026-01-08,평년,8924
양배추,2026-01-09,가락도매,10600
양배추,2026-01-09,평균,10600
양배추,2026-01-09,평년,9018
양배추,2026-01-12,가락도매,10600
양배추,2026-01-12,평균,10600
양배추,2026-01-12,평년,8707
양배추,2026-01-13,가락도매,11300
양배추,2026-01-13,평균,11300
양배추,2026-01-13,평년,8685
양배추,2026-01-14,가락도매,11300
양배추,2026-01-14,평균,11300
양배추,2026-01-14,평년,8670
양배추,2026-01-15,가락도매,11300
양배추,2026-01-15,평균,11300
양배추,2026-01-15,평년,8515
양배추,2026-01-16,가락도매,11300
양배추,2026-01-16,평균,11300
양배추,2026-01-16,평년,8665
양배추,2026-01-19,가락도매,11300
양배추,2026-01-19,평균,11300
양배추,2026-01-19,평년,8709
양배추,2026-01-20,가락도매,11300
양배추,2026-01-20,평균,11300
양배추,2026-01-20,평년,8781
양배추,2026-01-21,가락도매,12300
양배추,2026-01-21,평균,12300
양배추,2026-01-21,평년,8632
양배추,2026-01-22,가락도매,12300
양배추,2026-01-22,평균,12300
양배추,2026-01-22,평년,8693
양배추,2026-01-23,가락도매,11600
양배추,2026-01-23,평균,11600
양배추,2026-01-23,평년,8643
양배추,2026-01-26,가락도매,11600
양배추,2026-01-26,평균,11600
양배추,2026-01-26,평년,8945
양배추,2026-01-27,가락도매,11600
양배추,2026-01-27,평균,11600
양배추,2026-01-27,평년,9345
양배추,2026-01-28,가락도매,11600
양배추,2026-01-28,평균,11600
양배추,2026-01-28,평년,9450
양배추,2026-01-29,가락도매,11600
양배추,2026-01-29,평균,11600
양배추,2026-01-29,평년,9283
양배추,2026-01-30,가락도매,11600
양배추,2026-01-30,평균,11600
양배추,2026-01-30,평년,9224
양배추,2026-02-02,가락도매,11600
양배추,2026-02-02,평균,11600
양배추,2026-02-02,평년,8842
양배추,2026-02-03,가락도매,12600
양배추,2026-02-03,평균,12600
양배추,2026-02-03,평년,8621
양배추,2026-02-04,가락도매,12300
양배추,2026-02-04,평균,12300
양배추,2026-02-04,평년,8576
양배추,2026-02-05,가락도매,12300
양배추,2026-02-05,평균,12300
양배추,2026-02-05,평년,8648
양배추,2026-02-06,가락도매,12300
양배추,2026-02-06,평균,12300
양배추,2026-02-06,평년,8693
양배추,2026-02-09,가락도매,12300
양배추,2026-02-09,평균,12300
양배추,2026-02-09,평년,8793
양배추,2026-02-10,가락도매,12300
양배추,2026-02-10,평균,12300
양배추,2026-02-10,평년,8905
양배추,2026-02-11,가락도매,12300
양배추,2026-02-11,평균,12300
양배추,2026-02-11,평년,8860
양배추,2026-02-12,가락도매,13000
양배추,2026-02-12,평균,13000
양배추,2026-02-12,평년,8860
양배추,2026-02-13,가락도매,13000
양배추,2026-02-13,평균,13000
양배추,2026-02-13,평년,8871
양배추,2026-02-19,가락도매,13000
양배추,2026-02-19,평균,13000
양배추,2026-02-19,평년,8603
양배추,2026-02-20,가락도매,13000
양배추,2026-02-20,평균,13000
양배추,2026-02-20,평년,8414
양배추,2026-02-23,가락도매,13000
양배추,2026-02-23,평균,13000
양배추,2026-02-23,평년,7987
양배추,2026-02-24,가락도매,13000
양배추,2026-02-24,평균,13000
양배추,2026-02-24,평년,8165
양배추,2026-02-25,가락도매,13000
양배추,2026-02-25,평균,13000
양배추,2026-02-25,평년,8448
양배추,2026-02-26,가락도매,12300
양배추,2026-02-26,평균,12300
양배추,2026-02-26,평년,8421
양배추,2026-02-27,가락도매,12300
양배추,2026-02-27,평균,12300
양배추,2026-02-27,평년,8360
양배추,2026-03-03,가락도매,12600
양배추,2026-03-03,평균,12600
양배추,2026-03-03,평년,9165
양배추,2026-03-04,가락도매,12600
양배추,2026-03-04,평균,12600
양배추,2026-03-04,평년,9465
양배추,2026-03-05,가락도매,12300
양배추,2026-03-05,평균,12300
양배추,2026-03-05,평년,9815
양배추,2026-03-06,가락도매,12300
양배추,2026-03-06,평균,12300
양배추,2026-03-06,평년,10126
양배추,2026-03-09,가락도매,10000
양배추,2026-03-09,평균,10000
양배추,2026-03-09,평년,9816
양배추,2026-03-10,가락도매,9000
양배추,2026-03-10,평균,9000
양배추,2026-03-10,평년,9733
양배추,2026-03-11,가락도매,9000
양배추,2026-03-11,평균,9000
양배추,2026-03-11,평년,9574
양배추,2026-03-12,가락도매,8330
양배추,2026-03-12,평균,8330
양배추,2026-03-12,평년,9383
양배추,2026-03-13,가락도매,8330
양배추,2026-03-13,평균,8330
양배추,2026-03-13,평년,9197
양배추,2026-03-16,가락도매,7330
양배추,2026-03-16,평균,7330
양배추,2026-03-16,평년,9213
양배추,2026-03-17,가락도매,7330
양배추,2026-03-17,평균,7330
양배추,2026-03-17,평년,9124
양배추,2026-03-18,가락도매,7330
양배추,2026-03-18,평균,7330
양배추,2026-03-18,평년,9110
양배추,2026-03-19,가락도매,7660
양배추,2026-03-19,평균,7660
양배추,2026-03-19,평년,8996
양배추,2026-03-20,가락도매,7660
양배추,2026-03-20,평균,7660
양배추,2026-03-20,평년,8965
양배추,2026-03-23,가락도매,7660
양배추,2026-03-23,평균,7660
양배추,2026-03-23,평년,9264
양배추,2026-03-24,가락도매,7660
양배추,2026-03-24,평균,7660
양배추,2026-03-24,평년,9531
양배추,2026-03-25,가락도매,7000
양배추,2026-03-25,평균,7000
양배추,2026-03-25,평년,10634
양배추,2026-03-26,가락도매,6330
양배추,2026-03-26,평균,6330
양배추,2026-03-26,평년,11135
양배추,2026-03-27,가락도매,5660
양배추,2026-03-27,평균,5660
양배추,2026-03-27,평년,10936
양배추,2026-03-30,가락도매,6000
양배추,2026-03-30,평균,6000
양배추,2026-03-30,평년,10562
양배추,2026-03-31,가락도매,6000
양배추,2026-03-31,평균,6000
양배추,2026-03-31,평년,10474
양배추,2026-04-01,가락도매,6000
양배추,2026-04-01,평균,6000
양배추,2026-04-01,평년,10443
양배추,2026-04-02,가락도매,6000
양배추,2026-04-02,평균,6000
양배추,2026-04-02,평년,10391
양배추,2026-04-03,가락도매,6000
양배추,2026-04-03,평균,6000
양배추,2026-04-03,평년,10582
양배추,2026-04-06,가락도매,6000
양배추,2026-04-06,평균,6000
양배추,2026-04-06,평년,10874
양배추,2026-04-07,가락도매,6000
양배추,2026-04-07,평균,6000
양배추,2026-04-07,평년,10897
양배추,2026-04-08,가락도매,6000
양배추,2026-04-08,평균,6000
양배추,2026-04-08,평년,10856
양배추,2026-04-09,가락도매,6000
양배추,2026-04-09,평균,6000
양배추,2026-04-09,평년,10889
양배추,2026-04-10,가락도매,6000
양배추,2026-04-10,평균,6000
양배추,2026-04-10,평년,10817
양배추,2026-04-13,가락도매,5330
양배추,2026-04-13,평균,5330
양배추,2026-04-13,평년,11297
양배추,2026-04-14,가락도매,5330
양배추,2026-04-14,평균,5330
양배추,2026-04-14,평년,11450
양배추,2026-04-15,가락도매,5330
양배추,2026-04-15,평균,5330
양배추,2026-04-15,평년,11439
양배추,2026-04-16,가락도매,5330
양배추,2026-04-16,평균,5330
양배추,2026-04-16,평년,11469
양배추,2026-04-17,가락도매,5330
양배추,2026-04-17,평균,5330
양배추,2026-04-17,평년,11525
양배추,2026-04-20,가락도매,5330
양배추,2026-04-20,평균,5330
양배추,2026-04-20,평년,11243
양배추,2026-04-21,가락도매,5330
양배추,2026-04-21,평균,5330
양배추,2026-04-21,평년,11353
양배추,2026-04-22,가락도매,5330
양배추,2026-04-22,평균,5330
양배추,2026-04-22,평년,11481
양배추,2026-04-23,가락도매,5660
양배추,2026-04-23,평균,5660
양배추,2026-04-23,평년,11458
양배추,2026-04-24,가락도매,5660
양배추,2026-04-24,평균,5660
양배추,2026-04-24,평년,11555
양배추,2026-04-27,가락도매,5660
양배추,2026-04-27,평균,5660
양배추,2026-04-27,평년,12593
양배추,2026-04-28,가락도매,5660
양배추,2026-04-28,평균,5660
양배추,2026-04-28,평년,12864
양배추,2026-04-29,가락도매,5660
양배추,2026-04-29,평균,5660
양배추,2026-04-29,평년,13088
양배추,2026-04-30,가락도매,5660
양배추,2026-04-30,평균,5660
양배추,2026-04-30,평년,13323
양배추,2026-05-04,가락도매,5660
양배추,2026-05-04,평균,5660
양배추,2026-05-04,평년,13321
양배추,2026-05-06,가락도매,5660
양배추,2026-05-06,평균,5660
양배추,2026-05-06,평년,13255
양배추,2026-05-07,가락도매,5660
양배추,2026-05-07,평균,5660
양배추,2026-05-07,평년,13135
양배추,2026-05-08,가락도매,5660
양배추,2026-05-08,평균,5660
양배추,2026-05-08,평년,13084
양배추,2026-05-11,가락도매,5660
양배추,2026-05-11,평균,5660
양배추,2026-05-11,평년,13055
양배추,2026-05-12,가락도매,6000
양배추,2026-05-12,평균,6000
양배추,2026-05-12,평년,13373
양배추,2026-05-13,가락도매,6000
양배추,2026-05-13,평균,6000
양배추,2026-05-13,평년,13522
양배추,2026-05-14,가락도매,6000
양배추,2026-05-14,평균,6000
양배추,2026-05-14,평년,13533
양배추,2026-05-15,가락도매,6000
양배추,2026-05-15,평균,6000
양배추,2026-05-15,평년,13678
양배추,2026-05-18,가락도매,6330
양배추,2026-05-18,평균,6330
양배추,2026-05-18,평년,14007
양배추,2026-05-19,가락도매,6330
양배추,2026-05-19,평균,6330
양배추,2026-05-19,평년,13547
양배추,2026-05-20,가락도매,6330
양배추,2026-05-20,평균,6330
양배추,2026-05-20,평년,12938
양배추,2026-05-21,가락도매,6330
양배추,2026-05-21,평균,6330
양배추,2026-05-21,평년,12500
양배추,2026-05-22,가락도매,6000
양배추,2026-05-22,평균,6000
양배추,2026-05-22,평년,12291
양배추,2026-05-26,가락도매,6000
양배추,2026-05-26,평균,6000
양배추,2026-05-26,평년,9871
양배추,2026-05-27,가락도매,6000
양배추,2026-05-27,평균,6000
양배추,2026-05-27,평년,9025
양배추,2026-05-28,가락도매,5660
양배추,2026-05-28,평균,5660
양배추,2026-05-28,평년,8793
양배추,2026-05-29,가락도매,5660
양배추,2026-05-29,평균,5660
양배추,2026-05-29,평년,8749
양배추,2026-06-01,가락도매,5660
양배추,2026-06-01,평균,5660
양배추,2026-06-01,평년,7058
양배추,2026-06-02,가락도매,5660
양배추,2026-06-02,평균,5660
양배추,2026-06-02,평년,6886
양배추,2026-06-04,가락도매,5660
양배추,2026-06-04,평균,5660
양배추,2026-06-04,평년,6620
양배추,2026-06-05,가락도매,5660
양배추,2026-06-05,평균,5660
양배추,2026-06-05,평년,6586
양배추,2026-06-08,가락도매,5660
양배추,2026-06-08,평균,5660
양배추,2026-06-08,평년,6891
양배추,2026-06-09,가락도매,5660
양배추,2026-06-09,평균,5660
양배추,2026-06-09,평년,7152
양배추,2026-06-10,가락도매,5660
양배추,2026-06-10,평균,5660
양배추,2026-06-10,평년,7352
양배추,2026-06-11,가락도매,5330
양배추,2026-06-11,평균,5330
양배추,2026-06-11,평년,7374
양배추,2026-06-12,가락도매,5330
양배추,2026-06-12,평균,5330
양배추,2026-06-12,평년,7463
양배추,2026-06-15,가락도매,5660
양배추,2026-06-15,평균,5660
양배추,2026-06-15,평년,7303
양배추,2026-06-16,가락도매,5660
양배추,2026-06-16,평균,5660
양배추,2026-06-16,평년,7353
양배추,2026-06-17,가락도매,6330
양배추,2026-06-17,평균,6330
양배추,2026-06-17,평년,7487
양배추,2026-06-18,가락도매,6330
양배추,2026-06-18,평균,6330
양배추,2026-06-18,평년,7509
양배추,2026-06-19,가락도매,6330
양배추,2026-06-19,평균,6330
양배추,2026-06-19,평년,7774
양배추,2026-06-22,가락도매,6330
양배추,2026-06-22,평균,6330
양배추,2026-06-22,평년,7872
양배추,2026-06-23,가락도매,6000
양배추,2026-06-23,평균,6000
양배추,2026-06-23,평년,7939
양배추,2026-06-24,가락도매,6000
양배추,2026-06-24,평균,6000
양배추,2026-06-24,평년,7928
양배추,2026-06-25,가락도매,6000
양배추,2026-06-25,평균,6000
양배추,2026-06-25,평년,8028
양배추,2026-06-26,가락도매,6000
양배추,2026-06-26,평균,6000
양배추,2026-06-26,평년,7808
양배추,2026-06-29,가락도매,6000
양배추,2026-06-29,평균,6000
양배추,2026-06-29,평년,8032
양배추,2026-06-30,가락도매,6000
양배추,2026-06-30,평균,6000
양배추,2026-06-30,평년,8126
양배추,2026-07-01,가락도매,6000
양배추,2026-07-01,평균,6000
양배추,2026-07-01,평년,8216
양배추,2026-07-02,가락도매,6000
양배추,2026-07-02,평균,6000
양배추,2026-07-02,평년,8260
양배추,2026-07-03,가락도매,6000
양배추,2026-07-03,평균,6000
양배추,2026-07-03,평년,8148
양배추,2026-07-06,가락도매,6000
양배추,2026-07-06,평균,6000
양배추,2026-07-06,평년,7672
양배추,2026-07-07,가락도매,7000
양배추,2026-07-07,평균,7000
양배추,2026-07-07,평년,7707
양배추,2026-07-08,가락도매,7000
양배추,2026-07-08,평균,7000
양배추,2026-07-08,평년,7702
양배추,2026-07-09,가락도매,7000
양배추,2026-07-09,평균,7000
양배추,2026-07-09,평년,7769
양배추,2026-07-10,가락도매,6660
양배추,2026-07-10,평균,6660
양배추,2026-07-10,평년,7926
양배추,2026-07-13,가락도매,6660
양배추,2026-07-13,평균,6660
양배추,2026-07-13,평년,8162
양배추,2026-07-14,가락도매,6660
양배추,2026-07-14,평균,6660
양배추,2026-07-14,평년,8175
양배추,2026-07-15,가락도매,6000
양배추,2026-07-15,평균,6000
양배추,2026-07-15,평년,8273
양배추,2026-07-16,가락도매,6000
양배추,2026-07-16,평균,6000
양배추,2026-07-16,평년,8358
양배추,2026-07-20,가락도매,6000
양배추,2026-07-20,평균,6000
양배추,2026-07-20,평년,8664
양배추,2026-07-21,가락도매,6000
양배추,2026-07-21,평균,6000
양배추,2026-07-21,평년,8687
양배추,2026-07-22,가락도매,6000
양배추,2026-07-22,평균,6000
양배추,2026-07-22,평년,8764
양배추,2026-07-23,가락도매,6660
양배추,2026-07-23,평균,6660
양배추,2026-07-23,평년,8813
양배추,2026-07-24,가락도매,6660
양배추,2026-07-24,평균,6660
양배추,2026-07-24,평년,8975
양배추,2026-07-27,가락도매,6660
양배추,2026-07-27,평균,6660
양배추,2026-07-27,평년,9735
양배추,2026-07-28,가락도매,6330
양배추,2026-07-28,평균,6330
양배추,2026-07-28,평년,9695
양배추,2026-07-29,가락도매,6330
양배추,2026-07-29,평균,6330
양배추,2026-07-29,평년,9801
양배추,2026-07-30,가락도매,6330
양배추,2026-07-30,평균,6330
양배추,2026-07-30,평년,10064
양배추,2026-07-31,가락도매,6330
양배추,2026-07-31,평균,6330
양배추,2026-07-31,평년,11063
양배추,2026-08-03,가락도매,6330
양배추,2026-08-03,평균,6330
양배추,2026-08-03,평년,12727
양배추,2026-08-04,가락도매,6330
양배추,2026-08-04,평균,6330
양배추,2026-08-04,평년,12750
양배추,2026-08-05,가락도매,6330
양배추,2026-08-05,평균,6330
양배추,2026-08-05,평년,12189
양배추,2026-08-06,가락도매,6330
양배추,2026-08-06,평균,6330
양배추,2026-08-06,평년,12310
양배추,2026-08-07,가락도매,6330
양배추,2026-08-07,평균,6330
양배추,2026-08-07,평년,12130
양배추,2026-08-10,가락도매,6660
양배추,2026-08-10,평균,6660
양배추,2026-08-10,평년,12500
양배추,2026-08-11,가락도매,6660
양배추,2026-08-11,평균,6660
양배추,2026-08-11,평년,12137
양배추,2026-08-12,가락도매,6660
양배추,2026-08-12,평균,6660
양배추,2026-08-12,평년,11307
양배추,2026-08-13,가락도매,6660
양배추,2026-08-13,평균,6660
양배추,2026-08-13,평년,10538
양배추,2026-08-14,가락도매,6660
양배추,2026-08-14,평균,6660
양배추,2026-08-14,평년,9895
양배추,2026-08-18,가락도매,6660
양배추,2026-08-18,평균,6660
양배추,2026-08-18,평년,8647
양배추,2026-08-19,가락도매,6330
양배추,2026-08-19,평균,6330
양배추,2026-08-19,평년,8658
양배추,2026-08-20,가락도매,6000
양배추,2026-08-20,평균,6000
양배추,2026-08-20,평년,8629
양배추,2026-08-21,가락도매,6000
양배추,2026-08-21,평균,6000
양배추,2026-08-21,평년,8892
양배추,2026-08-24,가락도매,6000
양배추,2026-08-24,평균,6000
양배추,2026-08-24,평년,9095
양배추,2026-08-25,가락도매,6000
양배추,2026-08-25,평균,6000
양배추,2026-08-25,평년,9370
양배추,2026-08-26,가락도매,6000
양배추,2026-08-26,평균,6000
양배추,2026-08-26,평년,9511
양배추,2026-08-27,가락도매,6000
양배추,2026-08-27,평균,6000
양배추,2026-08-27,평년,9533
양배추,2026-08-28,가락도매,6000
양배추,2026-08-28,평균,6000
양배추,2026-08-28,평년,9335
양배추,2026-08-31,가락도매,6330
양배추,2026-08-31,평균,6330
양배추,2026-08-31,평년,9945
양배추,2026-09-01,가락도매,6330
양배추,2026-09-01,평균,6330
양배추,2026-09-01,평년,10364
양배추,2026-09-02,가락도매,6330
양배추,2026-09-02,평균,6330
양배추,2026-09-02,평년,10708
양배추,2026-09-03,가락도매,6330
양배추,2026-09-03,평균,6330
양배추,2026-09-03,평년,11175
양배추,2026-09-04,가락도매,6330
양배추,2026-09-04,평균,6330
양배추,2026-09-04,평년,11487
양배추,2026-09-07,가락도매,6330
양배추,2026-09-07,평균,6330
양배추,2026-09-07,평년,11737
양배추,2026-09-08,가락도매,6330
양배추,2026-09-08,평균,6330
양배추,2026-09-08,평년,11469
양배추,2026-09-09,가락도매,6330
양배추,2026-09-09,평균,6330
양배추,2026-09-09,평년,11680
양배추,2026-09-10,가락도매,6330
양배추,2026-09-10,평균,6330
양배추,2026-09-10,평년,11848
양배추,2026-09-11,가락도매,6330
양배추,2026-09-11,평균,6330
양배추,2026-09-11,평년,11967
양배추,2026-09-14,가락도매,6330
양배추,2026-09-14,평균,6330
양배추,2026-09-14,평년,11905
양배추,2026-09-15,가락도매,6330
양배추,2026-09-15,평균,6330
양배추,2026-09-15,평년,11525
양배추,2026-09-16,가락도매,6330
양배추,2026-09-16,평균,6330
양배추,2026-09-16,평년,11125
양배추,2026-09-17,가락도매,6330
양배추,2026-09-17,평균,6330
양배추,2026-09-17,평년,10960
양배추,2026-09-18,가락도매,6330
양배추,2026-09-18,평균,6330
양배추,2026-09-18,평년,10873
양배추,2026-09-21,가락도매,8330
양배추,2026-09-21,평균,8330
양배추,2026-09-21,평년,10373
양배추,2026-09-22,가락도매,9660
양배추,2026-09-22,평균,9660
양배추,2026-09-22,평년,10659
양배추,2026-09-23,가락도매,10000
양배추,2026-09-23,평균,10000
양배추,2026-09-23,평년,10659
양배추,2026-09-28,가락도매,10000
양배추,2026-09-28,평균,10000
양배추,2026-09-28,평년,10539
양파,2014-01-02,가락도매,11250
양파,2014-01-02,평균,11250
양파,2014-01-02,평년,14825
양파,2014-01-03,가락도매,11250
양파,2014-01-03,평균,11250
양파,2014-01-03,평년,14888
양파,2014-01-06,가락도매,11250
양파,2014-01-06,평균,11250
양파,2014-01-06,평년,15100
양파,2014-01-07,가락도매,11250
양파,2014-01-07,평균,11250
양파,2014-01-07,평년,14950
양파,2014-01-08,가락도매,11250
양파,2014-01-08,평균,11250
양파,2014-01-08,평년,14875
양파,2014-01-09,가락도매,11250
양파,2014-01-09,평균,11250
양파,2014-01-09,평년,14875
양파,2014-01-10,가락도매,11250
양파,2014-01-10,평균,11250
양파,2014-01-10,평년,14800
양파,2014-01-13,가락도매,10500
양파,2014-01-13,평균,10500
양파,2014-01-13,평년,14530
양파,2014-01-14,가락도매,10500
양파,2014-01-14,평균,10500
양파,2014-01-14,평년,14530
양파,2014-01-15,가락도매,10500
양파,2014-01-15,평균,10500
양파,2014-01-15,평년,14530
양파,2014-01-16,가락도매,10500
양파,2014-01-16,평균,10500
양파,2014-01-16,평년,14588
양파,2014-01-17,가락도매,10500
양파,2014-01-17,평균,10500
양파,2014-01-17,평년,14600
양파,2014-01-20,가락도매,10500
양파,2014-01-20,평균,10500
양파,2014-01-20,평년,14650
양파,2014-01-21,가락도매,11250
양파,2014-01-21,평균,11250
양파,2014-01-21,평년,14800
양파,2014-01-22,가락도매,11250
양파,2014-01-22,평균,11250
양파,2014-01-22,평년,14875
양파,2014-01-23,가락도매,12000
양파,2014-01-23,평균,12000
양파,2014-01-23,평년,14875
양파,2014-01-24,가락도매,12000
양파,2014-01-24,평균,12000
양파,2014-01-24,평년,14950
양파,2014-01-27,가락도매,12000
양파,2014-01-27,평균,12000
양파,2014-01-27,평년,15250
양파,2014-01-28,가락도매,12000
양파,2014-01-28,평균,12000
양파,2014-01-28,평년,15250
양파,2014-01-29,가락도매,12000
양파,2014-01-29,평균,12000
양파,2014-01-29,평년,15250
양파,2014-02-03,가락도매,12000
양파,2014-02-03,평균,12000
양파,2014-02-03,평년,17020
양파,2014-02-04,가락도매,12750
양파,2014-02-04,평균,12750
양파,2014-02-04,평년,17170
양파,2014-02-05,가락도매,12000
양파,2014-02-05,평균,12000
양파,2014-02-05,평년,17420
양파,2014-02-06,가락도매,12000
양파,2014-02-06,평균,12000
양파,2014-02-06,평년,17600
양파,2014-02-07,가락도매,11250
양파,2014-02-07,평균,11250
양파,2014-02-07,평년,17900
양파,2014-02-10,가락도매,11250
양파,2014-02-10,평균,11250
양파,2014-02-10,평년,18500
양파,2014-02-11,가락도매,11250
양파,2014-02-11,평균,11250
양파,2014-02-11,평년,18200
양파,2014-02-12,가락도매,11250
양파,2014-02-12,평균,11250
양파,2014-02-12,평년,18100
양파,2014-02-13,가락도매,10500
양파,2014-02-13,평균,10500
양파,2014-02-13,평년,18325
양파,2014-02-14,가락도매,10500
양파,2014-02-14,평균,10500
양파,2014-02-14,평년,18325
양파,2014-02-17,가락도매,10500
양파,2014-02-17,평균,10500
양파,2014-02-17,평년,18350
양파,2014-02-18,가락도매,10500
양파,2014-02-18,평균,10500
양파,2014-02-18,평년,18400
양파,2014-02-19,가락도매,10500
양파,2014-02-19,평균,10500
양파,2014-02-19,평년,18450
양파,2014-02-20,가락도매,9000
양파,2014-02-20,평균,9000
양파,2014-02-20,평년,18513
양파,2014-02-21,가락도매,9000
양파,2014-02-21,평균,9000
양파,2014-02-21,평년,18500
양파,2014-02-24,가락도매,9000
양파,2014-02-24,평균,9000
양파,2014-02-24,평년,18450
양파,2014-02-25,가락도매,9000
양파,2014-02-25,평균,9000
양파,2014-02-25,평년,18600
양파,2014-02-26,가락도매,9750
양파,2014-02-26,평균,9750
양파,2014-02-26,평년,18700
양파,2014-02-27,가락도매,9750
양파,2014-02-27,평균,9750
양파,2014-02-27,평년,18775
양파,2014-02-28,가락도매,9750
양파,2014-02-28,평균,9750
양파,2014-02-28,평년,18813
양파,2014-03-03,가락도매,9750
양파,2014-03-03,평균,9750
양파,2014-03-03,평년,19100
양파,2014-03-04,가락도매,9750
양파,2014-03-04,평균,9750
양파,2014-03-04,평년,19300
양파,2014-03-05,가락도매,9750
양파,2014-03-05,평균,9750
양파,2014-03-05,평년,19400
양파,2014-03-06,가락도매,9750
양파,2014-03-06,평균,9750
양파,2014-03-06,평년,19475
양파,2014-03-07,가락도매,9750
양파,2014-03-07,평균,9750
양파,2014-03-07,평년,19400
양파,2014-03-10,가락도매,9750
양파,2014-03-10,평균,9750
양파,2014-03-10,평년,19000
양파,2014-03-11,가락도매,9750
양파,2014-03-11,평균,9750
양파,2014-03-11,평년,18700
양파,2014-03-12,가락도매,9900
양파,2014-03-12,평균,9900
양파,2014-03-12,평년,18550
양파,2014-03-13,가락도매,9900
양파,2014-03-13,평균,9900
양파,2014-03-13,평년,18363
양파,2014-03-14,가락도매,9900
양파,2014-03-14,평균,9900
양파,2014-03-14,평년,18250
양파,2014-03-17,가락도매,9900
양파,2014-03-17,평균,9900
양파,2014-03-17,평년,18100
양파,2014-03-18,가락도매,9900
양파,2014-03-18,평균,9900
양파,2014-03-18,평년,18000
양파,2014-03-19,가락도매,9750
양파,2014-03-19,평균,9750
양파,2014-03-19,평년,17925
양파,2014-03-20,가락도매,9750
양파,2014-03-20,평균,9750
양파,2014-03-20,평년,17888
양파,2014-03-21,가락도매,9450
양파,2014-03-21,평균,9450
양파,2014-03-21,평년,17850
양파,2014-03-24,가락도매,9000
양파,2014-03-24,평균,9000
양파,2014-03-24,평년,17800
양파,2014-03-25,가락도매,9000
양파,2014-03-25,평균,9000
양파,2014-03-25,평년,18250
양파,2014-03-26,가락도매,10200
양파,2014-03-26,평균,10200
양파,2014-03-26,평년,18850
양파,2014-03-27,가락도매,10200
양파,2014-03-27,평균,10200
양파,2014-03-27,평년,19188
양파,2014-03-28,가락도매,10500
양파,2014-03-28,평균,10500
양파,2014-03-28,평년,18913
양파,2014-03-31,가락도매,10500
양파,2014-03-31,평균,10500
양파,2014-03-31,평년,19250
양파,2014-04-01,가락도매,10200
양파,2014-04-01,평균,10200
양파,2014-04-01,평년,18800
양파,2014-04-02,가락도매,10200
양파,2014-04-02,평균,10200
양파,2014-04-02,평년,18350
양파,2014-04-03,가락도매,9750
양파,2014-04-03,평균,9750
양파,2014-04-03,평년,18275
양파,2014-04-04,가락도매,9750
양파,2014-04-04,평균,9750
양파,2014-04-04,평년,18088
양파,2014-04-07,가락도매,9750
양파,2014-04-07,평균,9750
양파,2014-04-07,평년,17750
양파,2014-04-08,가락도매,9750
양파,2014-04-08,평균,9750
양파,2014-04-08,평년,17650
양파,2014-04-09,가락도매,9750
양파,2014-04-09,평균,9750
양파,2014-04-09,평년,17475
양파,2014-04-10,가락도매,9750
양파,2014-04-10,평균,9750
양파,2014-04-10,평년,17375
양파,2014-04-11,가락도매,9750
양파,2014-04-11,평균,9750
양파,2014-04-11,평년,17175
양파,2014-04-14,가락도매,9750
양파,2014-04-14,평균,9750
양파,2014-04-14,평년,17050
양파,2014-04-15,가락도매,9750
양파,2014-04-15,평균,9750
양파,2014-04-15,평년,17188
양파,2014-04-16,가락도매,9300
양파,2014-04-16,평균,9300
양파,2014-04-16,평년,17800
양파,2014-04-17,가락도매,9300
양파,2014-04-17,평균,9300
양파,2014-04-17,평년,18200
양파,2014-04-18,가락도매,9000
양파,2014-04-18,평균,9000
양파,2014-04-18,평년,18250
양파,2014-04-21,가락도매,9000
양파,2014-04-21,평균,9000
양파,2014-04-21,평년,16563
양파,2014-04-22,가락도매,9000
양파,2014-04-22,평균,9000
양파,2014-04-22,평년,16563
양파,2014-04-23,가락도매,9000
양파,2014-04-23,평균,9000
양파,2014-04-23,평년,16600
양파,2014-04-24,가락도매,9000
양파,2014-04-24,평균,9000
양파,2014-04-24,평년,16700
양파,2014-04-25,가락도매,9000
양파,2014-04-25,평균,9000
양파,2014-04-25,평년,16850
양파,2014-04-28,가락도매,9000
양파,2014-04-28,평균,9000
양파,2014-04-28,평년,17213
양파,2014-04-29,가락도매,9000
양파,2014-04-29,평균,9000
양파,2014-04-29,평년,17213
양파,2014-04-30,가락도매,9000
양파,2014-04-30,평균,9000
양파,2014-04-30,평년,17150
양파,2014-05-02,가락도매,9000
양파,2014-05-02,평균,9000
양파,2014-05-02,평년,17238
양파,2014-05-07,가락도매,9000
양파,2014-05-07,평균,9000
양파,2014-05-07,평년,14650
양파,2014-05-08,가락도매,8250
양파,2014-05-08,평균,8250
양파,2014-05-08,평년,14100
양파,2014-05-09,가락도매,9000
양파,2014-05-09,평균,9000
양파,2014-05-09,평년,13775
양파,2014-05-12,가락도매,8250
양파,2014-05-12,평균,8250
양파,2014-05-12,평년,13013
양파,2014-05-13,가락도매,8250
양파,2014-05-13,평균,8250
양파,2014-05-13,평년,12813
양파,2014-05-14,가락도매,8250
양파,2014-05-14,평균,8250
양파,2014-05-14,평년,12650
양파,2014-05-15,가락도매,8700
양파,2014-05-15,평균,8700
양파,2014-05-15,평년,12625
양파,2014-05-16,가락도매,8700
양파,2014-05-16,평균,8700
양파,2014-05-16,평년,12725
양파,2014-05-19,가락도매,8700
양파,2014-05-19,평균,8700
양파,2014-05-19,평년,12650
양파,2014-05-20,가락도매,9000
양파,2014-05-20,평균,9000
양파,2014-05-20,평년,12650
양파,2014-05-21,가락도매,9000
양파,2014-05-21,평균,9000
양파,2014-05-21,평년,12575
양파,2014-05-22,가락도매,9000
양파,2014-05-22,평균,9000
양파,2014-05-22,평년,12375
양파,2014-05-23,가락도매,9000
양파,2014-05-23,평균,9000
양파,2014-05-23,평년,12250
양파,2014-05-26,가락도매,9000
양파,2014-05-26,평균,9000
양파,2014-05-26,평년,11988
양파,2014-05-27,가락도매,9000
양파,2014-05-27,평균,9000
양파,2014-05-27,평년,11488
양파,2014-05-28,가락도매,9000
양파,2014-05-28,평균,9000
양파,2014-05-28,평년,10988
양파,2014-05-29,가락도매,9000
양파,2014-05-29,평균,9000
양파,2014-05-29,평년,10750
양파,2014-05-30,가락도매,9000
양파,2014-05-30,평균,9000
양파,2014-05-30,평년,10838
양파,2014-06-02,가락도매,9000
양파,2014-06-02,평균,9000
양파,2014-06-02,평년,10588
양파,2014-06-03,가락도매,9000
양파,2014-06-03,평균,9000
양파,2014-06-03,평년,10538
양파,2014-06-05,가락도매,7500
양파,2014-06-05,평균,7500
양파,2014-06-05,평년,10413
양파,2014-06-09,가락도매,7500
양파,2014-06-09,평균,7500
양파,2014-06-09,평년,10000
양파,2014-06-10,가락도매,7500
양파,2014-06-10,평균,7500
양파,2014-06-10,평년,10200
양파,2014-06-11,가락도매,7500
양파,2014-06-11,평균,7500
양파,2014-06-11,평년,10388
양파,2014-06-12,가락도매,7500
양파,2014-06-12,평균,7500
양파,2014-06-12,평년,10350
양파,2014-06-13,가락도매,7500
양파,2014-06-13,평균,7500
양파,2014-06-13,평년,10313
양파,2014-06-16,가락도매,6750
양파,2014-06-16,평균,6750
양파,2014-06-16,평년,10850
양파,2014-06-17,가락도매,6000
양파,2014-06-17,평균,6000
양파,2014-06-17,평년,10850
양파,2014-06-18,가락도매,5250
양파,2014-06-18,평균,5250
양파,2014-06-18,평년,10900
양파,2014-06-19,가락도매,5250
양파,2014-06-19,평균,5250
양파,2014-06-19,평년,10975
양파,2014-06-20,가락도매,5250
양파,2014-06-20,평균,5250
양파,2014-06-20,평년,11075
양파,2014-06-23,가락도매,5250
양파,2014-06-23,평균,5250
양파,2014-06-23,평년,11138
양파,2014-06-24,가락도매,5250
양파,2014-06-24,평균,5250
양파,2014-06-24,평년,11188
양파,2014-06-25,가락도매,6000
양파,2014-06-25,평균,6000
양파,2014-06-25,평년,11138
양파,2014-06-26,가락도매,6000
양파,2014-06-26,평균,6000
양파,2014-06-26,평년,11063
양파,2014-06-27,가락도매,6000
양파,2014-06-27,평균,6000
양파,2014-06-27,평년,11075
양파,2014-06-30,가락도매,6000
양파,2014-06-30,평균,6000
양파,2014-06-30,평년,11125
양파,2014-07-01,가락도매,6000
양파,2014-07-01,평균,6000
양파,2014-07-01,평년,11200
양파,2014-07-02,가락도매,6000
양파,2014-07-02,평균,6000
양파,2014-07-02,평년,11300
양파,2014-07-03,가락도매,6000
양파,2014-07-03,평균,6000
양파,2014-07-03,평년,11325
양파,2014-07-04,가락도매,6000
양파,2014-07-04,평균,6000
양파,2014-07-04,평년,11275
양파,2014-07-07,가락도매,6000
양파,2014-07-07,평균,6000
양파,2014-07-07,평년,11463
양파,2014-07-08,가락도매,6000
양파,2014-07-08,평균,6000
양파,2014-07-08,평년,11550
양파,2014-07-09,가락도매,6000
양파,2014-07-09,평균,6000
양파,2014-07-09,평년,11563
양파,2014-07-10,가락도매,6000
양파,2014-07-10,평균,6000
양파,2014-07-10,평년,11563
양파,2014-07-11,가락도매,6000
양파,2014-07-11,평균,6000
양파,2014-07-11,평년,11600
양파,2014-07-14,가락도매,6000
양파,2014-07-14,평균,6000
양파,2014-07-14,평년,11813
양파,2014-07-15,가락도매,6000
양파,2014-07-15,평균,6000
양파,2014-07-15,평년,11850
양파,2014-07-16,가락도매,6000
양파,2014-07-16,평균,6000
양파,2014-07-16,평년,11863
양파,2014-07-17,가락도매,6000
양파,2014-07-17,평균,6000
양파,2014-07-17,평년,11863
양파,2014-07-18,가락도매,6000
양파,2014-07-18,평균,6000
양파,2014-07-18,평년,11900
양파,2014-07-21,가락도매,6450
양파,2014-07-21,평균,6450
양파,2014-07-21,평년,11850
양파,2014-07-22,가락도매,6750
양파,2014-07-22,평균,6750
양파,2014-07-22,평년,11800
양파,2014-07-23,가락도매,6750
양파,2014-07-23,평균,6750
양파,2014-07-23,평년,11760
양파,2014-07-24,가락도매,6750
양파,2014-07-24,평균,6750
양파,2014-07-24,평년,11763
양파,2014-07-25,가락도매,6750
양파,2014-07-25,평균,6750
양파,2014-07-25,평년,11763
양파,2014-07-28,가락도매,6750
양파,2014-07-28,평균,6750
양파,2014-07-28,평년,11890
양파,2014-07-29,가락도매,6750
양파,2014-07-29,평균,6750
양파,2014-07-29,평년,11940
양파,2014-07-30,가락도매,6750
양파,2014-07-30,평균,6750
양파,2014-07-30,평년,11980
양파,2014-07-31,가락도매,6750
양파,2014-07-31,평균,6750
양파,2014-07-31,평년,12000
양파,2014-08-04,가락도매,6750
양파,2014-08-04,평균,6750
양파,2014-08-04,평년,12420
양파,2014-08-05,가락도매,6750
양파,2014-08-05,평균,6750
양파,2014-08-05,평년,12540
양파,2014-08-06,가락도매,6750
양파,2014-08-06,평균,6750
양파,2014-08-06,평년,12623
양파,2014-08-07,가락도매,6750
양파,2014-08-07,평균,6750
양파,2014-08-07,평년,12638
양파,2014-08-08,가락도매,7500
양파,2014-08-08,평균,7500
양파,2014-08-08,평년,12725
양파,2014-08-11,가락도매,7500
양파,2014-08-11,평균,7500
양파,2014-08-11,평년,12940
양파,2014-08-12,가락도매,8250
양파,2014-08-12,평균,8250
양파,2014-08-12,평년,13070
양파,2014-08-13,가락도매,8250
양파,2014-08-13,평균,8250
양파,2014-08-13,평년,13223
양파,2014-08-14,가락도매,7500
양파,2014-08-14,평균,7500
양파,2014-08-14,평년,13375
양파,2014-08-18,가락도매,7500
양파,2014-08-18,평균,7500
양파,2014-08-18,평년,13635
양파,2014-08-19,가락도매,7500
양파,2014-08-19,평균,7500
양파,2014-08-19,평년,13710
양파,2014-08-20,가락도매,7500
양파,2014-08-20,평균,7500
양파,2014-08-20,평년,13725
양파,2014-08-21,가락도매,7500
양파,2014-08-21,평균,7500
양파,2014-08-21,평년,13775
양파,2014-08-22,가락도매,7500
양파,2014-08-22,평균,7500
양파,2014-08-22,평년,13750
양파,2014-08-25,가락도매,7500
양파,2014-08-25,평균,7500
양파,2014-08-25,평년,13625
양파,2014-08-26,가락도매,7500
양파,2014-08-26,평균,7500
양파,2014-08-26,평년,13700
양파,2014-08-27,가락도매,7500
양파,2014-08-27,평균,7500
양파,2014-08-27,평년,13800
양파,2014-08-28,가락도매,7950
양파,2014-08-28,평균,7950
양파,2014-08-28,평년,13900
양파,2014-08-29,가락도매,7950
양파,2014-08-29,평균,7950
양파,2014-08-29,평년,13850
양파,2014-09-01,가락도매,7950
양파,2014-09-01,평균,7950
양파,2014-09-01,평년,13825
양파,2014-09-02,가락도매,7950
양파,2014-09-02,평균,7950
양파,2014-09-02,평년,13800
양파,2014-09-03,가락도매,7950
양파,2014-09-03,평균,7950
양파,2014-09-03,평년,13788
양파,2014-09-04,가락도매,7950
양파,2014-09-04,평균,7950
양파,2014-09-04,평년,13738
양파,2014-09-05,가락도매,7950
양파,2014-09-05,평균,7950
양파,2014-09-05,평년,13750
양파,2014-09-11,가락도매,7950
양파,2014-09-11,평균,7950
양파,2014-09-11,평년,13433
양파,2014-09-12,가락도매,7950
양파,2014-09-12,평균,7950
양파,2014-09-12,평년,13588
양파,2014-09-15,가락도매,7950
양파,2014-09-15,평균,7950
양파,2014-09-15,평년,13820
양파,2014-09-17,가락도매,7950
양파,2014-09-17,평균,7950
양파,2014-09-17,평년,13870
양파,2014-09-18,가락도매,7950
양파,2014-09-18,평균,7950
양파,2014-09-18,평년,13875
양파,2014-09-19,가락도매,7950
양파,2014-09-19,평균,7950
양파,2014-09-19,평년,13875
양파,2014-09-22,가락도매,7950
양파,2014-09-22,평균,7950
양파,2014-09-22,평년,13938
양파,2014-09-23,가락도매,7950
양파,2014-09-23,평균,7950
양파,2014-09-23,평년,13888
양파,2014-09-24,가락도매,7950
양파,2014-09-24,평균,7950
양파,2014-09-24,평년,13800
양파,2014-09-25,가락도매,7950
양파,2014-09-25,평균,7950
양파,2014-09-25,평년,13750
양파,2014-09-26,가락도매,7950
양파,2014-09-26,평균,7950
양파,2014-09-26,평년,13650
양파,2014-09-29,가락도매,8250
양파,2014-09-29,평균,8250
양파,2014-09-29,평년,13650
양파,2014-09-30,가락도매,8250
양파,2014-09-30,평균,8250
양파,2014-09-30,평년,13600
양파,2014-10-01,가락도매,8250
양파,2014-10-01,평균,8250
양파,2014-10-01,평년,13400
양파,2014-10-02,가락도매,8250
양파,2014-10-02,평균,8250
양파,2014-10-02,평년,13313
양파,2014-10-06,가락도매,8250
양파,2014-10-06,평균,8250
양파,2014-10-06,평년,13100
양파,2014-10-07,가락도매,8250
양파,2014-10-07,평균,8250
양파,2014-10-07,평년,13150
양파,2014-10-08,가락도매,8250
양파,2014-10-08,평균,8250
양파,2014-10-08,평년,13113
양파,2014-10-10,가락도매,8250
양파,2014-10-10,평균,8250
양파,2014-10-10,평년,13200
양파,2014-10-13,가락도매,8250
양파,2014-10-13,평균,8250
양파,2014-10-13,평년,13350
양파,2014-10-14,가락도매,8250
양파,2014-10-14,평균,8250
양파,2014-10-14,평년,13350
양파,2014-10-15,가락도매,8250
양파,2014-10-15,평균,8250
양파,2014-10-15,평년,13400
양파,2014-10-16,가락도매,7500
양파,2014-10-16,평균,7500
양파,2014-10-16,평년,13500
양파,2014-10-17,가락도매,7500
양파,2014-10-17,평균,7500
양파,2014-10-17,평년,13500
양파,2014-10-20,가락도매,7500
양파,2014-10-20,평균,7500
양파,2014-10-20,평년,13600
양파,2014-10-21,가락도매,7500
양파,2014-10-21,평균,7500
양파,2014-10-21,평년,13650
양파,2014-10-22,가락도매,7500
양파,2014-10-22,평균,7500
양파,2014-10-22,평년,13650
양파,2014-10-23,가락도매,7500
양파,2014-10-23,평균,7500
양파,2014-10-23,평년,13688
양파,2014-10-24,가락도매,7500
양파,2014-10-24,평균,7500
양파,2014-10-24,평년,13688
양파,2014-10-27,가락도매,7500
양파,2014-10-27,평균,7500
양파,2014-10-27,평년,13700
양파,2014-10-28,가락도매,7500
양파,2014-10-28,평균,7500
양파,2014-10-28,평년,13700
양파,2014-10-29,가락도매,7500
양파,2014-10-29,평균,7500
양파,2014-10-29,평년,13750
양파,2014-10-30,가락도매,7500
양파,2014-10-30,평균,7500
양파,2014-10-30,평년,13750
양파,2014-10-31,가락도매,7500
양파,2014-10-31,평균,7500
양파,2014-10-31,평년,13750
양파,2014-11-03,가락도매,7500
양파,2014-11-03,평균,7500
양파,2014-11-03,평년,13850
양파,2014-11-04,가락도매,7500
양파,2014-11-04,평균,7500
양파,2014-11-04,평년,13950
양파,2014-11-05,가락도매,7500
양파,2014-11-05,평균,7500
양파,2014-11-05,평년,14175
양파,2014-11-06,가락도매,7500
양파,2014-11-06,평균,7500
양파,2014-11-06,평년,14238
양파,2014-11-07,가락도매,7500
양파,2014-11-07,평균,7500
양파,2014-11-07,평년,14263
양파,2014-11-10,가락도매,7500
양파,2014-11-10,평균,7500
양파,2014-11-10,평년,14713
양파,2014-11-11,가락도매,7500
양파,2014-11-11,평균,7500
양파,2014-11-11,평년,14850
양파,2014-11-12,가락도매,7500
양파,2014-11-12,평균,7500
양파,2014-11-12,평년,14750
양파,2014-11-13,가락도매,7500
양파,2014-11-13,평균,7500
양파,2014-11-13,평년,14750
양파,2014-11-14,가락도매,7500
양파,2014-11-14,평균,7500
양파,2014-11-14,평년,14750
양파,2014-11-17,가락도매,7500
양파,2014-11-17,평균,7500
양파,2014-11-17,평년,14550
양파,2014-11-18,가락도매,7500
양파,2014-11-18,평균,7500
양파,2014-11-18,평년,14400
양파,2014-11-19,가락도매,7500
양파,2014-11-19,평균,7500
양파,2014-11-19,평년,14400
양파,2014-11-20,가락도매,7500
양파,2014-11-20,평균,7500
양파,2014-11-20,평년,14375
양파,2014-11-21,가락도매,7500
양파,2014-11-21,평균,7500
양파,2014-11-21,평년,14375
양파,2014-11-24,가락도매,7500
양파,2014-11-24,평균,7500
양파,2014-11-24,평년,14150
양파,2014-11-25,가락도매,7500
양파,2014-11-25,평균,7500
양파,2014-11-25,평년,14000
양파,2014-11-26,가락도매,7500
양파,2014-11-26,평균,7500
양파,2014-11-26,평년,13813
양파,2014-11-27,가락도매,7500
양파,2014-11-27,평균,7500
양파,2014-11-27,평년,13688
양파,2014-11-28,가락도매,7500
양파,2014-11-28,평균,7500
양파,2014-11-28,평년,13675
양파,2014-12-02,가락도매,7500
양파,2014-12-02,평균,7500
양파,2014-12-02,평년,13200
양파,2014-12-03,가락도매,7500
양파,2014-12-03,평균,7500
양파,2014-12-03,평년,13075
양파,2014-12-04,가락도매,7500
양파,2014-12-04,평균,7500
양파,2014-12-04,평년,12975
양파,2014-12-05,가락도매,7500
양파,2014-12-05,평균,7500
양파,2014-12-05,평년,12800
양파,2014-12-08,가락도매,7500
양파,2014-12-08,평균,7500
양파,2014-12-08,평년,12563
양파,2014-12-09,가락도매,7500
양파,2014-12-09,평균,7500
양파,2014-12-09,평년,12500
양파,2014-12-10,가락도매,7500
양파,2014-12-10,평균,7500
양파,2014-12-10,평년,12400
양파,2014-12-11,가락도매,7500
양파,2014-12-11,평균,7500
양파,2014-12-11,평년,12250
양파,2014-12-12,가락도매,7500
양파,2014-12-12,평균,7500
양파,2014-12-12,평년,12150
양파,2014-12-15,가락도매,7500
양파,2014-12-15,평균,7500
양파,2014-12-15,평년,11863
양파,2014-12-16,가락도매,7500
양파,2014-12-16,평균,7500
양파,2014-12-16,평년,11800
양파,2014-12-17,가락도매,7500
양파,2014-12-17,평균,7500
양파,2014-12-17,평년,11750
양파,2014-12-18,가락도매,7500
양파,2014-12-18,평균,7500
양파,2014-12-18,평년,11750
양파,2014-12-19,가락도매,7500
양파,2014-12-19,평균,7500
양파,2014-12-19,평년,11750
양파,2014-12-22,가락도매,7500
양파,2014-12-22,평균,7500
양파,2014-12-22,평년,12350
양파,2014-12-23,가락도매,7500
양파,2014-12-23,평균,7500
양파,2014-12-23,평년,12650
양파,2014-12-24,가락도매,7500
양파,2014-12-24,평균,7500
양파,2014-12-24,평년,12950
양파,2014-12-26,가락도매,7500
양파,2014-12-26,평균,7500
양파,2014-12-26,평년,13000
양파,2014-12-29,가락도매,7500
양파,2014-12-29,평균,7500
양파,2014-12-29,평년,12950
양파,2014-12-30,가락도매,7500
양파,2014-12-30,평균,7500
양파,2014-12-30,평년,12950
양파,2014-12-31,가락도매,7500
양파,2014-12-31,평균,7500
양파,2014-12-31,평년,12950
양파,2015-01-02,가락도매,7500
양파,2015-01-02,평균,7500
양파,2015-01-02,평년,12875
양파,2015-01-05,가락도매,7500
양파,2015-01-05,평균,7500
양파,2015-01-05,평년,13250
양파,2015-01-06,가락도매,7500
양파,2015-01-06,평균,7500
양파,2015-01-06,평년,13250
양파,2015-01-07,가락도매,7500
양파,2015-01-07,평균,7500
양파,2015-01-07,평년,13150
양파,2015-01-08,가락도매,7500
양파,2015-01-08,평균,7500
양파,2015-01-08,평년,13125
양파,2015-01-09,가락도매,7500
양파,2015-01-09,평균,7500
양파,2015-01-09,평년,13075
양파,2015-01-12,가락도매,7500
양파,2015-01-12,평균,7500
양파,2015-01-12,평년,12725
양파,2015-01-13,가락도매,7500
양파,2015-01-13,평균,7500
양파,2015-01-13,평년,12630
양파,2015-01-14,가락도매,7500
양파,2015-01-14,평균,7500
양파,2015-01-14,평년,12580
양파,2015-01-15,가락도매,7500
양파,2015-01-15,평균,7500
양파,2015-01-15,평년,12530
양파,2015-01-16,가락도매,7500
양파,2015-01-16,평균,7500
양파,2015-01-16,평년,12538
양파,2015-01-19,가락도매,7500
양파,2015-01-19,평균,7500
양파,2015-01-19,평년,12613
양파,2015-01-20,가락도매,7500
양파,2015-01-20,평균,7500
양파,2015-01-20,평년,12600
양파,2015-01-21,가락도매,7500
양파,2015-01-21,평균,7500
양파,2015-01-21,평년,12800
양파,2015-01-22,가락도매,7500
양파,2015-01-22,평균,7500
양파,2015-01-22,평년,12925
양파,2015-01-23,가락도매,7500
양파,2015-01-23,평균,7500
양파,2015-01-23,평년,13025
양파,2015-01-26,가락도매,7500
양파,2015-01-26,평균,7500
양파,2015-01-26,평년,13400
양파,2015-01-27,가락도매,7500
양파,2015-01-27,평균,7500
양파,2015-01-27,평년,13500
양파,2015-01-28,가락도매,7500
양파,2015-01-28,평균,7500
양파,2015-01-28,평년,13500
양파,2015-01-29,가락도매,7500
양파,2015-01-29,평균,7500
양파,2015-01-29,평년,13550
양파,2015-01-30,가락도매,7500
양파,2015-01-30,평균,7500
양파,2015-01-30,평년,13563
양파,2015-02-02,가락도매,7500
양파,2015-02-02,평균,7500
양파,2015-02-02,평년,15263
양파,2015-02-03,가락도매,7500
양파,2015-02-03,평균,7500
양파,2015-02-03,평년,15220
양파,2015-02-04,가락도매,7500
양파,2015-02-04,평균,7500
양파,2015-02-04,평년,15320
양파,2015-02-05,가락도매,7500
양파,2015-02-05,평균,7500
양파,2015-02-05,평년,15370
양파,2015-02-06,가락도매,7500
양파,2015-02-06,평균,7500
양파,2015-02-06,평년,15350
양파,2015-02-09,가락도매,7500
양파,2015-02-09,평균,7500
양파,2015-02-09,평년,16183
양파,2015-02-10,가락도매,8250
양파,2015-02-10,평균,8250
양파,2015-02-10,평년,15800
양파,2015-02-11,가락도매,8250
양파,2015-02-11,평균,8250
양파,2015-02-11,평년,15250
양파,2015-02-12,가락도매,8250
양파,2015-02-12,평균,8250
양파,2015-02-12,평년,14950
양파,2015-02-13,가락도매,8250
양파,2015-02-13,평균,8250
양파,2015-02-13,평년,14975
양파,2015-02-16,가락도매,8250
양파,2015-02-16,평균,8250
양파,2015-02-16,평년,14650
양파,2015-02-17,가락도매,8250
양파,2015-02-17,평균,8250
양파,2015-02-17,평년,14700
양파,2015-02-23,가락도매,9750
양파,2015-02-23,평균,9750
양파,2015-02-23,평년,14700
양파,2015-02-24,가락도매,12000
양파,2015-02-24,평균,12000
양파,2015-02-24,평년,14650
양파,2015-02-25,가락도매,12000
양파,2015-02-25,평균,12000
양파,2015-02-25,평년,14650
양파,2015-02-26,가락도매,12000
양파,2015-02-26,평균,12000
양파,2015-02-26,평년,14600
양파,2015-02-27,가락도매,10500
양파,2015-02-27,평균,10500
양파,2015-02-27,평년,14625
양파,2015-03-02,가락도매,10500
양파,2015-03-02,평균,10500
양파,2015-03-02,평년,14650
양파,2015-03-03,가락도매,10500
양파,2015-03-03,평균,10500
양파,2015-03-03,평년,14700
양파,2015-03-04,가락도매,12000
양파,2015-03-04,평균,12000
양파,2015-03-04,평년,14800
양파,2015-03-05,가락도매,10500
양파,2015-03-05,평균,10500
양파,2015-03-05,평년,14850
양파,2015-03-06,가락도매,10500
양파,2015-03-06,평균,10500
양파,2015-03-06,평년,14875
양파,2015-03-09,가락도매,9000
양파,2015-03-09,평균,9000
양파,2015-03-09,평년,14650
양파,2015-03-10,가락도매,8250
양파,2015-03-10,평균,8250
양파,2015-03-10,평년,14600
양파,2015-03-11,가락도매,8250
양파,2015-03-11,평균,8250
양파,2015-03-11,평년,14500
양파,2015-03-12,가락도매,8250
양파,2015-03-12,평균,8250
양파,2015-03-12,평년,14550
양파,2015-03-13,가락도매,8250
양파,2015-03-13,평균,8250
양파,2015-03-13,평년,14563
양파,2015-03-16,가락도매,9750
양파,2015-03-16,평균,9750
양파,2015-03-16,평년,14550
양파,2015-03-17,가락도매,9750
양파,2015-03-17,평균,9750
양파,2015-03-17,평년,14450
양파,2015-03-18,가락도매,10500
양파,2015-03-18,평균,10500
양파,2015-03-18,평년,14350
양파,2015-03-19,가락도매,9750
양파,2015-03-19,평균,9750
양파,2015-03-19,평년,14225
양파,2015-03-20,가락도매,9000
양파,2015-03-20,평균,9000
양파,2015-03-20,평년,14138
양파,2015-03-23,가락도매,9000
양파,2015-03-23,평균,9000
양파,2015-03-23,평년,13850
양파,2015-03-24,가락도매,9000
양파,2015-03-24,평균,9000
양파,2015-03-24,평년,13988
양파,2015-03-25,가락도매,9000
양파,2015-03-25,평균,9000
양파,2015-03-25,평년,14690
양파,2015-03-26,가락도매,9000
양파,2015-03-26,평균,9000
양파,2015-03-26,평년,15510
양파,2015-03-27,가락도매,9000
양파,2015-03-27,평균,9000
양파,2015-03-27,평년,16048
양파,2015-03-30,가락도매,9000
양파,2015-03-30,평균,9000
양파,2015-03-30,평년,16250
양파,2015-03-31,가락도매,9000
양파,2015-03-31,평균,9000
양파,2015-03-31,평년,16240
양파,2015-04-01,가락도매,9750
양파,2015-04-01,평균,9750
양파,2015-04-01,평년,15710
양파,2015-04-02,가락도매,9750
양파,2015-04-02,평균,9750
양파,2015-04-02,평년,15260
양파,2015-04-03,가락도매,9750
양파,2015-04-03,평균,9750
양파,2015-04-03,평년,15185
양파,2015-04-06,가락도매,10500
양파,2015-04-06,평균,10500
양파,2015-04-06,평년,14450
양파,2015-04-07,가락도매,12000
양파,2015-04-07,평균,12000
양파,2015-04-07,평년,14750
양파,2015-04-08,가락도매,14250
양파,2015-04-08,평균,14250
양파,2015-04-08,평년,14650
양파,2015-04-09,가락도매,13500
양파,2015-04-09,평균,13500
양파,2015-04-09,평년,14725
양파,2015-04-10,가락도매,13500
양파,2015-04-10,평균,13500
양파,2015-04-10,평년,14925
양파,2015-04-13,가락도매,9000
양파,2015-04-13,평균,9000
양파,2015-04-13,평년,15200
양파,2015-04-14,가락도매,10500
양파,2015-04-14,평균,10500
양파,2015-04-14,평년,15088
양파,2015-04-15,가락도매,10500
양파,2015-04-15,평균,10500
양파,2015-04-15,평년,15288
양파,2015-04-16,가락도매,10500
양파,2015-04-16,평균,10500
양파,2015-04-16,평년,15763
양파,2015-04-17,가락도매,10500
양파,2015-04-17,평균,10500
양파,2015-04-17,평년,16063
양파,2015-04-20,가락도매,9000
양파,2015-04-20,평균,9000
양파,2015-04-20,평년,14450
양파,2015-04-21,가락도매,7500
양파,2015-04-21,평균,7500
양파,2015-04-21,평년,14083
양파,2015-04-22,가락도매,6000
양파,2015-04-22,평균,6000
양파,2015-04-22,평년,14063
양파,2015-04-23,가락도매,5250
양파,2015-04-23,평균,5250
양파,2015-04-23,평년,14100
양파,2015-04-24,가락도매,5250
양파,2015-04-24,평균,5250
양파,2015-04-24,평년,14200
양파,2015-04-27,가락도매,4500
양파,2015-04-27,평균,4500
양파,2015-04-27,평년,14700
양파,2015-04-28,가락도매,4500
양파,2015-04-28,평균,4500
양파,2015-04-28,평년,14813
양파,2015-04-29,가락도매,4500
양파,2015-04-29,평균,4500
양파,2015-04-29,평년,14813
양파,2015-04-30,가락도매,4500
양파,2015-04-30,평균,4500
양파,2015-04-30,평년,14900
양파,2015-05-04,가락도매,12750
양파,2015-05-04,평균,12750
양파,2015-05-04,평년,13888
양파,2015-05-06,가락도매,12750
양파,2015-05-06,평균,12750
양파,2015-05-06,평년,12863
양파,2015-05-07,가락도매,12750
양파,2015-05-07,평균,12750
양파,2015-05-07,평년,12850
양파,2015-05-08,가락도매,11250
양파,2015-05-08,평균,11250
양파,2015-05-08,평년,12550
양파,2015-05-11,가락도매,10500
양파,2015-05-11,평균,10500
양파,2015-05-11,평년,11950
양파,2015-05-12,가락도매,11250
양파,2015-05-12,평균,11250
양파,2015-05-12,평년,11813
양파,2015-05-13,가락도매,10500
양파,2015-05-13,평균,10500
양파,2015-05-13,평년,11713
양파,2015-05-14,가락도매,10500
양파,2015-05-14,평균,10500
양파,2015-05-14,평년,11488
양파,2015-05-15,가락도매,10500
양파,2015-05-15,평균,10500
양파,2015-05-15,평년,11363
양파,2015-05-18,가락도매,9000
양파,2015-05-18,평균,9000
양파,2015-05-18,평년,11225
양파,2015-05-19,가락도매,9750
양파,2015-05-19,평균,9750
양파,2015-05-19,평년,11290
양파,2015-05-20,가락도매,10500
양파,2015-05-20,평균,10500
양파,2015-05-20,평년,11310
양파,2015-05-21,가락도매,10500
양파,2015-05-21,평균,10500
양파,2015-05-21,평년,11355
양파,2015-05-22,가락도매,9750
양파,2015-05-22,평균,9750
양파,2015-05-22,평년,11375
양파,2015-05-26,가락도매,11250
양파,2015-05-26,평균,11250
양파,2015-05-26,평년,11388
양파,2015-05-27,가락도매,11250
양파,2015-05-27,평균,11250
양파,2015-05-27,평년,11088
양파,2015-05-28,가락도매,10500
양파,2015-05-28,평균,10500
양파,2015-05-28,평년,10838
양파,2015-05-29,가락도매,9750
양파,2015-05-29,평균,9750
양파,2015-05-29,평년,10750
양파,2015-06-01,가락도매,10500
양파,2015-06-01,평균,10500
양파,2015-06-01,평년,10800
양파,2015-06-02,가락도매,10500
양파,2015-06-02,평균,10500
양파,2015-06-02,평년,10588
양파,2015-06-03,가락도매,10500
양파,2015-06-03,평균,10500
양파,2015-06-03,평년,10438
양파,2015-06-04,가락도매,10500
양파,2015-06-04,평균,10500
양파,2015-06-04,평년,10300
양파,2015-06-05,가락도매,11250
양파,2015-06-05,평균,11250
양파,2015-06-05,평년,10263
양파,2015-06-08,가락도매,13500
양파,2015-06-08,평균,13500
양파,2015-06-08,평년,9925
양파,2015-06-09,가락도매,13500
양파,2015-06-09,평균,13500
양파,2015-06-09,평년,9900
양파,2015-06-10,가락도매,13500
양파,2015-06-10,평균,13500
양파,2015-06-10,평년,10200
양파,2015-06-11,가락도매,13500
양파,2015-06-11,평균,13500
양파,2015-06-11,평년,10388
양파,2015-06-12,가락도매,12750
양파,2015-06-12,평균,12750
양파,2015-06-12,평년,10350
양파,2015-06-15,가락도매,12750
양파,2015-06-15,평균,12750
양파,2015-06-15,평년,10750
양파,2015-06-16,가락도매,13500
양파,2015-06-16,평균,13500
양파,2015-06-16,평년,10850
양파,2015-06-17,가락도매,13500
양파,2015-06-17,평균,13500
양파,2015-06-17,평년,10850
양파,2015-06-18,가락도매,14250
양파,2015-06-18,평균,14250
양파,2015-06-18,평년,10900
양파,2015-06-19,가락도매,15000
양파,2015-06-19,평균,15000
양파,2015-06-19,평년,10975
양파,2015-06-22,가락도매,15000
양파,2015-06-22,평균,15000
양파,2015-06-22,평년,11200
양파,2015-06-23,가락도매,15000
양파,2015-06-23,평균,15000
양파,2015-06-23,평년,11138
양파,2015-06-24,가락도매,15000
양파,2015-06-24,평균,15000
양파,2015-06-24,평년,11188
양파,2015-06-25,가락도매,15000
양파,2015-06-25,평균,15000
양파,2015-06-25,평년,11138
양파,2015-06-26,가락도매,15000
양파,2015-06-26,평균,15000
양파,2015-06-26,평년,11063
양파,2015-06-29,가락도매,15000
양파,2015-06-29,평균,15000
양파,2015-06-29,평년,11075
양파,2015-06-30,가락도매,18000
양파,2015-06-30,평균,18000
양파,2015-06-30,평년,11125
양파,2015-07-01,가락도매,16500
양파,2015-07-01,평균,16500
양파,2015-07-01,평년,11200
양파,2015-07-02,가락도매,16500
양파,2015-07-02,평균,16500
양파,2015-07-02,평년,11300
양파,2015-07-03,가락도매,18000
양파,2015-07-03,평균,18000
양파,2015-07-03,평년,11325
양파,2015-07-06,가락도매,17250
양파,2015-07-06,평균,17250
양파,2015-07-06,평년,11313
양파,2015-07-07,가락도매,17250
양파,2015-07-07,평균,17250
양파,2015-07-07,평년,11463
양파,2015-07-08,가락도매,17250
양파,2015-07-08,평균,17250
양파,2015-07-08,평년,11550
양파,2015-07-09,가락도매,16500
양파,2015-07-09,평균,16500
양파,2015-07-09,평년,11563
양파,2015-07-10,가락도매,16500
양파,2015-07-10,평균,16500
양파,2015-07-10,평년,11563
양파,2015-07-13,가락도매,16500
양파,2015-07-13,평균,16500
양파,2015-07-13,평년,11813
양파,2015-07-14,가락도매,17250
양파,2015-07-14,평균,17250
양파,2015-07-14,평년,11813
양파,2015-07-15,가락도매,17250
양파,2015-07-15,평균,17250
양파,2015-07-15,평년,11850
양파,2015-07-16,가락도매,17250
양파,2015-07-16,평균,17250
양파,2015-07-16,평년,11863
양파,2015-07-17,가락도매,17250
양파,2015-07-17,평균,17250
양파,2015-07-17,평년,11863
양파,2015-07-20,가락도매,18000
양파,2015-07-20,평균,18000
양파,2015-07-20,평년,11850
양파,2015-07-21,가락도매,18000
양파,2015-07-21,평균,18000
양파,2015-07-21,평년,11850
양파,2015-07-22,가락도매,18000
양파,2015-07-22,평균,18000
양파,2015-07-22,평년,11800
양파,2015-07-23,가락도매,18000
양파,2015-07-23,평균,18000
양파,2015-07-23,평년,11760
양파,2015-07-24,가락도매,19500
양파,2015-07-24,평균,19500
양파,2015-07-24,평년,11763
양파,2015-07-27,가락도매,19500
양파,2015-07-27,평균,19500
양파,2015-07-27,평년,11840
양파,2015-07-28,가락도매,19500
양파,2015-07-28,평균,19500
양파,2015-07-28,평년,11890
양파,2015-07-29,가락도매,19500
양파,2015-07-29,평균,19500
양파,2015-07-29,평년,11940
양파,2015-07-30,가락도매,21000
양파,2015-07-30,평균,21000
양파,2015-07-30,평년,11980
양파,2015-07-31,가락도매,21000
양파,2015-07-31,평균,21000
양파,2015-07-31,평년,12000
양파,2015-08-03,가락도매,21000
양파,2015-08-03,평균,21000
양파,2015-08-03,평년,12300
양파,2015-08-04,가락도매,21000
양파,2015-08-04,평균,21000
양파,2015-08-04,평년,12420
양파,2015-08-05,가락도매,21000
양파,2015-08-05,평균,21000
양파,2015-08-05,평년,12540
양파,2015-08-06,가락도매,21000
양파,2015-08-06,평균,21000
양파,2015-08-06,평년,12623
양파,2015-08-07,가락도매,21000
양파,2015-08-07,평균,21000
양파,2015-08-07,평년,12638
양파,2015-08-10,가락도매,21000
양파,2015-08-10,평균,21000
양파,2015-08-10,평년,12910
양파,2015-08-11,가락도매,21000
양파,2015-08-11,평균,21000
양파,2015-08-11,평년,12940
양파,2015-08-12,가락도매,21000
양파,2015-08-12,평균,21000
양파,2015-08-12,평년,13070
양파,2015-08-13,가락도매,21000
양파,2015-08-13,평균,21000
양파,2015-08-13,평년,13223
양파,2015-08-17,가락도매,21000
양파,2015-08-17,평균,21000
양파,2015-08-17,평년,13585
양파,2015-08-18,가락도매,21000
양파,2015-08-18,평균,21000
양파,2015-08-18,평년,13635
양파,2015-08-19,가락도매,21000
양파,2015-08-19,평균,21000
양파,2015-08-19,평년,13710
양파,2015-08-20,가락도매,21000
양파,2015-08-20,평균,21000
양파,2015-08-20,평년,13725
양파,2015-08-21,가락도매,21000
양파,2015-08-21,평균,21000
양파,2015-08-21,평년,13775
양파,2015-08-24,가락도매,22500
양파,2015-08-24,평균,22500
양파,2015-08-24,평년,13625
양파,2015-08-25,가락도매,22500
양파,2015-08-25,평균,22500
양파,2015-08-25,평년,13625
양파,2015-08-26,가락도매,22500
양파,2015-08-26,평균,22500
양파,2015-08-26,평년,13700
양파,2015-08-27,가락도매,22500
양파,2015-08-27,평균,22500
양파,2015-08-27,평년,13800
양파,2015-08-28,가락도매,21000
양파,2015-08-28,평균,21000
양파,2015-08-28,평년,13900
양파,2015-08-31,가락도매,21000
양파,2015-08-31,평균,21000
양파,2015-08-31,평년,13825
양파,2015-09-01,가락도매,21000
양파,2015-09-01,평균,21000
양파,2015-09-01,평년,13825
양파,2015-09-02,가락도매,21000
양파,2015-09-02,평균,21000
양파,2015-09-02,평년,13800
양파,2015-09-03,가락도매,21000
양파,2015-09-03,평균,21000
양파,2015-09-03,평년,13788
양파,2015-09-04,가락도매,21000
양파,2015-09-04,평균,21000
양파,2015-09-04,평년,13738
양파,2015-09-07,가락도매,21000
양파,2015-09-07,평균,21000
양파,2015-09-07,평년,13550
양파,2015-09-08,가락도매,21000
양파,2015-09-08,평균,21000
양파,2015-09-08,평년,13450
양파,2015-09-09,가락도매,20250
양파,2015-09-09,평균,20250
양파,2015-09-09,평년,13400
양파,2015-09-10,가락도매,21000
양파,2015-09-10,평균,21000
양파,2015-09-10,평년,13350
양파,2015-09-11,가락도매,21000
양파,2015-09-11,평균,21000
양파,2015-09-11,평년,13413
양파,2015-09-14,가락도매,21000
양파,2015-09-14,평균,21000
양파,2015-09-14,평년,13800
양파,2015-09-15,가락도매,21000
양파,2015-09-15,평균,21000
양파,2015-09-15,평년,13800
양파,2015-09-16,가락도매,21000
양파,2015-09-16,평균,21000
양파,2015-09-16,평년,13800
양파,2015-09-17,가락도매,21000
양파,2015-09-17,평균,21000
양파,2015-09-17,평년,13850
양파,2015-09-18,가락도매,21000
양파,2015-09-18,평균,21000
양파,2015-09-18,평년,13875
양파,2015-09-21,가락도매,21000
양파,2015-09-21,평균,21000
양파,2015-09-21,평년,13838
양파,2015-09-22,가락도매,21000
양파,2015-09-22,평균,21000
양파,2015-09-22,평년,13788
양파,2015-09-23,가락도매,21000
양파,2015-09-23,평균,21000
양파,2015-09-23,평년,13738
양파,2015-09-24,가락도매,21000
양파,2015-09-24,평균,21000
양파,2015-09-24,평년,13613
양파,2015-09-25,가락도매,21000
양파,2015-09-25,평균,21000
양파,2015-09-25,평년,13563
양파,2015-09-30,가락도매,21000
양파,2015-09-30,평균,21000
양파,2015-09-30,평년,13500
양파,2015-10-01,가락도매,21000
양파,2015-10-01,평균,21000
양파,2015-10-01,평년,13338
양파,2015-10-02,가락도매,21000
양파,2015-10-02,평균,21000
양파,2015-10-02,평년,13188
양파,2015-10-05,가락도매,21000
양파,2015-10-05,평균,21000
양파,2015-10-05,평년,13150
양파,2015-10-06,가락도매,21000
양파,2015-10-06,평균,21000
양파,2015-10-06,평년,13100
양파,2015-10-07,가락도매,22500
양파,2015-10-07,평균,22500
양파,2015-10-07,평년,13150
양파,2015-10-08,가락도매,22500
양파,2015-10-08,평균,22500
양파,2015-10-08,평년,13113
양파,2015-10-12,가락도매,22500
양파,2015-10-12,평균,22500
양파,2015-10-12,평년,13350
양파,2015-10-13,가락도매,21000
양파,2015-10-13,평균,21000
양파,2015-10-13,평년,13350
양파,2015-10-14,가락도매,21000
양파,2015-10-14,평균,21000
양파,2015-10-14,평년,13350
양파,2015-10-15,가락도매,21000
양파,2015-10-15,평균,21000
양파,2015-10-15,평년,13400
양파,2015-10-16,가락도매,21000
양파,2015-10-16,평균,21000
양파,2015-10-16,평년,13500
양파,2015-10-19,가락도매,21000
양파,2015-10-19,평균,21000
양파,2015-10-19,평년,13550
양파,2015-10-20,가락도매,21000
양파,2015-10-20,평균,21000
양파,2015-10-20,평년,13600
양파,2015-10-21,가락도매,21000
양파,2015-10-21,평균,21000
양파,2015-10-21,평년,13650
양파,2015-10-22,가락도매,22500
양파,2015-10-22,평균,22500
양파,2015-10-22,평년,13650
양파,2015-10-23,가락도매,22500
양파,2015-10-23,평균,22500
양파,2015-10-23,평년,13688
양파,2015-10-26,가락도매,24000
양파,2015-10-26,평균,24000
양파,2015-10-26,평년,13700
양파,2015-10-27,가락도매,22500
양파,2015-10-27,평균,22500
양파,2015-10-27,평년,13700
양파,2015-10-28,가락도매,22500
양파,2015-10-28,평균,22500
양파,2015-10-28,평년,13700
양파,2015-10-29,가락도매,23250
양파,2015-10-29,평균,23250
양파,2015-10-29,평년,13750
양파,2015-10-30,가락도매,21000
양파,2015-10-30,평균,21000
양파,2015-10-30,평년,13750
양파,2015-11-02,가락도매,22500
양파,2015-11-02,평균,22500
양파,2015-11-02,평년,13750
양파,2015-11-03,가락도매,22500
양파,2015-11-03,평균,22500
양파,2015-11-03,평년,13850
양파,2015-11-04,가락도매,24000
양파,2015-11-04,평균,24000
양파,2015-11-04,평년,13950
양파,2015-11-05,가락도매,24750
양파,2015-11-05,평균,24750
양파,2015-11-05,평년,14175
양파,2015-11-06,가락도매,24750
양파,2015-11-06,평균,24750
양파,2015-11-06,평년,14238
양파,2015-11-09,가락도매,26250
양파,2015-11-09,평균,26250
양파,2015-11-09,평년,14613
양파,2015-11-10,가락도매,26250
양파,2015-11-10,평균,26250
양파,2015-11-10,평년,14713
양파,2015-11-11,가락도매,26250
양파,2015-11-11,평균,26250
양파,2015-11-11,평년,14850
양파,2015-11-12,가락도매,24750
양파,2015-11-12,평균,24750
양파,2015-11-12,평년,14750
양파,2015-11-13,가락도매,24750
양파,2015-11-13,평균,24750
양파,2015-11-13,평년,14750
양파,2015-11-16,가락도매,25500
양파,2015-11-16,평균,25500
양파,2015-11-16,평년,14650
양파,2015-11-17,가락도매,25500
양파,2015-11-17,평균,25500
양파,2015-11-17,평년,14550
양파,2015-11-18,가락도매,25500
양파,2015-11-18,평균,25500
양파,2015-11-18,평년,14400
양파,2015-11-19,가락도매,25500
양파,2015-11-19,평균,25500
양파,2015-11-19,평년,14400
양파,2015-11-20,가락도매,25500
양파,2015-11-20,평균,25500
양파,2015-11-20,평년,14375
양파,2015-11-23,가락도매,28500
양파,2015-11-23,평균,28500
양파,2015-11-23,평년,14300
양파,2015-11-24,가락도매,28500
양파,2015-11-24,평균,28500
양파,2015-11-24,평년,14150
양파,2015-11-25,가락도매,28500
양파,2015-11-25,평균,28500
양파,2015-11-25,평년,14000
양파,2015-11-26,가락도매,28500
양파,2015-11-26,평균,28500
양파,2015-11-26,평년,13813
양파,2015-11-27,가락도매,28500
양파,2015-11-27,평균,28500
양파,2015-11-27,평년,13688
양파,2015-11-30,가락도매,28500
양파,2015-11-30,평균,28500
양파,2015-11-30,평년,13325
양파,2015-12-01,가락도매,28500
양파,2015-12-01,평균,28500
양파,2015-12-01,평년,13313
양파,2015-12-02,가락도매,28500
양파,2015-12-02,평균,28500
양파,2015-12-02,평년,13200
양파,2015-12-03,가락도매,27750
양파,2015-12-03,평균,27750
양파,2015-12-03,평년,13075
양파,2015-12-07,가락도매,27000
양파,2015-12-07,평균,27000
양파,2015-12-07,평년,12563
양파,2015-12-08,가락도매,27000
양파,2015-12-08,평균,27000
양파,2015-12-08,평년,12563
양파,2015-12-09,가락도매,27000
양파,2015-12-09,평균,27000
양파,2015-12-09,평년,12500
양파,2015-12-10,가락도매,27000
양파,2015-12-10,평균,27000
양파,2015-12-10,평년,12400
양파,2015-12-11,가락도매,27000
양파,2015-12-11,평균,27000
양파,2015-12-11,평년,12250
양파,2015-12-14,가락도매,25500
양파,2015-12-14,평균,25500
양파,2015-12-14,평년,11963
양파,2015-12-15,가락도매,25500
양파,2015-12-15,평균,25500
양파,2015-12-15,평년,11863
양파,2015-12-16,가락도매,24000
양파,2015-12-16,평균,24000
양파,2015-12-16,평년,11750
양파,2015-12-17,가락도매,24000
양파,2015-12-17,평균,24000
양파,2015-12-17,평년,11625
양파,2015-12-18,가락도매,24000
양파,2015-12-18,평균,24000
양파,2015-12-18,평년,11625
양파,2015-12-21,가락도매,24000
양파,2015-12-21,평균,24000
양파,2015-12-21,평년,11800
양파,2015-12-22,가락도매,24000
양파,2015-12-22,평균,24000
양파,2015-12-22,평년,11950
양파,2015-12-23,가락도매,24000
양파,2015-12-23,평균,24000
양파,2015-12-23,평년,12250
양파,2015-12-24,가락도매,24000
양파,2015-12-24,평균,24000
양파,2015-12-24,평년,12513
양파,2015-12-28,가락도매,24000
양파,2015-12-28,평균,24000
양파,2015-12-28,평년,12900
양파,2015-12-29,가락도매,24000
양파,2015-12-29,평균,24000
양파,2015-12-29,평년,12900
양파,2015-12-30,가락도매,25500
양파,2015-12-30,평균,25500
양파,2015-12-30,평년,12950
양파,2015-12-31,가락도매,27000
양파,2015-12-31,평균,27000
양파,2015-12-31,평년,12950
양파,2016-01-04,가락도매,28500
양파,2016-01-04,평균,28500
양파,2016-01-04,평년,13050
양파,2016-01-05,가락도매,28500
양파,2016-01-05,평균,28500
양파,2016-01-05,평년,13250
양파,2016-01-06,가락도매,28500
양파,2016-01-06,평균,28500
양파,2016-01-06,평년,13250
양파,2016-01-07,가락도매,27000
양파,2016-01-07,평균,27000
양파,2016-01-07,평년,13150
양파,2016-01-08,가락도매,25500
양파,2016-01-08,평균,25500
양파,2016-01-08,평년,13125
양파,2016-01-11,가락도매,25500
양파,2016-01-11,평균,25500
양파,2016-01-11,평년,12825
양파,2016-01-12,가락도매,24000
양파,2016-01-12,평균,24000
양파,2016-01-12,평년,12725
양파,2016-01-13,가락도매,22500
양파,2016-01-13,평균,22500
양파,2016-01-13,평년,12600
양파,2016-01-14,가락도매,22500
양파,2016-01-14,평균,22500
양파,2016-01-14,평년,12550
양파,2016-01-15,가락도매,22500
양파,2016-01-15,평균,22500
양파,2016-01-15,평년,12500
양파,2016-01-18,가락도매,24000
양파,2016-01-18,평균,24000
양파,2016-01-18,평년,12563
양파,2016-01-19,가락도매,24000
양파,2016-01-19,평균,24000
양파,2016-01-19,평년,12563
양파,2016-01-20,가락도매,24000
양파,2016-01-20,평균,24000
양파,2016-01-20,평년,12600
양파,2016-01-21,가락도매,24000
양파,2016-01-21,평균,24000
양파,2016-01-21,평년,12800
양파,2016-01-22,가락도매,24000
양파,2016-01-22,평균,24000
양파,2016-01-22,평년,12925
양파,2016-01-25,가락도매,24000
양파,2016-01-25,평균,24000
양파,2016-01-25,평년,13300
양파,2016-01-26,가락도매,26250
양파,2016-01-26,평균,26250
양파,2016-01-26,평년,13400
양파,2016-01-27,가락도매,28500
양파,2016-01-27,평균,28500
양파,2016-01-27,평년,13500
양파,2016-01-28,가락도매,27750
양파,2016-01-28,평균,27750
양파,2016-01-28,평년,13500
양파,2016-01-29,가락도매,25500
양파,2016-01-29,평균,25500
양파,2016-01-29,평년,13550
양파,2016-02-01,가락도매,25500
양파,2016-02-01,평균,25500
양파,2016-02-01,평년,14963
양파,2016-02-02,가락도매,24000
양파,2016-02-02,평균,24000
양파,2016-02-02,평년,15263
양파,2016-02-03,가락도매,24000
양파,2016-02-03,평균,24000
양파,2016-02-03,평년,15200
양파,2016-02-04,가락도매,24000
양파,2016-02-04,평균,24000
양파,2016-02-04,평년,15175
양파,2016-02-05,가락도매,24000
양파,2016-02-05,평균,24000
양파,2016-02-05,평년,15125
양파,2016-02-11,가락도매,24000
양파,2016-02-11,평균,24000
양파,2016-02-11,평년,14800
양파,2016-02-12,가락도매,24000
양파,2016-02-12,평균,24000
양파,2016-02-12,평년,14400
양파,2016-02-15,가락도매,24000
양파,2016-02-15,평균,24000
양파,2016-02-15,평년,14100
양파,2016-02-16,가락도매,24000
양파,2016-02-16,평균,24000
양파,2016-02-16,평년,14000
양파,2016-02-17,가락도매,24000
양파,2016-02-17,평균,24000
양파,2016-02-17,평년,14000
양파,2016-02-18,가락도매,24000
양파,2016-02-18,평균,24000
양파,2016-02-18,평년,13900
양파,2016-02-19,가락도매,24000
양파,2016-02-19,평균,24000
양파,2016-02-19,평년,13800
양파,2016-02-22,가락도매,24000
양파,2016-02-22,평균,24000
양파,2016-02-22,평년,13588
양파,2016-02-23,가락도매,24000
양파,2016-02-23,평균,24000
양파,2016-02-23,평년,13650
양파,2016-02-24,가락도매,24000
양파,2016-02-24,평균,24000
양파,2016-02-24,평년,13800
양파,2016-02-25,가락도매,24000
양파,2016-02-25,평균,24000
양파,2016-02-25,평년,13850
양파,2016-02-26,가락도매,24000
양파,2016-02-26,평균,24000
양파,2016-02-26,평년,13800
양파,2016-02-29,가락도매,24000
양파,2016-02-29,평균,24000
양파,2016-02-29,평년,10500
양파,2016-03-02,가락도매,24000
양파,2016-03-02,평균,24000
양파,2016-03-02,평년,13700
양파,2016-03-03,가락도매,24000
양파,2016-03-03,평균,24000
양파,2016-03-03,평년,13600
양파,2016-03-04,가락도매,24000
양파,2016-03-04,평균,24000
양파,2016-03-04,평년,13600
양파,2016-03-07,가락도매,25500
양파,2016-03-07,평균,25500
양파,2016-03-07,평년,13150
양파,2016-03-08,가락도매,26250
양파,2016-03-08,평균,26250
양파,2016-03-08,평년,13050
양파,2016-03-09,가락도매,26250
양파,2016-03-09,평균,26250
양파,2016-03-09,평년,12950
양파,2016-03-10,가락도매,25500
양파,2016-03-10,평균,25500
양파,2016-03-10,평년,12860
양파,2016-03-11,가락도매,25500
양파,2016-03-11,평균,25500
양파,2016-03-11,평년,12770
양파,2016-03-14,가락도매,24000
양파,2016-03-14,평균,24000
양파,2016-03-14,평년,12800
양파,2016-03-15,가락도매,24000
양파,2016-03-15,평균,24000
양파,2016-03-15,평년,12800
양파,2016-03-16,가락도매,24000
양파,2016-03-16,평균,24000
양파,2016-03-16,평년,12700
양파,2016-03-17,가락도매,22500
양파,2016-03-17,평균,22500
양파,2016-03-17,평년,12590
양파,2016-03-18,가락도매,22500
양파,2016-03-18,평균,22500
양파,2016-03-18,평년,12480
양파,2016-03-21,가락도매,24000
양파,2016-03-21,평균,24000
양파,2016-03-21,평년,12130
양파,2016-03-22,가락도매,24000
양파,2016-03-22,평균,24000
양파,2016-03-22,평년,11950
양파,2016-03-23,가락도매,24000
양파,2016-03-23,평균,24000
양파,2016-03-23,평년,11850
양파,2016-03-24,가락도매,24000
양파,2016-03-24,평균,24000
양파,2016-03-24,평년,11748
양파,2016-03-25,가락도매,24000
양파,2016-03-25,평균,24000
양파,2016-03-25,평년,11678
양파,2016-03-28,가락도매,22500
양파,2016-03-28,평균,22500
양파,2016-03-28,평년,11590
양파,2016-03-29,가락도매,22500
양파,2016-03-29,평균,22500
양파,2016-03-29,평년,11350
양파,2016-03-30,가락도매,22500
양파,2016-03-30,평균,22500
양파,2016-03-30,평년,11200
양파,2016-03-31,가락도매,22500
양파,2016-03-31,평균,22500
양파,2016-03-31,평년,11140
양파,2016-04-01,가락도매,22500
양파,2016-04-01,평균,22500
양파,2016-04-01,평년,11060
양파,2016-04-04,가락도매,24000
양파,2016-04-04,평균,24000
양파,2016-04-04,평년,11180
양파,2016-04-05,가락도매,25500
양파,2016-04-05,평균,25500
양파,2016-04-05,평년,11050
양파,2016-04-06,가락도매,25500
양파,2016-04-06,평균,25500
양파,2016-04-06,평년,11200
양파,2016-04-07,가락도매,27000
양파,2016-04-07,평균,27000
양파,2016-04-07,평년,11350
양파,2016-04-08,가락도매,27000
양파,2016-04-08,평균,27000
양파,2016-04-08,평년,11400
양파,2016-04-11,가락도매,22500
양파,2016-04-11,평균,22500
양파,2016-04-11,평년,10988
양파,2016-04-12,가락도매,21000
양파,2016-04-12,평균,21000
양파,2016-04-12,평년,10925
양파,2016-04-14,가락도매,21000
양파,2016-04-14,평균,21000
양파,2016-04-14,평년,10488
양파,2016-04-15,가락도매,22500
양파,2016-04-15,평균,22500
양파,2016-04-15,평년,10188
양파,2016-04-18,가락도매,24000
양파,2016-04-18,평균,24000
양파,2016-04-18,평년,9875
양파,2016-04-19,가락도매,24000
양파,2016-04-19,평균,24000
양파,2016-04-19,평년,9825
양파,2016-04-20,가락도매,24000
양파,2016-04-20,평균,24000
양파,2016-04-20,평년,9675
양파,2016-05-02,가락도매,10500
양파,2016-05-02,평균,10500
양파,2016-05-02,평년,10375
양파,2016-05-03,가락도매,9000
양파,2016-05-03,평균,9000
양파,2016-05-03,평년,10413
양파,2016-05-04,가락도매,9000
양파,2016-05-04,평균,9000
양파,2016-05-04,평년,10738
양파,2016-05-09,가락도매,9000
양파,2016-05-09,평균,9000
양파,2016-05-09,평년,10813
양파,2016-05-10,가락도매,9000
양파,2016-05-10,평균,9000
양파,2016-05-10,평년,10638
양파,2016-05-11,가락도매,9750
양파,2016-05-11,평균,9750
양파,2016-05-11,평년,10400
양파,2016-05-12,가락도매,9750
양파,2016-05-12,평균,9750
양파,2016-05-12,평년,10113
양파,2016-05-13,가락도매,9000
양파,2016-05-13,평균,9000
양파,2016-05-13,평년,10063
양파,2016-05-16,가락도매,9000
양파,2016-05-16,평균,9000
양파,2016-05-16,평년,9813
양파,2016-05-17,가락도매,9000
양파,2016-05-17,평균,9000
양파,2016-05-17,평년,9888
양파,2016-05-18,가락도매,9000
양파,2016-05-18,평균,9000
양파,2016-05-18,평년,9975
양파,2016-05-19,가락도매,9000
양파,2016-05-19,평균,9000
양파,2016-05-19,평년,10040
양파,2016-05-20,가락도매,9000
양파,2016-05-20,평균,9000
양파,2016-05-20,평년,10010
양파,2016-05-23,가락도매,9000
양파,2016-05-23,평균,9000
양파,2016-05-23,평년,10313
양파,2016-05-24,가락도매,9000
양파,2016-05-24,평균,9000
양파,2016-05-24,평년,10363
양파,2016-05-25,가락도매,9000
양파,2016-05-25,평균,9000
양파,2016-05-25,평년,10463
양파,2016-05-26,가락도매,10500
양파,2016-05-26,평균,10500
양파,2016-05-26,평년,10488
양파,2016-05-27,가락도매,10500
양파,2016-05-27,평균,10500
양파,2016-05-27,평년,10438
양파,2016-05-30,가락도매,12000
양파,2016-05-30,평균,12000
양파,2016-05-30,평년,10588
양파,2016-05-31,가락도매,12000
양파,2016-05-31,평균,12000
양파,2016-05-31,평년,10738
양파,2016-06-01,가락도매,10500
양파,2016-06-01,평균,10500
양파,2016-06-01,평년,10850
양파,2016-06-02,가락도매,10500
양파,2016-06-02,평균,10500
양파,2016-06-02,평년,10788
양파,2016-06-03,가락도매,10500
양파,2016-06-03,평균,10500
양파,2016-06-03,평년,10788
양파,2016-06-07,가락도매,12000
양파,2016-06-07,평균,12000
양파,2016-06-07,평년,11088
양파,2016-06-08,가락도매,12000
양파,2016-06-08,평균,12000
양파,2016-06-08,평년,11075
양파,2016-06-09,가락도매,12000
양파,2016-06-09,평균,12000
양파,2016-06-09,평년,11200
양파,2016-06-10,가락도매,12000
양파,2016-06-10,평균,12000
양파,2016-06-10,평년,11500
양파,2016-06-13,가락도매,11250
양파,2016-06-13,평균,11250
양파,2016-06-13,평년,11375
양파,2016-06-14,가락도매,11250
양파,2016-06-14,평균,11250
양파,2016-06-14,평년,11525
양파,2016-06-15,가락도매,11250
양파,2016-06-15,평균,11250
양파,2016-06-15,평년,11650
양파,2016-06-16,가락도매,11250
양파,2016-06-16,평균,11250
양파,2016-06-16,평년,11700
양파,2016-06-17,가락도매,11250
양파,2016-06-17,평균,11250
양파,2016-06-17,평년,11850
양파,2016-06-20,가락도매,11250
양파,2016-06-20,평균,11250
양파,2016-06-20,평년,12250
양파,2016-06-21,가락도매,11250
양파,2016-06-21,평균,11250
양파,2016-06-21,평년,12100
양파,2016-06-22,가락도매,11250
양파,2016-06-22,평균,11250
양파,2016-06-22,평년,12025
양파,2016-06-23,가락도매,11250
양파,2016-06-23,평균,11250
양파,2016-06-23,평년,12013
양파,2016-06-24,가락도매,11250
양파,2016-06-24,평균,11250
양파,2016-06-24,평년,11938
양파,2016-06-27,가락도매,10500
양파,2016-06-27,평균,10500
양파,2016-06-27,평년,11500
양파,2016-06-28,가락도매,10500
양파,2016-06-28,평균,10500
양파,2016-06-28,평년,11450
양파,2016-06-29,가락도매,10500
양파,2016-06-29,평균,10500
양파,2016-06-29,평년,11525
양파,2016-06-30,가락도매,10500
양파,2016-06-30,평균,10500
양파,2016-06-30,평년,11563
양파,2016-07-01,가락도매,10500
양파,2016-07-01,평균,10500
양파,2016-07-01,평년,11588
양파,2016-07-04,가락도매,11250
양파,2016-07-04,평균,11250
양파,2016-07-04,평년,11850
양파,2016-07-05,가락도매,11250
양파,2016-07-05,평균,11250
양파,2016-07-05,평년,11850
양파,2016-07-06,가락도매,11250
양파,2016-07-06,평균,11250
양파,2016-07-06,평년,11863
양파,2016-07-07,가락도매,11250
양파,2016-07-07,평균,11250
양파,2016-07-07,평년,11963
양파,2016-07-08,가락도매,10500
양파,2016-07-08,평균,10500
양파,2016-07-08,평년,12050
양파,2016-07-11,가락도매,10500
양파,2016-07-11,평균,10500
양파,2016-07-11,평년,12100
양파,2016-07-12,가락도매,10500
양파,2016-07-12,평균,10500
양파,2016-07-12,평년,12200
양파,2016-07-13,가락도매,10500
양파,2016-07-13,평균,10500
양파,2016-07-13,평년,12213
양파,2016-07-14,가락도매,10500
양파,2016-07-14,평균,10500
양파,2016-07-14,평년,12163
양파,2016-07-15,가락도매,10500
양파,2016-07-15,평균,10500
양파,2016-07-15,평년,12150
양파,2016-07-18,가락도매,10500
양파,2016-07-18,평균,10500
양파,2016-07-18,평년,12450
양파,2016-07-19,가락도매,10500
양파,2016-07-19,평균,10500
양파,2016-07-19,평년,12500
양파,2016-07-20,가락도매,10500
양파,2016-07-20,평균,10500
양파,2016-07-20,평년,12600
양파,2016-07-21,가락도매,10500
양파,2016-07-21,평균,10500
양파,2016-07-21,평년,12600
양파,2016-07-22,가락도매,10500
양파,2016-07-22,평균,10500
양파,2016-07-22,평년,12550
양파,2016-07-25,가락도매,10500
양파,2016-07-25,평균,10500
양파,2016-07-25,평년,12500
양파,2016-07-26,가락도매,11250
양파,2016-07-26,평균,11250
양파,2016-07-26,평년,12500
양파,2016-07-27,가락도매,11250
양파,2016-07-27,평균,11250
양파,2016-07-27,평년,12500
양파,2016-07-28,가락도매,12000
양파,2016-07-28,평균,12000
양파,2016-07-28,평년,12500
양파,2016-07-29,가락도매,12000
양파,2016-07-29,평균,12000
양파,2016-07-29,평년,12500
양파,2016-08-01,가락도매,12000
양파,2016-08-01,평균,12000
양파,2016-08-01,평년,12550
양파,2016-08-02,가락도매,11250
양파,2016-08-02,평균,11250
양파,2016-08-02,평년,12650
양파,2016-08-03,가락도매,11250
양파,2016-08-03,평균,11250
양파,2016-08-03,평년,12850
양파,2016-08-04,가락도매,12000
양파,2016-08-04,평균,12000
양파,2016-08-04,평년,12963
양파,2016-08-05,가락도매,12000
양파,2016-08-05,평균,12000
양파,2016-08-05,평년,13063
양파,2016-08-08,가락도매,12750
양파,2016-08-08,평균,12750
양파,2016-08-08,평년,13500
양파,2016-08-09,가락도매,12750
양파,2016-08-09,평균,12750
양파,2016-08-09,평년,13700
양파,2016-08-10,가락도매,12750
양파,2016-08-10,평균,12750
양파,2016-08-10,평년,13750
양파,2016-08-11,가락도매,12750
양파,2016-08-11,평균,12750
양파,2016-08-11,평년,13750
양파,2016-08-12,가락도매,12750
양파,2016-08-12,평균,12750
양파,2016-08-12,평년,13850
양파,2016-08-16,가락도매,12000
양파,2016-08-16,평균,12000
양파,2016-08-16,평년,14050
양파,2016-08-17,가락도매,12000
양파,2016-08-17,평균,12000
양파,2016-08-17,평년,14075
양파,2016-08-18,가락도매,12000
양파,2016-08-18,평균,12000
양파,2016-08-18,평년,14025
양파,2016-08-19,가락도매,12000
양파,2016-08-19,평균,12000
양파,2016-08-19,평년,14050
양파,2016-08-22,가락도매,12750
양파,2016-08-22,평균,12750
양파,2016-08-22,평년,13900
양파,2016-08-23,가락도매,12750
양파,2016-08-23,평균,12750
양파,2016-08-23,평년,13800
양파,2016-08-24,가락도매,12750
양파,2016-08-24,평균,12750
양파,2016-08-24,평년,13675
양파,2016-08-25,가락도매,12750
양파,2016-08-25,평균,12750
양파,2016-08-25,평년,13625
양파,2016-08-26,가락도매,13500
양파,2016-08-26,평균,13500
양파,2016-08-26,평년,13700
양파,2016-08-29,가락도매,13500
양파,2016-08-29,평균,13500
양파,2016-08-29,평년,13900
양파,2016-08-30,가락도매,14250
양파,2016-08-30,평균,14250
양파,2016-08-30,평년,13950
양파,2016-08-31,가락도매,14250
양파,2016-08-31,평균,14250
양파,2016-08-31,평년,13925
양파,2016-09-01,가락도매,14250
양파,2016-09-01,평균,14250
양파,2016-09-01,평년,13913
양파,2016-09-02,가락도매,14250
양파,2016-09-02,평균,14250
양파,2016-09-02,평년,13838
양파,2016-09-05,가락도매,14250
양파,2016-09-05,평균,14250
양파,2016-09-05,평년,13750
양파,2016-09-06,가락도매,14250
양파,2016-09-06,평균,14250
양파,2016-09-06,평년,13650
양파,2016-09-07,가락도매,15000
양파,2016-09-07,평균,15000
양파,2016-09-07,평년,13550
양파,2016-09-08,가락도매,15000
양파,2016-09-08,평균,15000
양파,2016-09-08,평년,13500
양파,2016-09-09,가락도매,14250
양파,2016-09-09,평균,14250
양파,2016-09-09,평년,13500
양파,2016-09-12,가락도매,14250
양파,2016-09-12,평균,14250
양파,2016-09-12,평년,13750
양파,2016-09-13,가락도매,15000
양파,2016-09-13,평균,15000
양파,2016-09-13,평년,13900
양파,2016-09-19,가락도매,15000
양파,2016-09-19,평균,15000
양파,2016-09-19,평년,14000
양파,2016-09-20,가락도매,15000
양파,2016-09-20,평균,15000
양파,2016-09-20,평년,13950
양파,2016-09-21,가락도매,15750
양파,2016-09-21,평균,15750
양파,2016-09-21,평년,13900
양파,2016-09-22,가락도매,15000
양파,2016-09-22,평균,15000
양파,2016-09-22,평년,13850
양파,2016-09-23,가락도매,15000
양파,2016-09-23,평균,15000
양파,2016-09-23,평년,13800
양파,2016-09-26,가락도매,14250
양파,2016-09-26,평균,14250
양파,2016-09-26,평년,13500
양파,2016-09-27,가락도매,14250
양파,2016-09-27,평균,14250
양파,2016-09-27,평년,13450
양파,2016-09-28,가락도매,13500
양파,2016-09-28,평균,13500
양파,2016-09-28,평년,13450
양파,2016-09-29,가락도매,13500
양파,2016-09-29,평균,13500
양파,2016-09-29,평년,13550
양파,2016-09-30,가락도매,13500
양파,2016-09-30,평균,13500
양파,2016-09-30,평년,13600
양파,2016-10-04,가락도매,13500
양파,2016-10-04,평균,13500
양파,2016-10-04,평년,13500
양파,2016-10-05,가락도매,15000
양파,2016-10-05,평균,15000
양파,2016-10-05,평년,13600
양파,2016-10-06,가락도매,15000
양파,2016-10-06,평균,15000
양파,2016-10-06,평년,13700
양파,2016-10-07,가락도매,15000
양파,2016-10-07,평균,15000
양파,2016-10-07,평년,13800
양파,2016-10-10,가락도매,15000
양파,2016-10-10,평균,15000
양파,2016-10-10,평년,14250
양파,2016-10-11,가락도매,15000
양파,2016-10-11,평균,15000
양파,2016-10-11,평년,14500
양파,2016-10-12,가락도매,15000
양파,2016-10-12,평균,15000
양파,2016-10-12,평년,14800
양파,2016-10-13,가락도매,15000
양파,2016-10-13,평균,15000
양파,2016-10-13,평년,14975
양파,2016-10-14,가락도매,15000
양파,2016-10-14,평균,15000
양파,2016-10-14,평년,14975
양파,2016-10-17,가락도매,15000
양파,2016-10-17,평균,15000
양파,2016-10-17,평년,15400
양파,2016-10-18,가락도매,15000
양파,2016-10-18,평균,15000
양파,2016-10-18,평년,15500
양파,2016-10-19,가락도매,15000
양파,2016-10-19,평균,15000
양파,2016-10-19,평년,15600
양파,2016-10-20,가락도매,15000
양파,2016-10-20,평균,15000
양파,2016-10-20,평년,15625
양파,2016-10-21,가락도매,15000
양파,2016-10-21,평균,15000
양파,2016-10-21,평년,15625
양파,2016-10-24,가락도매,15000
양파,2016-10-24,평균,15000
양파,2016-10-24,평년,15900
양파,2016-10-25,가락도매,15000
양파,2016-10-25,평균,15000
양파,2016-10-25,평년,16000
양파,2016-10-26,가락도매,15000
양파,2016-10-26,평균,15000
양파,2016-10-26,평년,16000
양파,2016-10-27,가락도매,15000
양파,2016-10-27,평균,15000
양파,2016-10-27,평년,16000
양파,2016-10-28,가락도매,15000
양파,2016-10-28,평균,15000
양파,2016-10-28,평년,16000
양파,2016-10-31,가락도매,15000
양파,2016-10-31,평균,15000
양파,2016-10-31,평년,15800
양파,2016-11-01,가락도매,15000
양파,2016-11-01,평균,15000
양파,2016-11-01,평년,15600
양파,2016-11-02,가락도매,15000
양파,2016-11-02,평균,15000
양파,2016-11-02,평년,15500
양파,2016-11-03,가락도매,15000
양파,2016-11-03,평균,15000
양파,2016-11-03,평년,15425
양파,2016-11-04,가락도매,15000
양파,2016-11-04,평균,15000
양파,2016-11-04,평년,15475
양파,2016-11-07,가락도매,15750
양파,2016-11-07,평균,15750
양파,2016-11-07,평년,15600
양파,2016-11-08,가락도매,16500
양파,2016-11-08,평균,16500
양파,2016-11-08,평년,15750
양파,2016-11-09,가락도매,16500
양파,2016-11-09,평균,16500
양파,2016-11-09,평년,15813
양파,2016-11-10,가락도매,16500
양파,2016-11-10,평균,16500
양파,2016-11-10,평년,15813
양파,2016-11-11,가락도매,16500
양파,2016-11-11,평균,16500
양파,2016-11-11,평년,15800
양파,2016-11-14,가락도매,16500
양파,2016-11-14,평균,16500
양파,2016-11-14,평년,15750
양파,2016-11-15,가락도매,16500
양파,2016-11-15,평균,16500
양파,2016-11-15,평년,15750
양파,2016-11-16,가락도매,16500
양파,2016-11-16,평균,16500
양파,2016-11-16,평년,15750
양파,2016-11-17,가락도매,16500
양파,2016-11-17,평균,16500
양파,2016-11-17,평년,15750
양파,2016-11-18,가락도매,16500
양파,2016-11-18,평균,16500
양파,2016-11-18,평년,15750
양파,2016-11-21,가락도매,16500
양파,2016-11-21,평균,16500
양파,2016-11-21,평년,15850
양파,2016-11-22,가락도매,16500
양파,2016-11-22,평균,16500
양파,2016-11-22,평년,15900
양파,2016-11-23,가락도매,16500
양파,2016-11-23,평균,16500
양파,2016-11-23,평년,15850
양파,2016-11-24,가락도매,16500
양파,2016-11-24,평균,16500
양파,2016-11-24,평년,15838
양파,2016-11-25,가락도매,15000
양파,2016-11-25,평균,15000
양파,2016-11-25,평년,15788
양파,2016-11-28,가락도매,15000
양파,2016-11-28,평균,15000
양파,2016-11-28,평년,15600
양파,2016-11-29,가락도매,15000
양파,2016-11-29,평균,15000
양파,2016-11-29,평년,15400
양파,2016-11-30,가락도매,15000
양파,2016-11-30,평균,15000
양파,2016-11-30,평년,15325
양파,2016-12-01,가락도매,15000
양파,2016-12-01,평균,15000
양파,2016-12-01,평년,15313
양파,2016-12-05,가락도매,15750
양파,2016-12-05,평균,15750
양파,2016-12-05,평년,14950
양파,2016-12-06,가락도매,16500
양파,2016-12-06,평균,16500
양파,2016-12-06,평년,14900
양파,2016-12-07,가락도매,15750
양파,2016-12-07,평균,15750
양파,2016-12-07,평년,14813
양파,2016-12-08,가락도매,15000
양파,2016-12-08,평균,15000
양파,2016-12-08,평년,14875
양파,2016-12-09,가락도매,15000
양파,2016-12-09,평균,15000
양파,2016-12-09,평년,14813
양파,2016-12-12,가락도매,15000
양파,2016-12-12,평균,15000
양파,2016-12-12,평년,14100
양파,2016-12-13,가락도매,15000
양파,2016-12-13,평균,15000
양파,2016-12-13,평년,13900
양파,2016-12-14,가락도매,15750
양파,2016-12-14,평균,15750
양파,2016-12-14,평년,13763
양파,2016-12-15,가락도매,15750
양파,2016-12-15,평균,15750
양파,2016-12-15,평년,13675
양파,2016-12-16,가락도매,15000
양파,2016-12-16,평균,15000
양파,2016-12-16,평년,13563
양파,2016-12-19,가락도매,15000
양파,2016-12-19,평균,15000
양파,2016-12-19,평년,13538
양파,2016-12-20,가락도매,15000
양파,2016-12-20,평균,15000
양파,2016-12-20,평년,13500
양파,2016-12-21,가락도매,15000
양파,2016-12-21,평균,15000
양파,2016-12-21,평년,13600
양파,2016-12-22,가락도매,16500
양파,2016-12-22,평균,16500
양파,2016-12-22,평년,13600
양파,2016-12-23,가락도매,16500
양파,2016-12-23,평균,16500
양파,2016-12-23,평년,13600
양파,2016-12-26,가락도매,16500
양파,2016-12-26,평균,16500
양파,2016-12-26,평년,13800
양파,2016-12-27,가락도매,16500
양파,2016-12-27,평균,16500
양파,2016-12-27,평년,14000
양파,2016-12-28,가락도매,16500
양파,2016-12-28,평균,16500
양파,2016-12-28,평년,14100
양파,2016-12-29,가락도매,16500
양파,2016-12-29,평균,16500
양파,2016-12-29,평년,14200
양파,2016-12-30,가락도매,16500
양파,2016-12-30,평균,16500
양파,2016-12-30,평년,14250
양파,2017-01-02,가락도매,16500
양파,2017-01-02,평균,16500
양파,2017-01-02,평년,14250
양파,2017-01-03,가락도매,17250
양파,2017-01-03,평균,17250
양파,2017-01-03,평년,14350
양파,2017-01-04,가락도매,18000
양파,2017-01-04,평균,18000
양파,2017-01-04,평년,14550
양파,2017-01-05,가락도매,18750
양파,2017-01-05,평균,18750
양파,2017-01-05,평년,14625
양파,2017-01-06,가락도매,18750
양파,2017-01-06,평균,18750
양파,2017-01-06,평년,14625
양파,2017-01-09,가락도매,19500
양파,2017-01-09,평균,19500
양파,2017-01-09,평년,14900
양파,2017-01-10,가락도매,19500
양파,2017-01-10,평균,19500
양파,2017-01-10,평년,14850
양파,2017-01-11,가락도매,19500
양파,2017-01-11,평균,19500
양파,2017-01-11,평년,14825
양파,2017-01-12,가락도매,19500
양파,2017-01-12,평균,19500
양파,2017-01-12,평년,14750
양파,2017-01-13,가락도매,18000
양파,2017-01-13,평균,18000
양파,2017-01-13,평년,14725
양파,2017-01-16,가락도매,18000
양파,2017-01-16,평균,18000
양파,2017-01-16,평년,14750
양파,2017-01-17,가락도매,19500
양파,2017-01-17,평균,19500
양파,2017-01-17,평년,14800
양파,2017-01-18,가락도매,19500
양파,2017-01-18,평균,19500
양파,2017-01-18,평년,14863
양파,2017-01-19,가락도매,19500
양파,2017-01-19,평균,19500
양파,2017-01-19,평년,14963
양파,2017-01-20,가락도매,19500
양파,2017-01-20,평균,19500
양파,2017-01-20,평년,15100
양파,2017-01-23,가락도매,19500
양파,2017-01-23,평균,19500
양파,2017-01-23,평년,15300
양파,2017-01-24,가락도매,19500
양파,2017-01-24,평균,19500
양파,2017-01-24,평년,15300
양파,2017-01-25,가락도매,19500
양파,2017-01-25,평균,19500
양파,2017-01-25,평년,15300
양파,2017-01-26,가락도매,19500
양파,2017-01-26,평균,19500
양파,2017-01-26,평년,15250
양파,2017-01-31,가락도매,19500
양파,2017-01-31,평균,19500
양파,2017-01-31,평년,15513
양파,2017-02-01,가락도매,19500
양파,2017-02-01,평균,19500
양파,2017-02-01,평년,15763
양파,2017-02-02,가락도매,21000
양파,2017-02-02,평균,21000
양파,2017-02-02,평년,15713
양파,2017-02-03,가락도매,21000
양파,2017-02-03,평균,21000
양파,2017-02-03,평년,15550
양파,2017-02-06,가락도매,21000
양파,2017-02-06,평균,21000
양파,2017-02-06,평년,15300
양파,2017-02-07,가락도매,21000
양파,2017-02-07,평균,21000
양파,2017-02-07,평년,15200
양파,2017-02-08,가락도매,21000
양파,2017-02-08,평균,21000
양파,2017-02-08,평년,15163
양파,2017-02-09,가락도매,21000
양파,2017-02-09,평균,21000
양파,2017-02-09,평년,15213
양파,2017-02-10,가락도매,21000
양파,2017-02-10,평균,21000
양파,2017-02-10,평년,15250
양파,2017-02-13,가락도매,21000
양파,2017-02-13,평균,21000
양파,2017-02-13,평년,15100
양파,2017-02-14,가락도매,21000
양파,2017-02-14,평균,21000
양파,2017-02-14,평년,15050
양파,2017-02-15,가락도매,21000
양파,2017-02-15,평균,21000
양파,2017-02-15,평년,15000
양파,2017-02-16,가락도매,19500
양파,2017-02-16,평균,19500
양파,2017-02-16,평년,15000
양파,2017-02-17,가락도매,19500
양파,2017-02-17,평균,19500
양파,2017-02-17,평년,15000
양파,2017-02-20,가락도매,19500
양파,2017-02-20,평균,19500
양파,2017-02-20,평년,14700
양파,2017-02-21,가락도매,19500
양파,2017-02-21,평균,19500
양파,2017-02-21,평년,14688
양파,2017-02-22,가락도매,21000
양파,2017-02-22,평균,21000
양파,2017-02-22,평년,14688
양파,2017-02-23,가락도매,21000
양파,2017-02-23,평균,21000
양파,2017-02-23,평년,14850
양파,2017-02-24,가락도매,21000
양파,2017-02-24,평균,21000
양파,2017-02-24,평년,15100
양파,2017-02-27,가락도매,21000
양파,2017-02-27,평균,21000
양파,2017-02-27,평년,15200
양파,2017-02-28,가락도매,21000
양파,2017-02-28,평균,21000
양파,2017-02-28,평년,15125
양파,2017-03-02,가락도매,21000
양파,2017-03-02,평균,21000
양파,2017-03-02,평년,15200
양파,2017-03-03,가락도매,21000
양파,2017-03-03,평균,21000
양파,2017-03-03,평년,15200
양파,2017-03-06,가락도매,21000
양파,2017-03-06,평균,21000
양파,2017-03-06,평년,15163
양파,2017-03-07,가락도매,21000
양파,2017-03-07,평균,21000
양파,2017-03-07,평년,15150
양파,2017-03-08,가락도매,21000
양파,2017-03-08,평균,21000
양파,2017-03-08,평년,15250
양파,2017-03-09,가락도매,21000
양파,2017-03-09,평균,21000
양파,2017-03-09,평년,15350
양파,2017-03-10,가락도매,21000
양파,2017-03-10,평균,21000
양파,2017-03-10,평년,15260
양파,2017-03-13,가락도매,21000
양파,2017-03-13,평균,21000
양파,2017-03-13,평년,15040
양파,2017-03-14,가락도매,21000
양파,2017-03-14,평균,21000
양파,2017-03-14,평년,15000
양파,2017-03-15,가락도매,21000
양파,2017-03-15,평균,21000
양파,2017-03-15,평년,14800
양파,2017-03-16,가락도매,21000
양파,2017-03-16,평균,21000
양파,2017-03-16,평년,14600
양파,2017-03-17,가락도매,21000
양파,2017-03-17,평균,21000
양파,2017-03-17,평년,14590
양파,2017-03-20,가락도매,21000
양파,2017-03-20,평균,21000
양파,2017-03-20,평년,14390
양파,2017-03-21,가락도매,21000
양파,2017-03-21,평균,21000
양파,2017-03-21,평년,14330
양파,2017-03-22,가락도매,21000
양파,2017-03-22,평균,21000
양파,2017-03-22,평년,14350
양파,2017-03-23,가락도매,21750
양파,2017-03-23,평균,21750
양파,2017-03-23,평년,14350
양파,2017-03-24,가락도매,22500
양파,2017-03-24,평균,22500
양파,2017-03-24,평년,14248
양파,2017-03-27,가락도매,24000
양파,2017-03-27,평균,24000
양파,2017-03-27,평년,14210
양파,2017-03-28,가락도매,25500
양파,2017-03-28,평균,25500
양파,2017-03-28,평년,14190
양파,2017-03-29,가락도매,27000
양파,2017-03-29,평균,27000
양파,2017-03-29,평년,14050
양파,2017-03-30,가락도매,27000
양파,2017-03-30,평균,27000
양파,2017-03-30,평년,14000
양파,2017-03-31,가락도매,27000
양파,2017-03-31,평균,27000
양파,2017-03-31,평년,14140
양파,2017-04-03,가락도매,24000
양파,2017-04-03,평균,24000
양파,2017-04-03,평년,14635
양파,2017-04-04,가락도매,24000
양파,2017-04-04,평균,24000
양파,2017-04-04,평년,14780
양파,2017-04-05,가락도매,22875
양파,2017-04-05,평균,22875
양파,2017-04-05,평년,15050
양파,2017-04-06,가락도매,22875
양파,2017-04-06,평균,22875
양파,2017-04-06,평년,15600
양파,2017-04-07,가락도매,21000
양파,2017-04-07,평균,21000
양파,2017-04-07,평년,15750
양파,2017-04-10,가락도매,19500
양파,2017-04-10,평균,19500
양파,2017-04-10,평년,15475
양파,2017-04-11,가락도매,18000
양파,2017-04-11,평균,18000
양파,2017-04-11,평년,15088
양파,2017-04-12,가락도매,18000
양파,2017-04-12,평균,18000
양파,2017-04-12,평년,14825
양파,2017-04-13,가락도매,18000
양파,2017-04-13,평균,18000
양파,2017-04-13,평년,14450
양파,2017-04-14,가락도매,18000
양파,2017-04-14,평균,18000
양파,2017-04-14,평년,14438
양파,2017-04-17,가락도매,15000
양파,2017-04-17,평균,15000
양파,2017-04-17,평년,14325
양파,2017-04-18,가락도매,15000
양파,2017-04-18,평균,15000
양파,2017-04-18,평년,14325
양파,2017-04-19,가락도매,15000
양파,2017-04-19,평균,15000
양파,2017-04-19,평년,13625
양파,2017-04-20,가락도매,15000
양파,2017-04-20,평균,15000
양파,2017-04-20,평년,12675
양파,2017-04-21,가락도매,15000
양파,2017-04-21,평균,15000
양파,2017-04-21,평년,12208
양파,2017-04-24,가락도매,13500
양파,2017-04-24,평균,13500
양파,2017-04-24,평년,12325
양파,2017-04-25,가락도매,13500
양파,2017-04-25,평균,13500
양파,2017-04-25,평년,12475
양파,2017-04-26,가락도매,13500
양파,2017-04-26,평균,13500
양파,2017-04-26,평년,12625
양파,2017-04-27,가락도매,13500
양파,2017-04-27,평균,13500
양파,2017-04-27,평년,12825
양파,2017-04-28,가락도매,13500
양파,2017-04-28,평균,13500
양파,2017-04-28,평년,12938
양파,2017-05-02,가락도매,12750
양파,2017-05-02,평균,12750
양파,2017-05-02,평년,12600
양파,2017-05-04,가락도매,12000
양파,2017-05-04,평균,12000
양파,2017-05-04,평년,10900
양파,2017-05-08,가락도매,13500
양파,2017-05-08,평균,13500
양파,2017-05-08,평년,11300
양파,2017-05-10,가락도매,18000
양파,2017-05-10,평균,18000
양파,2017-05-10,평년,10863
양파,2017-05-11,가락도매,19500
양파,2017-05-11,평균,19500
양파,2017-05-11,평년,10600
양파,2017-05-12,가락도매,18750
양파,2017-05-12,평균,18750
양파,2017-05-12,평년,10263
양파,2017-05-15,가락도매,15750
양파,2017-05-15,평균,15750
양파,2017-05-15,평년,9963
양파,2017-05-16,가락도매,15000
양파,2017-05-16,평균,15000
양파,2017-05-16,평년,9963
양파,2017-05-17,가락도매,15000
양파,2017-05-17,평균,15000
양파,2017-05-17,평년,9963
양파,2017-05-18,가락도매,15000
양파,2017-05-18,평균,15000
양파,2017-05-18,평년,10050
양파,2017-05-19,가락도매,15000
양파,2017-05-19,평균,15000
양파,2017-05-19,평년,10100
양파,2017-05-22,가락도매,15000
양파,2017-05-22,평균,15000
양파,2017-05-22,평년,10300
양파,2017-05-23,가락도매,15000
양파,2017-05-23,평균,15000
양파,2017-05-23,평년,10313
양파,2017-05-24,가락도매,15000
양파,2017-05-24,평균,15000
양파,2017-05-24,평년,10463
양파,2017-05-25,가락도매,15000
양파,2017-05-25,평균,15000
양파,2017-05-25,평년,10663
양파,2017-05-26,가락도매,15000
양파,2017-05-26,평균,15000
양파,2017-05-26,평년,10888
양파,2017-05-29,가락도매,13500
양파,2017-05-29,평균,13500
양파,2017-05-29,평년,11250
양파,2017-05-30,가락도매,13500
양파,2017-05-30,평균,13500
양파,2017-05-30,평년,11288
양파,2017-05-31,가락도매,15000
양파,2017-05-31,평균,15000
양파,2017-05-31,평년,11438
양파,2017-06-01,가락도매,15000
양파,2017-06-01,평균,15000
양파,2017-06-01,평년,11550
양파,2017-06-02,가락도매,15000
양파,2017-06-02,평균,15000
양파,2017-06-02,평년,11588
양파,2017-06-05,가락도매,15000
양파,2017-06-05,평균,15000
양파,2017-06-05,평년,12200
양파,2017-06-07,가락도매,16500
양파,2017-06-07,평균,16500
양파,2017-06-07,평년,12263
양파,2017-06-08,가락도매,18000
양파,2017-06-08,평균,18000
양파,2017-06-08,평년,12350
양파,2017-06-09,가락도매,16500
양파,2017-06-09,평균,16500
양파,2017-06-09,평년,12550
양파,2017-06-12,가락도매,16500
양파,2017-06-12,평균,16500
양파,2017-06-12,평년,12375
양파,2017-06-13,가락도매,16500
양파,2017-06-13,평균,16500
양파,2017-06-13,평년,12225
양파,2017-06-14,가락도매,16500
양파,2017-06-14,평균,16500
양파,2017-06-14,평년,12175
양파,2017-06-15,가락도매,15750
양파,2017-06-15,평균,15750
양파,2017-06-15,평년,12150
양파,2017-06-16,가락도매,15000
양파,2017-06-16,평균,15000
양파,2017-06-16,평년,12200
양파,2017-06-19,가락도매,15000
양파,2017-06-19,평균,15000
양파,2017-06-19,평년,12700
양파,2017-06-20,가락도매,15000
양파,2017-06-20,평균,15000
양파,2017-06-20,평년,12700
양파,2017-06-21,가락도매,15000
양파,2017-06-21,평균,15000
양파,2017-06-21,평년,12450
양파,2017-06-22,가락도매,15000
양파,2017-06-22,평균,15000
양파,2017-06-22,평년,12325
양파,2017-06-23,가락도매,15000
양파,2017-06-23,평균,15000
양파,2017-06-23,평년,12263
양파,2017-06-26,가락도매,16500
양파,2017-06-26,평균,16500
양파,2017-06-26,평년,11725
양파,2017-06-27,가락도매,16500
양파,2017-06-27,평균,16500
양파,2017-06-27,평년,11700
양파,2017-06-28,가락도매,16500
양파,2017-06-28,평균,16500
양파,2017-06-28,평년,11700
양파,2017-06-29,가락도매,16500
양파,2017-06-29,평균,16500
양파,2017-06-29,평년,11775
양파,2017-06-30,가락도매,16500
양파,2017-06-30,평균,16500
양파,2017-06-30,평년,11863
양파,2017-07-03,가락도매,16500
양파,2017-07-03,평균,16500
양파,2017-07-03,평년,12175
양파,2017-07-04,가락도매,18000
양파,2017-07-04,평균,18000
양파,2017-07-04,평년,12250
양파,2017-07-05,가락도매,18000
양파,2017-07-05,평균,18000
양파,2017-07-05,평년,12300
양파,2017-07-06,가락도매,16500
양파,2017-07-06,평균,16500
양파,2017-07-06,평년,12263
양파,2017-07-07,가락도매,16500
양파,2017-07-07,평균,16500
양파,2017-07-07,평년,12213
양파,2017-07-10,가락도매,17250
양파,2017-07-10,평균,17250
양파,2017-07-10,평년,12063
양파,2017-07-11,가락도매,17250
양파,2017-07-11,평균,17250
양파,2017-07-11,평년,12050
양파,2017-07-12,가락도매,17250
양파,2017-07-12,평균,17250
양파,2017-07-12,평년,12050
양파,2017-07-13,가락도매,17250
양파,2017-07-13,평균,17250
양파,2017-07-13,평년,12063
양파,2017-07-14,가락도매,17250
양파,2017-07-14,평균,17250
양파,2017-07-14,평년,12063
양파,2017-07-17,가락도매,17250
양파,2017-07-17,평균,17250
양파,2017-07-17,평년,12250
양파,2017-07-18,가락도매,18000
양파,2017-07-18,평균,18000
양파,2017-07-18,평년,12350
양파,2017-07-19,가락도매,18000
양파,2017-07-19,평균,18000
양파,2017-07-19,평년,12400
양파,2017-07-20,가락도매,18000
양파,2017-07-20,평균,18000
양파,2017-07-20,평년,12500
양파,2017-07-21,가락도매,18000
양파,2017-07-21,평균,18000
양파,2017-07-21,평년,12500
양파,2017-07-24,가락도매,18000
양파,2017-07-24,평균,18000
양파,2017-07-24,평년,12563
양파,2017-07-25,가락도매,18000
양파,2017-07-25,평균,18000
양파,2017-07-25,평년,12600
양파,2017-07-26,가락도매,18000
양파,2017-07-26,평균,18000
양파,2017-07-26,평년,12700
양파,2017-07-27,가락도매,18000
양파,2017-07-27,평균,18000
양파,2017-07-27,평년,12800
양파,2017-07-28,가락도매,18000
양파,2017-07-28,평균,18000
양파,2017-07-28,평년,12900
양파,2017-07-31,가락도매,18000
양파,2017-07-31,평균,18000
양파,2017-07-31,평년,12938
양파,2017-08-01,가락도매,18000
양파,2017-08-01,평균,18000
양파,2017-08-01,평년,12900
양파,2017-08-02,가락도매,18000
양파,2017-08-02,평균,18000
양파,2017-08-02,평년,12900
양파,2017-08-03,가락도매,18000
양파,2017-08-03,평균,18000
양파,2017-08-03,평년,12950
양파,2017-08-04,가락도매,18000
양파,2017-08-04,평균,18000
양파,2017-08-04,평년,13013
양파,2017-08-07,가락도매,18000
양파,2017-08-07,평균,18000
양파,2017-08-07,평년,13375
양파,2017-08-08,가락도매,18000
양파,2017-08-08,평균,18000
양파,2017-08-08,평년,13600
양파,2017-08-09,가락도매,18000
양파,2017-08-09,평균,18000
양파,2017-08-09,평년,13850
양파,2017-08-10,가락도매,18000
양파,2017-08-10,평균,18000
양파,2017-08-10,평년,14000
양파,2017-08-11,가락도매,18000
양파,2017-08-11,평균,18000
양파,2017-08-11,평년,13950
양파,2017-08-14,가락도매,18000
양파,2017-08-14,평균,18000
양파,2017-08-14,평년,14075
양파,2017-08-16,가락도매,19500
양파,2017-08-16,평균,19500
양파,2017-08-16,평년,14050
양파,2017-08-17,가락도매,19500
양파,2017-08-17,평균,19500
양파,2017-08-17,평년,13975
양파,2017-08-18,가락도매,19500
양파,2017-08-18,평균,19500
양파,2017-08-18,평년,13925
양파,2017-08-21,가락도매,19500
양파,2017-08-21,평균,19500
양파,2017-08-21,평년,13975
양파,2017-08-22,가락도매,19500
양파,2017-08-22,평균,19500
양파,2017-08-22,평년,13950
양파,2017-08-23,가락도매,19500
양파,2017-08-23,평균,19500
양파,2017-08-23,평년,13950
양파,2017-08-24,가락도매,19500
양파,2017-08-24,평균,19500
양파,2017-08-24,평년,13975
양파,2017-08-25,가락도매,19500
양파,2017-08-25,평균,19500
양파,2017-08-25,평년,13975
양파,2017-08-28,가락도매,19500
양파,2017-08-28,평균,19500
양파,2017-08-28,평년,14400
양파,2017-08-29,가락도매,19500
양파,2017-08-29,평균,19500
양파,2017-08-29,평년,14450
양파,2017-08-30,가락도매,19500
양파,2017-08-30,평균,19500
양파,2017-08-30,평년,14650
양파,2017-08-31,가락도매,19500
양파,2017-08-31,평균,19500
양파,2017-08-31,평년,14725
양파,2017-09-01,가락도매,19500
양파,2017-09-01,평균,19500
양파,2017-09-01,평년,14813
양파,2017-09-04,가락도매,19500
양파,2017-09-04,평균,19500
양파,2017-09-04,평년,14800
양파,2017-09-05,가락도매,19500
양파,2017-09-05,평균,19500
양파,2017-09-05,평년,14900
양파,2017-09-06,가락도매,19500
양파,2017-09-06,평균,19500
양파,2017-09-06,평년,14900
양파,2017-09-07,가락도매,19500
양파,2017-09-07,평균,19500
양파,2017-09-07,평년,14850
양파,2017-09-08,가락도매,19500
양파,2017-09-08,평균,19500
양파,2017-09-08,평년,14850
양파,2017-09-11,가락도매,19500
양파,2017-09-11,평균,19500
양파,2017-09-11,평년,14975
양파,2017-09-12,가락도매,19500
양파,2017-09-12,평균,19500
양파,2017-09-12,평년,15150
양파,2017-09-13,가락도매,19500
양파,2017-09-13,평균,19500
양파,2017-09-13,평년,15300
양파,2017-09-14,가락도매,19500
양파,2017-09-14,평균,19500
양파,2017-09-14,평년,15438
양파,2017-09-15,가락도매,19500
양파,2017-09-15,평균,19500
양파,2017-09-15,평년,15438
양파,2017-09-18,가락도매,18750
양파,2017-09-18,평균,18750
양파,2017-09-18,평년,15438
양파,2017-09-19,가락도매,18750
양파,2017-09-19,평균,18750
양파,2017-09-19,평년,15500
양파,2017-09-20,가락도매,18750
양파,2017-09-20,평균,18750
양파,2017-09-20,평년,15550
양파,2017-09-21,가락도매,18750
양파,2017-09-21,평균,18750
양파,2017-09-21,평년,15550
양파,2017-09-22,가락도매,18000
양파,2017-09-22,평균,18000
양파,2017-09-22,평년,15500
양파,2017-09-25,가락도매,18750
양파,2017-09-25,평균,18750
양파,2017-09-25,평년,15125
양파,2017-09-26,가락도매,18750
양파,2017-09-26,평균,18750
양파,2017-09-26,평년,14950
양파,2017-09-27,가락도매,18750
양파,2017-09-27,평균,18750
양파,2017-09-27,평년,14750
양파,2017-09-28,가락도매,18000
양파,2017-09-28,평균,18000
양파,2017-09-28,평년,14600
양파,2017-09-29,가락도매,18000
양파,2017-09-29,평균,18000
양파,2017-09-29,평년,14550
양파,2017-10-10,가락도매,15750
양파,2017-10-10,평균,15750
양파,2017-10-10,평년,15150
양파,2017-10-11,가락도매,15750
양파,2017-10-11,평균,15750
양파,2017-10-11,평년,15400
양파,2017-10-12,가락도매,18000
양파,2017-10-12,평균,18000
양파,2017-10-12,평년,15700
양파,2017-10-13,가락도매,18000
양파,2017-10-13,평균,18000
양파,2017-10-13,평년,15875
양파,2017-10-16,가락도매,18000
양파,2017-10-16,평균,18000
양파,2017-10-16,평년,16300
양파,2017-10-17,가락도매,18000
양파,2017-10-17,평균,18000
양파,2017-10-17,평년,16400
양파,2017-10-18,가락도매,19500
양파,2017-10-18,평균,19500
양파,2017-10-18,평년,16500
양파,2017-10-19,가락도매,19500
양파,2017-10-19,평균,19500
양파,2017-10-19,평년,16600
양파,2017-10-20,가락도매,19500
양파,2017-10-20,평균,19500
양파,2017-10-20,평년,16625
양파,2017-10-23,가락도매,19500
양파,2017-10-23,평균,19500
양파,2017-10-23,평년,16800
양파,2017-10-24,가락도매,19500
양파,2017-10-24,평균,19500
양파,2017-10-24,평년,16900
양파,2017-10-25,가락도매,19500
양파,2017-10-25,평균,19500
양파,2017-10-25,평년,17000
양파,2017-10-26,가락도매,18750
양파,2017-10-26,평균,18750
양파,2017-10-26,평년,17000
양파,2017-10-27,가락도매,18750
양파,2017-10-27,평균,18750
양파,2017-10-27,평년,17000
양파,2017-10-30,가락도매,18750
양파,2017-10-30,평균,18750
양파,2017-10-30,평년,16900
양파,2017-10-31,가락도매,18750
양파,2017-10-31,평균,18750
양파,2017-10-31,평년,16800
양파,2017-11-01,가락도매,18750
양파,2017-11-01,평균,18750
양파,2017-11-01,평년,16600
양파,2017-11-02,가락도매,18750
양파,2017-11-02,평균,18750
양파,2017-11-02,평년,16500
양파,2017-11-03,가락도매,18750
양파,2017-11-03,평균,18750
양파,2017-11-03,평년,16425
양파,2017-11-06,가락도매,19500
양파,2017-11-06,평균,19500
양파,2017-11-06,평년,16638
양파,2017-11-07,가락도매,19500
양파,2017-11-07,평균,19500
양파,2017-11-07,평년,16700
양파,2017-11-08,가락도매,19500
양파,2017-11-08,평균,19500
양파,2017-11-08,평년,16900
양파,2017-11-09,가락도매,19500
양파,2017-11-09,평균,19500
양파,2017-11-09,평년,17013
양파,2017-11-10,가락도매,19500
양파,2017-11-10,평균,19500
양파,2017-11-10,평년,17063
양파,2017-11-13,가락도매,19500
양파,2017-11-13,평균,19500
양파,2017-11-13,평년,17000
양파,2017-11-14,가락도매,18000
양파,2017-11-14,평균,18000
양파,2017-11-14,평년,17000
양파,2017-11-15,가락도매,18000
양파,2017-11-15,평균,18000
양파,2017-11-15,평년,17000
양파,2017-11-16,가락도매,18000
양파,2017-11-16,평균,18000
양파,2017-11-16,평년,17000
양파,2017-11-17,가락도매,18000
양파,2017-11-17,평균,18000
양파,2017-11-17,평년,17000
양파,2017-11-20,가락도매,19500
양파,2017-11-20,평균,19500
양파,2017-11-20,평년,17050
양파,2017-11-21,가락도매,19500
양파,2017-11-21,평균,19500
양파,2017-11-21,평년,17100
양파,2017-11-22,가락도매,19500
양파,2017-11-22,평균,19500
양파,2017-11-22,평년,17150
양파,2017-11-23,가락도매,19500
양파,2017-11-23,평균,19500
양파,2017-11-23,평년,17050
양파,2017-11-24,가락도매,19500
양파,2017-11-24,평균,19500
양파,2017-11-24,평년,16988
양파,2017-11-27,가락도매,19500
양파,2017-11-27,평균,19500
양파,2017-11-27,평년,16725
양파,2017-11-28,가락도매,19500
양파,2017-11-28,평균,19500
양파,2017-11-28,평년,16650
양파,2017-11-29,가락도매,19500
양파,2017-11-29,평균,19500
양파,2017-11-29,평년,16400
양파,2017-11-30,가락도매,19500
양파,2017-11-30,평균,19500
양파,2017-11-30,평년,16425
양파,2017-12-04,가락도매,19500
양파,2017-12-04,평균,19500
양파,2017-12-04,평년,16338
양파,2017-12-05,가락도매,18750
양파,2017-12-05,평균,18750
양파,2017-12-05,평년,16300
양파,2017-12-06,가락도매,18750
양파,2017-12-06,평균,18750
양파,2017-12-06,평년,16300
양파,2017-12-07,가락도매,18750
양파,2017-12-07,평균,18750
양파,2017-12-07,평년,16263
양파,2017-12-08,가락도매,18750
양파,2017-12-08,평균,18750
양파,2017-12-08,평년,16275
양파,2017-12-11,가락도매,18750
양파,2017-12-11,평균,18750
양파,2017-12-11,평년,15600
양파,2017-12-12,가락도매,18750
양파,2017-12-12,평균,18750
양파,2017-12-12,평년,15400
양파,2017-12-13,가락도매,18750
양파,2017-12-13,평균,18750
양파,2017-12-13,평년,15250
양파,2017-12-14,가락도매,18750
양파,2017-12-14,평균,18750
양파,2017-12-14,평년,15213
양파,2017-12-15,가락도매,18750
양파,2017-12-15,평균,18750
양파,2017-12-15,평년,15225
양파,2017-12-18,가락도매,18750
양파,2017-12-18,평균,18750
양파,2017-12-18,평년,15213
양파,2017-12-19,가락도매,18750
양파,2017-12-19,평균,18750
양파,2017-12-19,평년,15238
양파,2017-12-20,가락도매,18750
양파,2017-12-20,평균,18750
양파,2017-12-20,평년,15400
양파,2017-12-21,가락도매,18750
양파,2017-12-21,평균,18750
양파,2017-12-21,평년,15650
양파,2017-12-22,가락도매,18750
양파,2017-12-22,평균,18750
양파,2017-12-22,평년,15800
양파,2017-12-26,가락도매,18000
양파,2017-12-26,평균,18000
양파,2017-12-26,평년,16150
양파,2017-12-27,가락도매,18000
양파,2017-12-27,평균,18000
양파,2017-12-27,평년,16250
양파,2017-12-28,가락도매,18000
양파,2017-12-28,평균,18000
양파,2017-12-28,평년,16250
양파,2017-12-29,가락도매,18000
양파,2017-12-29,평균,18000
양파,2017-12-29,평년,16250
양파,2018-01-02,가락도매,18000
양파,2018-01-02,평균,18000
양파,2018-01-02,평년,16400
양파,2018-01-03,가락도매,18000
양파,2018-01-03,평균,18000
양파,2018-01-03,평년,16650
양파,2018-01-04,가락도매,18000
양파,2018-01-04,평균,18000
양파,2018-01-04,평년,17000
양파,2018-01-05,가락도매,18000
양파,2018-01-05,평균,18000
양파,2018-01-05,평년,17275
양파,2018-01-08,가락도매,18000
양파,2018-01-08,평균,18000
양파,2018-01-08,평년,17725
양파,2018-01-09,가락도매,18000
양파,2018-01-09,평균,18000
양파,2018-01-09,평년,17800
양파,2018-01-10,가락도매,18000
양파,2018-01-10,평균,18000
양파,2018-01-10,평년,17800
양파,2018-01-11,가락도매,18000
양파,2018-01-11,평균,18000
양파,2018-01-11,평년,17725
양파,2018-01-12,가락도매,18000
양파,2018-01-12,평균,18000
양파,2018-01-12,평년,17550
양파,2018-01-15,가락도매,18000
양파,2018-01-15,평균,18000
양파,2018-01-15,평년,17450
양파,2018-01-16,가락도매,18000
양파,2018-01-16,평균,18000
양파,2018-01-16,평년,17550
양파,2018-01-17,가락도매,18000
양파,2018-01-17,평균,18000
양파,2018-01-17,평년,17600
양파,2018-01-18,가락도매,18000
양파,2018-01-18,평균,18000
양파,2018-01-18,평년,17763
양파,2018-01-19,가락도매,18000
양파,2018-01-19,평균,18000
양파,2018-01-19,평년,17963
양파,2018-01-22,가락도매,17250
양파,2018-01-22,평균,17250
양파,2018-01-22,평년,18250
양파,2018-01-23,가락도매,17250
양파,2018-01-23,평균,17250
양파,2018-01-23,평년,18300
양파,2018-01-24,가락도매,17250
양파,2018-01-24,평균,17250
양파,2018-01-24,평년,18300
양파,2018-01-25,가락도매,17250
양파,2018-01-25,평균,17250
양파,2018-01-25,평년,18300
양파,2018-01-26,가락도매,18750
양파,2018-01-26,평균,18750
양파,2018-01-26,평년,18250
양파,2018-01-29,가락도매,18750
양파,2018-01-29,평균,18750
양파,2018-01-29,평년,18350
양파,2018-01-30,가락도매,18750
양파,2018-01-30,평균,18750
양파,2018-01-30,평년,18413
양파,2018-01-31,가락도매,18750
양파,2018-01-31,평균,18750
양파,2018-01-31,평년,18613
양파,2018-02-01,가락도매,18750
양파,2018-02-01,평균,18750
양파,2018-02-01,평년,18963
양파,2018-02-02,가락도매,18750
양파,2018-02-02,평균,18750
양파,2018-02-02,평년,19063
양파,2018-02-05,가락도매,18000
양파,2018-02-05,평균,18000
양파,2018-02-05,평년,19000
양파,2018-02-06,가락도매,18000
양파,2018-02-06,평균,18000
양파,2018-02-06,평년,18950
양파,2018-02-07,가락도매,18000
양파,2018-02-07,평균,18000
양파,2018-02-07,평년,18850
양파,2018-02-08,가락도매,18000
양파,2018-02-08,평균,18000
양파,2018-02-08,평년,18813
양파,2018-02-09,가락도매,18000
양파,2018-02-09,평균,18000
양파,2018-02-09,평년,18813
양파,2018-02-12,가락도매,16500
양파,2018-02-12,평균,16500
양파,2018-02-12,평년,18650
양파,2018-02-13,가락도매,16500
양파,2018-02-13,평균,16500
양파,2018-02-13,평년,18600
양파,2018-02-14,가락도매,18000
양파,2018-02-14,평균,18000
양파,2018-02-14,평년,18450
양파,2018-02-19,가락도매,18000
양파,2018-02-19,평균,18000
양파,2018-02-19,평년,17800
양파,2018-02-20,가락도매,18000
양파,2018-02-20,평균,18000
양파,2018-02-20,평년,17800
양파,2018-02-21,가락도매,18000
양파,2018-02-21,평균,18000
양파,2018-02-21,평년,17888
양파,2018-02-22,가락도매,16500
양파,2018-02-22,평균,16500
양파,2018-02-22,평년,17988
양파,2018-02-23,가락도매,16500
양파,2018-02-23,평균,16500
양파,2018-02-23,평년,18250
양파,2018-02-26,가락도매,16500
양파,2018-02-26,평균,16500
양파,2018-02-26,평년,18800
양파,2018-02-27,가락도매,16500
양파,2018-02-27,평균,16500
양파,2018-02-27,평년,18700
양파,2018-02-28,가락도매,15000
양파,2018-02-28,평균,15000
양파,2018-02-28,평년,18625
양파,2018-03-02,가락도매,13500
양파,2018-03-02,평균,13500
양파,2018-03-02,평년,18700
양파,2018-03-05,가락도매,13500
양파,2018-03-05,평균,13500
양파,2018-03-05,평년,18813
양파,2018-03-06,가락도매,13500
양파,2018-03-06,평균,13500
양파,2018-03-06,평년,18663
양파,2018-03-07,가락도매,13500
양파,2018-03-07,평균,13500
양파,2018-03-07,평년,18650
양파,2018-03-08,가락도매,13500
양파,2018-03-08,평균,13500
양파,2018-03-08,평년,18750
양파,2018-03-09,가락도매,12000
양파,2018-03-09,평균,12000
양파,2018-03-09,평년,18850
양파,2018-03-12,가락도매,12000
양파,2018-03-12,평균,12000
양파,2018-03-12,평년,18530
양파,2018-03-13,가락도매,12000
양파,2018-03-13,평균,12000
양파,2018-03-13,평년,18540
양파,2018-03-14,가락도매,12000
양파,2018-03-14,평균,12000
양파,2018-03-14,평년,18500
양파,2018-03-15,가락도매,12000
양파,2018-03-15,평균,12000
양파,2018-03-15,평년,18300
양파,2018-03-16,가락도매,12000
양파,2018-03-16,평균,12000
양파,2018-03-16,평년,18100
양파,2018-03-19,가락도매,12000
양파,2018-03-19,평균,12000
양파,2018-03-19,평년,18000
양파,2018-03-20,가락도매,12000
양파,2018-03-20,평균,12000
양파,2018-03-20,평년,17940
양파,2018-03-21,가락도매,12000
양파,2018-03-21,평균,12000
양파,2018-03-21,평년,17980
양파,2018-03-22,가락도매,12000
양파,2018-03-22,평균,12000
양파,2018-03-22,평년,18150
양파,2018-03-23,가락도매,12000
양파,2018-03-23,평균,12000
양파,2018-03-23,평년,18450
양파,2018-03-26,가락도매,12000
양파,2018-03-26,평균,12000
양파,2018-03-26,평년,18823
양파,2018-03-27,가락도매,10500
양파,2018-03-27,평균,10500
양파,2018-03-27,평년,19160
양파,2018-03-28,가락도매,10500
양파,2018-03-28,평균,10500
양파,2018-03-28,평년,19540
양파,2018-03-29,가락도매,10500
양파,2018-03-29,평균,10500
양파,2018-03-29,평년,19750
양파,2018-03-30,가락도매,10500
양파,2018-03-30,평균,10500
양파,2018-03-30,평년,19650
양파,2018-04-02,가락도매,10500
양파,2018-04-02,평균,10500
양파,2018-04-02,평년,19735
양파,2018-04-03,가락도매,10500
양파,2018-04-03,평균,10500
양파,2018-04-03,평년,19650
양파,2018-04-04,가락도매,10500
양파,2018-04-04,평균,10500
양파,2018-04-04,평년,19550
양파,2018-04-05,가락도매,9000
양파,2018-04-05,평균,9000
양파,2018-04-05,평년,19450
양파,2018-04-06,가락도매,9000
양파,2018-04-06,평균,9000
양파,2018-04-06,평년,19700
양파,2018-04-09,가락도매,9000
양파,2018-04-09,평균,9000
양파,2018-04-09,평년,19056
양파,2018-04-10,가락도매,9000
양파,2018-04-10,평균,9000
양파,2018-04-10,평년,18800
양파,2018-04-11,가락도매,9000
양파,2018-04-11,평균,9000
양파,2018-04-11,평년,18075
양파,2018-04-12,가락도매,9000
양파,2018-04-12,평균,9000
양파,2018-04-12,평년,17575
양파,2018-04-13,가락도매,9000
양파,2018-04-13,평균,9000
양파,2018-04-13,평년,16850
양파,2018-04-16,가락도매,9000
양파,2018-04-16,평균,9000
양파,2018-04-16,평년,16525
양파,2018-04-17,가락도매,9000
양파,2018-04-17,평균,9000
양파,2018-04-17,평년,16225
양파,2018-04-18,가락도매,9000
양파,2018-04-18,평균,9000
양파,2018-04-18,평년,16025
양파,2018-04-19,가락도매,9000
양파,2018-04-19,평균,9000
양파,2018-04-19,평년,15125
양파,2018-04-20,가락도매,13500
양파,2018-04-20,평균,13500
양파,2018-04-20,평년,14025
양파,2018-04-23,가락도매,13500
양파,2018-04-23,평균,13500
양파,2018-04-23,평년,13375
양파,2018-04-24,가락도매,15000
양파,2018-04-24,평균,15000
양파,2018-04-24,평년,13325
양파,2018-04-25,가락도매,16500
양파,2018-04-25,평균,16500
양파,2018-04-25,평년,13225
양파,2018-04-26,가락도매,16500
양파,2018-04-26,평균,16500
양파,2018-04-26,평년,13125
양파,2018-04-27,가락도매,16500
양파,2018-04-27,평균,16500
양파,2018-04-27,평년,13075
양파,2018-04-30,가락도매,16500
양파,2018-04-30,평균,16500
양파,2018-04-30,평년,12938
양파,2018-05-02,가락도매,16500
양파,2018-05-02,평균,16500
양파,2018-05-02,평년,12400
양파,2018-05-03,가락도매,16500
양파,2018-05-03,평균,16500
양파,2018-05-03,평년,11350
양파,2018-05-04,가락도매,16500
양파,2018-05-04,평균,16500
양파,2018-05-04,평년,10900
양파,2018-05-08,가락도매,13500
양파,2018-05-08,평균,13500
양파,2018-05-08,평년,11950
양파,2018-05-09,가락도매,12000
양파,2018-05-09,평균,12000
양파,2018-05-09,평년,12113
양파,2018-05-10,가락도매,12000
양파,2018-05-10,평균,12000
양파,2018-05-10,평년,12363
양파,2018-05-11,가락도매,12000
양파,2018-05-11,평균,12000
양파,2018-05-11,평년,12550
양파,2018-05-14,가락도매,10500
양파,2018-05-14,평균,10500
양파,2018-05-14,평년,12263
양파,2018-05-15,가락도매,10500
양파,2018-05-15,평균,10500
양파,2018-05-15,평년,12013
양파,2018-05-16,가락도매,10500
양파,2018-05-16,평균,10500
양파,2018-05-16,평년,11663
양파,2018-05-17,가락도매,10500
양파,2018-05-17,평균,10500
양파,2018-05-17,평년,11363
양파,2018-05-18,가락도매,10500
양파,2018-05-18,평균,10500
양파,2018-05-18,평년,11350
양파,2018-05-21,가락도매,9000
양파,2018-05-21,평균,9000
양파,2018-05-21,평년,11450
양파,2018-05-23,가락도매,10500
양파,2018-05-23,평균,10500
양파,2018-05-23,평년,11563
양파,2018-05-24,가락도매,10500
양파,2018-05-24,평균,10500
양파,2018-05-24,평년,11663
양파,2018-05-25,가락도매,9750
양파,2018-05-25,평균,9750
양파,2018-05-25,평년,11663
양파,2018-05-28,가락도매,9000
양파,2018-05-28,평균,9000
양파,2018-05-28,평년,12050
양파,2018-05-29,가락도매,9000
양파,2018-05-29,평균,9000
양파,2018-05-29,평년,12050
양파,2018-05-30,가락도매,9000
양파,2018-05-30,평균,9000
양파,2018-05-30,평년,11938
양파,2018-05-31,가락도매,9000
양파,2018-05-31,평균,9000
양파,2018-05-31,평년,11938
양파,2018-06-01,가락도매,9000
양파,2018-06-01,평균,9000
양파,2018-06-01,평년,12050
양파,2018-06-04,가락도매,9000
양파,2018-06-04,평균,9000
양파,2018-06-04,평년,12625
양파,2018-06-05,가락도매,9000
양파,2018-06-05,평균,9000
양파,2018-06-05,평년,13000
양파,2018-06-07,가락도매,10500
양파,2018-06-07,평균,10500
양파,2018-06-07,평년,13263
양파,2018-06-08,가락도매,10500
양파,2018-06-08,평균,10500
양파,2018-06-08,평년,13550
양파,2018-06-11,가락도매,10500
양파,2018-06-11,평균,10500
양파,2018-06-11,평년,13775
양파,2018-06-12,가락도매,12000
양파,2018-06-12,평균,12000
양파,2018-06-12,평년,13775
양파,2018-06-14,가락도매,12000
양파,2018-06-14,평균,12000
양파,2018-06-14,평년,13525
양파,2018-06-15,가락도매,11250
양파,2018-06-15,평균,11250
양파,2018-06-15,평년,13400
양파,2018-06-18,가락도매,11250
양파,2018-06-18,평균,11250
양파,2018-06-18,평년,13563
양파,2018-06-19,가락도매,11250
양파,2018-06-19,평균,11250
양파,2018-06-19,평년,13650
양파,2018-06-20,가락도매,10500
양파,2018-06-20,평균,10500
양파,2018-06-20,평년,13488
양파,2018-06-21,가락도매,10500
양파,2018-06-21,평균,10500
양파,2018-06-21,평년,13188
양파,2018-06-22,가락도매,10500
양파,2018-06-22,평균,10500
양파,2018-06-22,평년,13075
양파,2018-06-25,가락도매,9750
양파,2018-06-25,평균,9750
양파,2018-06-25,평년,12725
양파,2018-06-26,가락도매,9750
양파,2018-06-26,평균,9750
양파,2018-06-26,평년,12825
양파,2018-06-27,가락도매,10500
양파,2018-06-27,평균,10500
양파,2018-06-27,평년,12900
양파,2018-06-28,가락도매,10500
양파,2018-06-28,평균,10500
양파,2018-06-28,평년,12900
양파,2018-06-29,가락도매,10500
양파,2018-06-29,평균,10500
양파,2018-06-29,평년,12925
양파,2018-07-02,가락도매,10500
양파,2018-07-02,평균,10500
양파,2018-07-02,평년,13450
양파,2018-07-03,가락도매,10500
양파,2018-07-03,평균,10500
양파,2018-07-03,평년,13525
양파,2018-07-04,가락도매,10500
양파,2018-07-04,평균,10500
양파,2018-07-04,평년,13500
양파,2018-07-05,가락도매,10500
양파,2018-07-05,평균,10500
양파,2018-07-05,평년,13500
양파,2018-07-06,가락도매,10500
양파,2018-07-06,평균,10500
양파,2018-07-06,평년,13513
양파,2018-07-09,가락도매,10500
양파,2018-07-09,평균,10500
양파,2018-07-09,평년,13163
양파,2018-07-10,가락도매,10500
양파,2018-07-10,평균,10500
양파,2018-07-10,평년,13163
양파,2018-07-11,가락도매,10500
양파,2018-07-11,평균,10500
양파,2018-07-11,평년,13113
양파,2018-07-12,가락도매,10500
양파,2018-07-12,평균,10500
양파,2018-07-12,평년,13113
양파,2018-07-13,가락도매,10500
양파,2018-07-13,평균,10500
양파,2018-07-13,평년,13163
양파,2018-07-16,가락도매,10500
양파,2018-07-16,평균,10500
양파,2018-07-16,평년,13350
양파,2018-07-17,가락도매,10500
양파,2018-07-17,평균,10500
양파,2018-07-17,평년,13400
양파,2018-07-18,가락도매,10500
양파,2018-07-18,평균,10500
양파,2018-07-18,평년,13425
양파,2018-07-19,가락도매,10500
양파,2018-07-19,평균,10500
양파,2018-07-19,평년,13375
양파,2018-07-20,가락도매,10500
양파,2018-07-20,평균,10500
양파,2018-07-20,평년,13400
양파,2018-07-23,가락도매,10500
양파,2018-07-23,평균,10500
양파,2018-07-23,평년,13563
양파,2018-07-24,가락도매,9750
양파,2018-07-24,평균,9750
양파,2018-07-24,평년,13563
양파,2018-07-25,가락도매,9750
양파,2018-07-25,평균,9750
양파,2018-07-25,평년,13600
양파,2018-07-26,가락도매,9750
양파,2018-07-26,평균,9750
양파,2018-07-26,평년,13700
양파,2018-07-27,가락도매,9750
양파,2018-07-27,평균,9750
양파,2018-07-27,평년,13800
양파,2018-07-30,가락도매,9750
양파,2018-07-30,평균,9750
양파,2018-07-30,평년,13938
양파,2018-07-31,가락도매,9750
양파,2018-07-31,평균,9750
양파,2018-07-31,평년,13938
양파,2018-08-01,가락도매,9750
양파,2018-08-01,평균,9750
양파,2018-08-01,평년,13900
양파,2018-08-02,가락도매,9750
양파,2018-08-02,평균,9750
양파,2018-08-02,평년,13900
양파,2018-08-03,가락도매,9750
양파,2018-08-03,평균,9750
양파,2018-08-03,평년,13900
양파,2018-08-06,가락도매,12000
양파,2018-08-06,평균,12000
양파,2018-08-06,평년,14125
양파,2018-08-07,가락도매,12000
양파,2018-08-07,평균,12000
양파,2018-08-07,평년,14125
양파,2018-08-08,가락도매,12000
양파,2018-08-08,평균,12000
양파,2018-08-08,평년,14250
양파,2018-08-09,가락도매,12000
양파,2018-08-09,평균,12000
양파,2018-08-09,평년,14400
양파,2018-08-10,가락도매,12000
양파,2018-08-10,평균,12000
양파,2018-08-10,평년,14500
양파,2018-08-13,가락도매,12000
양파,2018-08-13,평균,12000
양파,2018-08-13,평년,14650
양파,2018-08-14,가락도매,12000
양파,2018-08-14,평균,12000
양파,2018-08-14,평년,14875
양파,2018-08-16,가락도매,12000
양파,2018-08-16,평균,12000
양파,2018-08-16,평년,15000
양파,2018-08-17,가락도매,12000
양파,2018-08-17,평균,12000
양파,2018-08-17,평년,15075
양파,2018-08-20,가락도매,12000
양파,2018-08-20,평균,12000
양파,2018-08-20,평년,15275
양파,2018-08-21,가락도매,12000
양파,2018-08-21,평균,12000
양파,2018-08-21,평년,15275
양파,2018-08-22,가락도매,12000
양파,2018-08-22,평균,12000
양파,2018-08-22,평년,15300
양파,2018-08-23,가락도매,12000
양파,2018-08-23,평균,12000
양파,2018-08-23,평년,15350
양파,2018-08-24,가락도매,12000
양파,2018-08-24,평균,12000
양파,2018-08-24,평년,15425
양파,2018-08-27,가락도매,12000
양파,2018-08-27,평균,12000
양파,2018-08-27,평년,15800
양파,2018-08-28,가락도매,12000
양파,2018-08-28,평균,12000
양파,2018-08-28,평년,15900
양파,2018-08-29,가락도매,12000
양파,2018-08-29,평균,12000
양파,2018-08-29,평년,15900
양파,2018-08-30,가락도매,12000
양파,2018-08-30,평균,12000
양파,2018-08-30,평년,16050
양파,2018-08-31,가락도매,10500
양파,2018-08-31,평균,10500
양파,2018-08-31,평년,16075
양파,2018-09-03,가락도매,12000
양파,2018-09-03,평균,12000
양파,2018-09-03,평년,16150
양파,2018-09-04,가락도매,12000
양파,2018-09-04,평균,12000
양파,2018-09-04,평년,16050
양파,2018-09-05,가락도매,12000
양파,2018-09-05,평균,12000
양파,2018-09-05,평년,16150
양파,2018-09-06,가락도매,12000
양파,2018-09-06,평균,12000
양파,2018-09-06,평년,16150
양파,2018-09-07,가락도매,12000
양파,2018-09-07,평균,12000
양파,2018-09-07,평년,16100
양파,2018-09-10,가락도매,12000
양파,2018-09-10,평균,12000
양파,2018-09-10,평년,16125
양파,2018-09-11,가락도매,12000
양파,2018-09-11,평균,12000
양파,2018-09-11,평년,16225
양파,2018-09-12,가락도매,12000
양파,2018-09-12,평균,12000
양파,2018-09-12,평년,16400
양파,2018-09-13,가락도매,12000
양파,2018-09-13,평균,12000
양파,2018-09-13,평년,16550
양파,2018-09-14,가락도매,12000
양파,2018-09-14,평균,12000
양파,2018-09-14,평년,16638
양파,2018-09-17,가락도매,12000
양파,2018-09-17,평균,12000
양파,2018-09-17,평년,16513
양파,2018-09-18,가락도매,12000
양파,2018-09-18,평균,12000
양파,2018-09-18,평년,16538
양파,2018-09-19,가락도매,10500
양파,2018-09-19,평균,10500
양파,2018-09-19,평년,16550
양파,2018-09-20,가락도매,10500
양파,2018-09-20,평균,10500
양파,2018-09-20,평년,16500
양파,2018-09-21,가락도매,10500
양파,2018-09-21,평균,10500
양파,2018-09-21,평년,16500
양파,2018-09-27,가락도매,10500
양파,2018-09-27,평균,10500
양파,2018-09-27,평년,15650
양파,2018-09-28,가락도매,10500
양파,2018-09-28,평균,10500
양파,2018-09-28,평년,15300
양파,2018-10-01,가락도매,10500
양파,2018-10-01,평균,10500
양파,2018-10-01,평년,14850
양파,2018-10-02,가락도매,10500
양파,2018-10-02,평균,10500
양파,2018-10-02,평년,14750
양파,2018-10-04,가락도매,10500
양파,2018-10-04,평균,10500
양파,2018-10-04,평년,14825
양파,2018-10-05,가락도매,10500
양파,2018-10-05,평균,10500
양파,2018-10-05,평년,14925
양파,2018-10-08,가락도매,10500
양파,2018-10-08,평균,10500
양파,2018-10-08,평년,15125
양파,2018-10-10,가락도매,10500
양파,2018-10-10,평균,10500
양파,2018-10-10,평년,15300
양파,2018-10-11,가락도매,10500
양파,2018-10-11,평균,10500
양파,2018-10-11,평년,15400
양파,2018-10-12,가락도매,10500
양파,2018-10-12,평균,10500
양파,2018-10-12,평년,15450
양파,2018-10-15,가락도매,10500
양파,2018-10-15,평균,10500
양파,2018-10-15,평년,15900
양파,2018-10-16,가락도매,10500
양파,2018-10-16,평균,10500
양파,2018-10-16,평년,16100
양파,2018-10-17,가락도매,10500
양파,2018-10-17,평균,10500
양파,2018-10-17,평년,16200
양파,2018-10-18,가락도매,10500
양파,2018-10-18,평균,10500
양파,2018-10-18,평년,16300
양파,2018-10-19,가락도매,10500
양파,2018-10-19,평균,10500
양파,2018-10-19,평년,16400
양파,2018-10-22,가락도매,10500
양파,2018-10-22,평균,10500
양파,2018-10-22,평년,16500
양파,2018-10-23,가락도매,9750
양파,2018-10-23,평균,9750
양파,2018-10-23,평년,16500
양파,2018-10-24,가락도매,9750
양파,2018-10-24,평균,9750
양파,2018-10-24,평년,16450
양파,2018-10-25,가락도매,9000
양파,2018-10-25,평균,9000
양파,2018-10-25,평년,16400
양파,2018-10-26,가락도매,9000
양파,2018-10-26,평균,9000
양파,2018-10-26,평년,16350
양파,2018-10-29,가락도매,9000
양파,2018-10-29,평균,9000
양파,2018-10-29,평년,16250
양파,2018-10-30,가락도매,9000
양파,2018-10-30,평균,9000
양파,2018-10-30,평년,16250
양파,2018-10-31,가락도매,9000
양파,2018-10-31,평균,9000
양파,2018-10-31,평년,16250
양파,2018-11-01,가락도매,9750
양파,2018-11-01,평균,9750
양파,2018-11-01,평년,16250
양파,2018-11-02,가락도매,9750
양파,2018-11-02,평균,9750
양파,2018-11-02,평년,16300
양파,2018-11-05,가락도매,9750
양파,2018-11-05,평균,9750
양파,2018-11-05,평년,16613
양파,2018-11-06,가락도매,11250
양파,2018-11-06,평균,11250
양파,2018-11-06,평년,16638
양파,2018-11-07,가락도매,11250
양파,2018-11-07,평균,11250
양파,2018-11-07,평년,16750
양파,2018-11-08,가락도매,11250
양파,2018-11-08,평균,11250
양파,2018-11-08,평년,16900
양파,2018-11-09,가락도매,10500
양파,2018-11-09,평균,10500
양파,2018-11-09,평년,17013
양파,2018-11-12,가락도매,10500
양파,2018-11-12,평균,10500
양파,2018-11-12,평년,16875
양파,2018-11-13,가락도매,10500
양파,2018-11-13,평균,10500
양파,2018-11-13,평년,16800
양파,2018-11-14,가락도매,10500
양파,2018-11-14,평균,10500
양파,2018-11-14,평년,16700
양파,2018-11-15,가락도매,10500
양파,2018-11-15,평균,10500
양파,2018-11-15,평년,16600
양파,2018-11-16,가락도매,9750
양파,2018-11-16,평균,9750
양파,2018-11-16,평년,16600
양파,2018-11-19,가락도매,9750
양파,2018-11-19,평균,9750
양파,2018-11-19,평년,16750
양파,2018-11-20,가락도매,10500
양파,2018-11-20,평균,10500
양파,2018-11-20,평년,16800
양파,2018-11-21,가락도매,10500
양파,2018-11-21,평균,10500
양파,2018-11-21,평년,16900
양파,2018-11-22,가락도매,10500
양파,2018-11-22,평균,10500
양파,2018-11-22,평년,17000
양파,2018-11-23,가락도매,9750
양파,2018-11-23,평균,9750
양파,2018-11-23,평년,16900
양파,2018-11-26,가락도매,9750
양파,2018-11-26,평균,9750
양파,2018-11-26,평년,16625
양파,2018-11-27,가락도매,9750
양파,2018-11-27,평균,9750
양파,2018-11-27,평년,16625
양파,2018-11-28,가락도매,9750
양파,2018-11-28,평균,9750
양파,2018-11-28,평년,16600
양파,2018-11-29,가락도매,9750
양파,2018-11-29,평균,9750
양파,2018-11-29,평년,16400
양파,2018-11-30,가락도매,9750
양파,2018-11-30,평균,9750
양파,2018-11-30,평년,16375
양파,2018-12-03,가락도매,9750
양파,2018-12-03,평균,9750
양파,2018-12-03,평년,16325
양파,2018-12-04,가락도매,9750
양파,2018-12-04,평균,9750
양파,2018-12-04,평년,16188
양파,2018-12-05,가락도매,9750
양파,2018-12-05,평균,9750
양파,2018-12-05,평년,16000
양파,2018-12-06,가락도매,9750
양파,2018-12-06,평균,9750
양파,2018-12-06,평년,15850
양파,2018-12-10,가락도매,9750
양파,2018-12-10,평균,9750
양파,2018-12-10,평년,15400
양파,2018-12-11,가락도매,9750
양파,2018-12-11,평균,9750
양파,2018-12-11,평년,15250
양파,2018-12-12,가락도매,9750
양파,2018-12-12,평균,9750
양파,2018-12-12,평년,15200
양파,2018-12-13,가락도매,9750
양파,2018-12-13,평균,9750
양파,2018-12-13,평년,15200
양파,2018-12-14,가락도매,9750
양파,2018-12-14,평균,9750
양파,2018-12-14,평년,15163
양파,2018-12-17,가락도매,9750
양파,2018-12-17,평균,9750
양파,2018-12-17,평년,15063
양파,2018-12-18,가락도매,9750
양파,2018-12-18,평균,9750
양파,2018-12-18,평년,15063
양파,2018-12-19,가락도매,9750
양파,2018-12-19,평균,9750
양파,2018-12-19,평년,15050
양파,2018-12-20,가락도매,9000
양파,2018-12-20,평균,9000
양파,2018-12-20,평년,15100
양파,2018-12-21,가락도매,9000
양파,2018-12-21,평균,9000
양파,2018-12-21,평년,15150
양파,2018-12-24,가락도매,9000
양파,2018-12-24,평균,9000
양파,2018-12-24,평년,15375
양파,2018-12-26,가락도매,9000
양파,2018-12-26,평균,9000
양파,2018-12-26,평년,15350
양파,2018-12-27,가락도매,9000
양파,2018-12-27,평균,9000
양파,2018-12-27,평년,15300
양파,2018-12-28,가락도매,9000
양파,2018-12-28,평균,9000
양파,2018-12-28,평년,15250
양파,2018-12-31,가락도매,9000
양파,2018-12-31,평균,9000
양파,2018-12-31,평년,15313
양파,2019-01-02,가락도매,9000
양파,2019-01-02,평균,9000
양파,2019-01-02,평년,15400
양파,2019-01-03,가락도매,9000
양파,2019-01-03,평균,9000
양파,2019-01-03,평년,15550
양파,2019-01-04,가락도매,9750
양파,2019-01-04,평균,9750
양파,2019-01-04,평년,15700
양파,2019-01-07,가락도매,9750
양파,2019-01-07,평균,9750
양파,2019-01-07,평년,16125
양파,2019-01-08,가락도매,9750
양파,2019-01-08,평균,9750
양파,2019-01-08,평년,16125
양파,2019-01-09,가락도매,9750
양파,2019-01-09,평균,9750
양파,2019-01-09,평년,16100
양파,2019-01-10,가락도매,8250
양파,2019-01-10,평균,8250
양파,2019-01-10,평년,16100
양파,2019-01-11,가락도매,8250
양파,2019-01-11,평균,8250
양파,2019-01-11,평년,16025
양파,2019-01-14,가락도매,8250
양파,2019-01-14,평균,8250
양파,2019-01-14,평년,15800
양파,2019-01-15,가락도매,8250
양파,2019-01-15,평균,8250
양파,2019-01-15,평년,15750
양파,2019-01-16,가락도매,8250
양파,2019-01-16,평균,8250
양파,2019-01-16,평년,15800
양파,2019-01-17,가락도매,8250
양파,2019-01-17,평균,8250
양파,2019-01-17,평년,15850
양파,2019-01-18,가락도매,8250
양파,2019-01-18,평균,8250
양파,2019-01-18,평년,15913
양파,2019-01-21,가락도매,8250
양파,2019-01-21,평균,8250
양파,2019-01-21,평년,16075
양파,2019-01-22,가락도매,8250
양파,2019-01-22,평균,8250
양파,2019-01-22,평년,16150
양파,2019-01-23,가락도매,8250
양파,2019-01-23,평균,8250
양파,2019-01-23,평년,16200
양파,2019-01-24,가락도매,8250
양파,2019-01-24,평균,8250
양파,2019-01-24,평년,16300
양파,2019-01-25,가락도매,8250
양파,2019-01-25,평균,8250
양파,2019-01-25,평년,16450
양파,2019-01-28,가락도매,8250
양파,2019-01-28,평균,8250
양파,2019-01-28,평년,16625
양파,2019-01-29,가락도매,8250
양파,2019-01-29,평균,8250
양파,2019-01-29,평년,16700
양파,2019-01-30,가락도매,8250
양파,2019-01-30,평균,8250
양파,2019-01-30,평년,16813
양파,2019-01-31,가락도매,8250
양파,2019-01-31,평균,8250
양파,2019-01-31,평년,16913
양파,2019-02-01,가락도매,8250
양파,2019-02-01,평균,8250
양파,2019-02-01,평년,16963
양파,2019-02-07,가락도매,8250
양파,2019-02-07,평균,8250
양파,2019-02-07,평년,16850
양파,2019-02-08,가락도매,8250
양파,2019-02-08,평균,8250
양파,2019-02-08,평년,16713
양파,2019-02-11,가락도매,8250
양파,2019-02-11,평균,8250
양파,2019-02-11,평년,16450
양파,2019-02-12,가락도매,9000
양파,2019-02-12,평균,9000
양파,2019-02-12,평년,16450
양파,2019-02-13,가락도매,9000
양파,2019-02-13,평균,9000
양파,2019-02-13,평년,16400
양파,2019-02-14,가락도매,9000
양파,2019-02-14,평균,9000
양파,2019-02-14,평년,16250
양파,2019-02-15,가락도매,9000
양파,2019-02-15,평균,9000
양파,2019-02-15,평년,16175
양파,2019-02-18,가락도매,9000
양파,2019-02-18,평균,9000
양파,2019-02-18,평년,15775
양파,2019-02-19,가락도매,9000
양파,2019-02-19,평균,9000
양파,2019-02-19,평년,15700
양파,2019-02-20,가락도매,9000
양파,2019-02-20,평균,9000
양파,2019-02-20,평년,15700
양파,2019-02-21,가락도매,9000
양파,2019-02-21,평균,9000
양파,2019-02-21,평년,15688
양파,2019-02-22,가락도매,9000
양파,2019-02-22,평균,9000
양파,2019-02-22,평년,15688
양파,2019-02-25,가락도매,9000
양파,2019-02-25,평균,9000
양파,2019-02-25,평년,16250
양파,2019-02-26,가락도매,8250
양파,2019-02-26,평균,8250
양파,2019-02-26,평년,16200
양파,2019-02-27,가락도매,8250
양파,2019-02-27,평균,8250
양파,2019-02-27,평년,15900
양파,2019-02-28,가락도매,9000
양파,2019-02-28,평균,9000
양파,2019-02-28,평년,15625
양파,2019-03-04,가락도매,9000
양파,2019-03-04,평균,9000
양파,2019-03-04,평년,15225
양파,2019-03-05,가락도매,9000
양파,2019-03-05,평균,9000
양파,2019-03-05,평년,15100
양파,2019-03-06,가락도매,9750
양파,2019-03-06,평균,9750
양파,2019-03-06,평년,14850
양파,2019-03-07,가락도매,9750
양파,2019-03-07,평균,9750
양파,2019-03-07,평년,14650
양파,2019-03-08,가락도매,9750
양파,2019-03-08,평균,9750
양파,2019-03-08,평년,14550
양파,2019-03-11,가락도매,9750
양파,2019-03-11,평균,9750
양파,2019-03-11,평년,14395
양파,2019-03-12,가락도매,9750
양파,2019-03-12,평균,9750
양파,2019-03-12,평년,14380
양파,2019-03-13,가락도매,9750
양파,2019-03-13,평균,9750
양파,2019-03-13,평년,14290
양파,2019-03-14,가락도매,9750
양파,2019-03-14,평균,9750
양파,2019-03-14,평년,14300
양파,2019-03-15,가락도매,9750
양파,2019-03-15,평균,9750
양파,2019-03-15,평년,14300
양파,2019-03-18,가락도매,9750
양파,2019-03-18,평균,9750
양파,2019-03-18,평년,14280
양파,2019-03-19,가락도매,9750
양파,2019-03-19,평균,9750
양파,2019-03-19,평년,14250
양파,2019-03-20,가락도매,9750
양파,2019-03-20,평균,9750
양파,2019-03-20,평년,14190
양파,2019-03-21,가락도매,9750
양파,2019-03-21,평균,9750
양파,2019-03-21,평년,14180
양파,2019-03-22,가락도매,9750
양파,2019-03-22,평균,9750
양파,2019-03-22,평년,14250
양파,2019-03-25,가락도매,10500
양파,2019-03-25,평균,10500
양파,2019-03-25,평년,14865
양파,2019-03-26,가락도매,10500
양파,2019-03-26,평균,10500
양파,2019-03-26,평년,14810
양파,2019-03-27,가락도매,10500
양파,2019-03-27,평균,10500
양파,2019-03-27,평년,14810
양파,2019-03-28,가락도매,11250
양파,2019-03-28,평균,11250
양파,2019-03-28,평년,14740
양파,2019-03-29,가락도매,11250
양파,2019-03-29,평균,11250
양파,2019-03-29,평년,14550
양파,2019-04-01,가락도매,12000
양파,2019-04-01,평균,12000
양파,2019-04-01,평년,14710
양파,2019-04-02,가락도매,12750
양파,2019-04-02,평균,12750
양파,2019-04-02,평년,14735
양파,2019-04-03,가락도매,12750
양파,2019-04-03,평균,12750
양파,2019-04-03,평년,14725
양파,2019-04-04,가락도매,12750
양파,2019-04-04,평균,12750
양파,2019-04-04,평년,14800
양파,2019-04-05,가락도매,12000
양파,2019-04-05,평균,12000
양파,2019-04-05,평년,14400
양파,2019-04-08,가락도매,12750
양파,2019-04-08,평균,12750
양파,2019-04-08,평년,14281
양파,2019-04-09,가락도매,14250
양파,2019-04-09,평균,14250
양파,2019-04-09,평년,14181
양파,2019-04-10,가락도매,14250
양파,2019-04-10,평균,14250
양파,2019-04-10,평년,13925
양파,2019-04-11,가락도매,15000
양파,2019-04-11,평균,15000
양파,2019-04-11,평년,13425
양파,2019-04-12,가락도매,15000
양파,2019-04-12,평균,15000
양파,2019-04-12,평년,13225
양파,2019-04-15,가락도매,13500
양파,2019-04-15,평균,13500
양파,2019-04-15,평년,12090
양파,2019-04-16,가락도매,13500
양파,2019-04-16,평균,13500
양파,2019-04-16,평년,12040
양파,2019-04-17,가락도매,13500
양파,2019-04-17,평균,13500
양파,2019-04-17,평년,11690
양파,2019-04-18,가락도매,16500
양파,2019-04-18,평균,16500
양파,2019-04-18,평년,11625
양파,2019-04-19,가락도매,15000
양파,2019-04-19,평균,15000
양파,2019-04-19,평년,11725
양파,2019-04-22,가락도매,12000
양파,2019-04-22,평균,12000
양파,2019-04-22,평년,12000
양파,2019-04-23,가락도매,10500
양파,2019-04-23,평균,10500
양파,2019-04-23,평년,12250
양파,2019-04-24,가락도매,12000
양파,2019-04-24,평균,12000
양파,2019-04-24,평년,12700
양파,2019-04-25,가락도매,12000
양파,2019-04-25,평균,12000
양파,2019-04-25,평년,12800
양파,2019-04-26,가락도매,12000
양파,2019-04-26,평균,12000
양파,2019-04-26,평년,12900
양파,2019-04-29,가락도매,12000
양파,2019-04-29,평균,12000
양파,2019-04-29,평년,12813
양파,2019-04-30,가락도매,13500
양파,2019-04-30,평균,13500
양파,2019-04-30,평년,12813
양파,2019-05-02,가락도매,13500
양파,2019-05-02,평균,13500
양파,2019-05-02,평년,12400
양파,2019-05-03,가락도매,15000
양파,2019-05-03,평균,15000
양파,2019-05-03,평년,11350
양파,2019-05-07,가락도매,13500
양파,2019-05-07,평균,13500
양파,2019-05-07,평년,11688
양파,2019-05-08,가락도매,12000
양파,2019-05-08,평균,12000
양파,2019-05-08,평년,11600
양파,2019-05-09,가락도매,11250
양파,2019-05-09,평균,11250
양파,2019-05-09,평년,11263
양파,2019-05-10,가락도매,10500
양파,2019-05-10,평균,10500
양파,2019-05-10,평년,10913
양파,2019-05-13,가락도매,9750
양파,2019-05-13,평균,9750
양파,2019-05-13,평년,10400
양파,2019-05-14,가락도매,9000
양파,2019-05-14,평균,9000
양파,2019-05-14,평년,10213
양파,2019-05-15,가락도매,9000
양파,2019-05-15,평균,9000
양파,2019-05-15,평년,10013
양파,2019-05-16,가락도매,7500
양파,2019-05-16,평균,7500
양파,2019-05-16,평년,9863
양파,2019-05-17,가락도매,7500
양파,2019-05-17,평균,7500
양파,2019-05-17,평년,9713
양파,2019-05-20,가락도매,8250
양파,2019-05-20,평균,8250
양파,2019-05-20,평년,9675
양파,2019-05-21,가락도매,8250
양파,2019-05-21,평균,8250
양파,2019-05-21,평년,9850
양파,2019-05-22,가락도매,8250
양파,2019-05-22,평균,8250
양파,2019-05-22,평년,9925
양파,2019-05-23,가락도매,8250
양파,2019-05-23,평균,8250
양파,2019-05-23,평년,9913
양파,2019-05-24,가락도매,8250
양파,2019-05-24,평균,8250
양파,2019-05-24,평년,9913
양파,2019-05-27,가락도매,8250
양파,2019-05-27,평균,8250
양파,2019-05-27,평년,10288
양파,2019-05-28,가락도매,8250
양파,2019-05-28,평균,8250
양파,2019-05-28,평년,10450
양파,2019-05-29,가락도매,7500
양파,2019-05-29,평균,7500
양파,2019-05-29,평년,10300
양파,2019-05-30,가락도매,9000
양파,2019-05-30,평균,9000
양파,2019-05-30,평년,10138
양파,2019-05-31,가락도매,9000
양파,2019-05-31,평균,9000
양파,2019-05-31,평년,10138
양파,2019-06-03,가락도매,9000
양파,2019-06-03,평균,9000
양파,2019-06-03,평년,10250
양파,2019-06-04,가락도매,9000
양파,2019-06-04,평균,9000
양파,2019-06-04,평년,10600
양파,2019-06-05,가락도매,9000
양파,2019-06-05,평균,9000
양파,2019-06-05,평년,10900
양파,2019-06-07,가락도매,8250
양파,2019-06-07,평균,8250
양파,2019-06-07,평년,11163
양파,2019-06-10,가락도매,8250
양파,2019-06-10,평균,8250
양파,2019-06-10,평년,11975
양파,2019-06-11,가락도매,8250
양파,2019-06-11,평균,8250
양파,2019-06-11,평년,11975
양파,2019-06-12,가락도매,7500
양파,2019-06-12,평균,7500
양파,2019-06-12,평년,12025
양파,2019-06-13,가락도매,7500
양파,2019-06-13,평균,7500
양파,2019-06-13,평년,12038
양파,2019-06-14,가락도매,6750
양파,2019-06-14,평균,6750
양파,2019-06-14,평년,11975
양파,2019-06-17,가락도매,6750
양파,2019-06-17,평균,6750
양파,2019-06-17,평년,12163
양파,2019-06-18,가락도매,6750
양파,2019-06-18,평균,6750
양파,2019-06-18,평년,12250
양파,2019-06-19,가락도매,6750
양파,2019-06-19,평균,6750
양파,2019-06-19,평년,12250
양파,2019-06-20,가락도매,6750
양파,2019-06-20,평균,6750
양파,2019-06-20,평년,12288
양파,2019-06-21,가락도매,6750
양파,2019-06-21,평균,6750
양파,2019-06-21,평년,12188
양파,2019-06-24,가락도매,6750
양파,2019-06-24,평균,6750
양파,2019-06-24,평년,12025
양파,2019-06-25,가락도매,6750
양파,2019-06-25,평균,6750
양파,2019-06-25,평년,12025
양파,2019-06-26,가락도매,6750
양파,2019-06-26,평균,6750
양파,2019-06-26,평년,12225
양파,2019-06-27,가락도매,7500
양파,2019-06-27,평균,7500
양파,2019-06-27,평년,12250
양파,2019-06-28,가락도매,8250
양파,2019-06-28,평균,8250
양파,2019-06-28,평년,12250
양파,2019-07-01,가락도매,7500
양파,2019-07-01,평균,7500
양파,2019-07-01,평년,12700
양파,2019-07-02,가락도매,7500
양파,2019-07-02,평균,7500
양파,2019-07-02,평년,12750
양파,2019-07-03,가락도매,7500
양파,2019-07-03,평균,7500
양파,2019-07-03,평년,12825
양파,2019-07-04,가락도매,6750
양파,2019-07-04,평균,6750
양파,2019-07-04,평년,12850
양파,2019-07-05,가락도매,6750
양파,2019-07-05,평균,6750
양파,2019-07-05,평년,12900
양파,2019-07-08,가락도매,6750
양파,2019-07-08,평균,6750
양파,2019-07-08,평년,12725
양파,2019-07-09,가락도매,6750
양파,2019-07-09,평균,6750
양파,2019-07-09,평년,12663
양파,2019-07-10,가락도매,6750
양파,2019-07-10,평균,6750
양파,2019-07-10,평년,12663
양파,2019-07-11,가락도매,6750
양파,2019-07-11,평균,6750
양파,2019-07-11,평년,12613
양파,2019-07-12,가락도매,6750
양파,2019-07-12,평균,6750
양파,2019-07-12,평년,12563
양파,2019-07-15,가락도매,6750
양파,2019-07-15,평균,6750
양파,2019-07-15,평년,12700
양파,2019-07-16,가락도매,6750
양파,2019-07-16,평균,6750
양파,2019-07-16,평년,12800
양파,2019-07-17,가락도매,6750
양파,2019-07-17,평균,6750
양파,2019-07-17,평년,12850
양파,2019-07-18,가락도매,6750
양파,2019-07-18,평균,6750
양파,2019-07-18,평년,12875
양파,2019-07-19,가락도매,6750
양파,2019-07-19,평균,6750
양파,2019-07-19,평년,12875
양파,2019-07-22,가락도매,6750
양파,2019-07-22,평균,6750
양파,2019-07-22,평년,12988
양파,2019-07-23,가락도매,6750
양파,2019-07-23,평균,6750
양파,2019-07-23,평년,12963
양파,2019-07-24,가락도매,6750
양파,2019-07-24,평균,6750
양파,2019-07-24,평년,12913
양파,2019-07-25,가락도매,6750
양파,2019-07-25,평균,6750
양파,2019-07-25,평년,12900
양파,2019-07-26,가락도매,6750
양파,2019-07-26,평균,6750
양파,2019-07-26,평년,12950
양파,2019-07-29,가락도매,6750
양파,2019-07-29,평균,6750
양파,2019-07-29,평년,13150
양파,2019-07-30,가락도매,7500
양파,2019-07-30,평균,7500
양파,2019-07-30,평년,13188
양파,2019-07-31,가락도매,7500
양파,2019-07-31,평균,7500
양파,2019-07-31,평년,13188
양파,2019-08-01,가락도매,8250
양파,2019-08-01,평균,8250
양파,2019-08-01,평년,13150
양파,2019-08-02,가락도매,8250
양파,2019-08-02,평균,8250
양파,2019-08-02,평년,13300
양파,2019-08-05,가락도매,8250
양파,2019-08-05,평균,8250
양파,2019-08-05,평년,13675
양파,2019-08-06,가락도매,8250
양파,2019-08-06,평균,8250
양파,2019-08-06,평년,13825
양파,2019-08-07,가락도매,8250
양파,2019-08-07,평균,8250
양파,2019-08-07,평년,13975
양파,2019-08-08,가락도매,8250
양파,2019-08-08,평균,8250
양파,2019-08-08,평년,14150
양파,2019-08-09,가락도매,8250
양파,2019-08-09,평균,8250
양파,2019-08-09,평년,14200
양파,2019-08-12,가락도매,9750
양파,2019-08-12,평균,9750
양파,2019-08-12,평년,14275
양파,2019-08-13,가락도매,9750
양파,2019-08-13,평균,9750
양파,2019-08-13,평년,14250
양파,2019-08-14,가락도매,9750
양파,2019-08-14,평균,9750
양파,2019-08-14,평년,14325
양파,2019-08-16,가락도매,9000
양파,2019-08-16,평균,9000
양파,2019-08-16,평년,14400
양파,2019-08-19,가락도매,9000
양파,2019-08-19,평균,9000
양파,2019-08-19,평년,14600
양파,2019-08-20,가락도매,9000
양파,2019-08-20,평균,9000
양파,2019-08-20,평년,14625
양파,2019-08-21,가락도매,9000
양파,2019-08-21,평균,9000
양파,2019-08-21,평년,14625
양파,2019-08-22,가락도매,8250
양파,2019-08-22,평균,8250
양파,2019-08-22,평년,14650
양파,2019-08-23,가락도매,8250
양파,2019-08-23,평균,8250
양파,2019-08-23,평년,14700
양파,2019-08-26,가락도매,8250
양파,2019-08-26,평균,8250
양파,2019-08-26,평년,14950
양파,2019-08-27,가락도매,8250
양파,2019-08-27,평균,8250
양파,2019-08-27,평년,15000
양파,2019-08-28,가락도매,8250
양파,2019-08-28,평균,8250
양파,2019-08-28,평년,15000
양파,2019-08-29,가락도매,8250
양파,2019-08-29,평균,8250
양파,2019-08-29,평년,14950
양파,2019-08-30,가락도매,8250
양파,2019-08-30,평균,8250
양파,2019-08-30,평년,15050
양파,2019-09-02,가락도매,8250
양파,2019-09-02,평균,8250
양파,2019-09-02,평년,15125
양파,2019-09-03,가락도매,8250
양파,2019-09-03,평균,8250
양파,2019-09-03,평년,15150
양파,2019-09-04,가락도매,8250
양파,2019-09-04,평균,8250
양파,2019-09-04,평년,15150
양파,2019-09-05,가락도매,8250
양파,2019-09-05,평균,8250
양파,2019-09-05,평년,15300
양파,2019-09-06,가락도매,8250
양파,2019-09-06,평균,8250
양파,2019-09-06,평년,15350
양파,2019-09-09,가락도매,9000
양파,2019-09-09,평균,9000
양파,2019-09-09,평년,15400
양파,2019-09-10,가락도매,9000
양파,2019-09-10,평균,9000
양파,2019-09-10,평년,15375
양파,2019-09-11,가락도매,9000
양파,2019-09-11,평균,9000
양파,2019-09-11,평년,15375
양파,2019-09-16,가락도매,9000
양파,2019-09-16,평균,9000
양파,2019-09-16,평년,15313
양파,2019-09-17,가락도매,9750
양파,2019-09-17,평균,9750
양파,2019-09-17,평년,15213
양파,2019-09-18,가락도매,9750
양파,2019-09-18,평균,9750
양파,2019-09-18,평년,15088
양파,2019-09-19,가락도매,9750
양파,2019-09-19,평균,9750
양파,2019-09-19,평년,15000
양파,2019-09-20,가락도매,9000
양파,2019-09-20,평균,9000
양파,2019-09-20,평년,14850
양파,2019-09-23,가락도매,9000
양파,2019-09-23,평균,9000
양파,2019-09-23,평년,14638
양파,2019-09-24,가락도매,9000
양파,2019-09-24,평균,9000
양파,2019-09-24,평년,14563
양파,2019-09-25,가락도매,9000
양파,2019-09-25,평균,9000
양파,2019-09-25,평년,14575
양파,2019-09-26,가락도매,7500
양파,2019-09-26,평균,7500
양파,2019-09-26,평년,14450
양파,2019-09-27,가락도매,7500
양파,2019-09-27,평균,7500
양파,2019-09-27,평년,14350
양파,2019-09-30,가락도매,7500
양파,2019-09-30,평균,7500
양파,2019-09-30,평년,13725
양파,2019-10-01,가락도매,7500
양파,2019-10-01,평균,7500
양파,2019-10-01,평년,13750
양파,2019-10-02,가락도매,7500
양파,2019-10-02,평균,7500
양파,2019-10-02,평년,13750
양파,2019-10-04,가락도매,7500
양파,2019-10-04,평균,7500
양파,2019-10-04,평년,13825
양파,2019-10-07,가락도매,7500
양파,2019-10-07,평균,7500
양파,2019-10-07,평년,14125
양파,2019-10-08,가락도매,7500
양파,2019-10-08,평균,7500
양파,2019-10-08,평년,14125
양파,2019-10-10,가락도매,7500
양파,2019-10-10,평균,7500
양파,2019-10-10,평년,14200
양파,2019-10-11,가락도매,7500
양파,2019-10-11,평균,7500
양파,2019-10-11,평년,14200
양파,2019-10-14,가락도매,8250
양파,2019-10-14,평균,8250
양파,2019-10-14,평년,14500
양파,2019-10-15,가락도매,8250
양파,2019-10-15,평균,8250
양파,2019-10-15,평년,14500
양파,2019-10-16,가락도매,8250
양파,2019-10-16,평균,8250
양파,2019-10-16,평년,14600
양파,2019-10-17,가락도매,8250
양파,2019-10-17,평균,8250
양파,2019-10-17,평년,14700
양파,2019-10-18,가락도매,8250
양파,2019-10-18,평균,8250
양파,2019-10-18,평년,14800
양파,2019-10-21,가락도매,9000
양파,2019-10-21,평균,9000
양파,2019-10-21,평년,14938
양파,2019-10-22,가락도매,9000
양파,2019-10-22,평균,9000
양파,2019-10-22,평년,14900
양파,2019-10-23,가락도매,8250
양파,2019-10-23,평균,8250
양파,2019-10-23,평년,14800
양파,2019-10-24,가락도매,8250
양파,2019-10-24,평균,8250
양파,2019-10-24,평년,14650
양파,2019-10-25,가락도매,8250
양파,2019-10-25,평균,8250
양파,2019-10-25,평년,14500
양파,2019-10-28,가락도매,8250
양파,2019-10-28,평균,8250
양파,2019-10-28,평년,14250
양파,2019-10-29,가락도매,8250
양파,2019-10-29,평균,8250
양파,2019-10-29,평년,14250
양파,2019-10-30,가락도매,8250
양파,2019-10-30,평균,8250
양파,2019-10-30,평년,14300
양파,2019-10-31,가락도매,8250
양파,2019-10-31,평균,8250
양파,2019-10-31,평년,14350
양파,2019-11-01,가락도매,8250
양파,2019-11-01,평균,8250
양파,2019-11-01,평년,14400
양파,2019-11-04,가락도매,8250
양파,2019-11-04,평균,8250
양파,2019-11-04,평년,14900
양파,2019-11-05,가락도매,9000
양파,2019-11-05,평균,9000
양파,2019-11-05,평년,15013
양파,2019-11-06,가락도매,9000
양파,2019-11-06,평균,9000
양파,2019-11-06,평년,15138
양파,2019-11-07,가락도매,9000
양파,2019-11-07,평균,9000
양파,2019-11-07,평년,15300
양파,2019-11-08,가락도매,9000
양파,2019-11-08,평균,9000
양파,2019-11-08,평년,15500
양파,2019-11-11,가락도매,9000
양파,2019-11-11,평균,9000
양파,2019-11-11,평년,15438
양파,2019-11-12,가락도매,9000
양파,2019-11-12,평균,9000
양파,2019-11-12,평년,15425
양파,2019-11-13,가락도매,9000
양파,2019-11-13,평균,9000
양파,2019-11-13,평년,15300
양파,2019-11-14,가락도매,9000
양파,2019-11-14,평균,9000
양파,2019-11-14,평년,15150
양파,2019-11-15,가락도매,9000
양파,2019-11-15,평균,9000
양파,2019-11-15,평년,15000
양파,2019-11-18,가락도매,9750
양파,2019-11-18,평균,9750
양파,2019-11-18,평년,15125
양파,2019-11-19,가락도매,10500
양파,2019-11-19,평균,10500
양파,2019-11-19,평년,15150
양파,2019-11-20,가락도매,10500
양파,2019-11-20,평균,10500
양파,2019-11-20,평년,15200
양파,2019-11-21,가락도매,10500
양파,2019-11-21,평균,10500
양파,2019-11-21,평년,15300
양파,2019-11-22,가락도매,10500
양파,2019-11-22,평균,10500
양파,2019-11-22,평년,15400
양파,2019-11-25,가락도매,10500
양파,2019-11-25,평균,10500
양파,2019-11-25,평년,15013
양파,2019-11-26,가락도매,9750
양파,2019-11-26,평균,9750
양파,2019-11-26,평년,14925
양파,2019-11-27,가락도매,9750
양파,2019-11-27,평균,9750
양파,2019-11-27,평년,14875
양파,2019-11-28,가락도매,10500
양파,2019-11-28,평균,10500
양파,2019-11-28,평년,14850
양파,2019-11-29,가락도매,10500
양파,2019-11-29,평균,10500
양파,2019-11-29,평년,14750
양파,2019-12-02,가락도매,12000
양파,2019-12-02,평균,12000
양파,2019-12-02,평년,14875
양파,2019-12-03,가락도매,12000
양파,2019-12-03,평균,12000
양파,2019-12-03,평년,14875
양파,2019-12-04,가락도매,12000
양파,2019-12-04,평균,12000
양파,2019-12-04,평년,14838
양파,2019-12-05,가락도매,12750
양파,2019-12-05,평균,12750
양파,2019-12-05,평년,14800
양파,2019-12-09,가락도매,12750
양파,2019-12-09,평균,12750
양파,2019-12-09,평년,14550
양파,2019-12-10,가락도매,12750
양파,2019-12-10,평균,12750
양파,2019-12-10,평년,14500
양파,2019-12-11,가락도매,12000
양파,2019-12-11,평균,12000
양파,2019-12-11,평년,14500
양파,2019-12-12,가락도매,12000
양파,2019-12-12,평균,12000
양파,2019-12-12,평년,14550
양파,2019-12-13,가락도매,12000
양파,2019-12-13,평균,12000
양파,2019-12-13,평년,14600
양파,2019-12-16,가락도매,12000
양파,2019-12-16,평균,12000
양파,2019-12-16,평년,14600
양파,2019-12-17,가락도매,12000
양파,2019-12-17,평균,12000
양파,2019-12-17,평년,14563
양파,2019-12-18,가락도매,12000
양파,2019-12-18,평균,12000
양파,2019-12-18,평년,14513
양파,2019-12-19,가락도매,11250
양파,2019-12-19,평균,11250
양파,2019-12-19,평년,14450
양파,2019-12-20,가락도매,10500
양파,2019-12-20,평균,10500
양파,2019-12-20,평년,14450
양파,2019-12-23,가락도매,10500
양파,2019-12-23,평균,10500
양파,2019-12-23,평년,14525
양파,2019-12-24,가락도매,10500
양파,2019-12-24,평균,10500
양파,2019-12-24,평년,14625
양파,2019-12-26,가락도매,11250
양파,2019-12-26,평균,11250
양파,2019-12-26,평년,14600
양파,2019-12-27,가락도매,12000
양파,2019-12-27,평균,12000
양파,2019-12-27,평년,14550
양파,2019-12-30,가락도매,12000
양파,2019-12-30,평균,12000
양파,2019-12-30,평년,14550
양파,2019-12-31,가락도매,12000
양파,2019-12-31,평균,12000
양파,2019-12-31,평년,14563
양파,2020-01-02,가락도매,12000
양파,2020-01-02,평균,12000
양파,2020-01-02,평년,14700
양파,2020-01-03,가락도매,12750
양파,2020-01-03,평균,12750
양파,2020-01-03,평년,14900
양파,2020-01-06,가락도매,13500
양파,2020-01-06,평균,13500
양파,2020-01-06,평년,15488
양파,2020-01-07,가락도매,15000
양파,2020-01-07,평균,15000
양파,2020-01-07,평년,15575
양파,2020-01-08,가락도매,15000
양파,2020-01-08,평균,15000
양파,2020-01-08,평년,15525
양파,2020-01-09,가락도매,15000
양파,2020-01-09,평균,15000
양파,2020-01-09,평년,15450
양파,2020-01-10,가락도매,15000
양파,2020-01-10,평균,15000
양파,2020-01-10,평년,15400
양파,2020-01-13,가락도매,15000
양파,2020-01-13,평균,15000
양파,2020-01-13,평년,15050
양파,2020-01-14,가락도매,15000
양파,2020-01-14,평균,15000
양파,2020-01-14,평년,15000
양파,2020-01-15,가락도매,15000
양파,2020-01-15,평균,15000
양파,2020-01-15,평년,15000
양파,2020-01-16,가락도매,15000
양파,2020-01-16,평균,15000
양파,2020-01-16,평년,15050
양파,2020-01-17,가락도매,15000
양파,2020-01-17,평균,15000
양파,2020-01-17,평년,15050
양파,2020-01-20,가락도매,15000
양파,2020-01-20,평균,15000
양파,2020-01-20,평년,15125
양파,2020-01-21,가락도매,15000
양파,2020-01-21,평균,15000
양파,2020-01-21,평년,15125
양파,2020-01-22,가락도매,15000
양파,2020-01-22,평균,15000
양파,2020-01-22,평년,15100
양파,2020-01-23,가락도매,15000
양파,2020-01-23,평균,15000
양파,2020-01-23,평년,15050
양파,2020-01-28,가락도매,15000
양파,2020-01-28,평균,15000
양파,2020-01-28,평년,15375
양파,2020-01-29,가락도매,15000
양파,2020-01-29,평균,15000
양파,2020-01-29,평년,15400
양파,2020-01-30,가락도매,15000
양파,2020-01-30,평균,15000
양파,2020-01-30,평년,15500
양파,2020-01-31,가락도매,15000
양파,2020-01-31,평균,15000
양파,2020-01-31,평년,15600
양파,2020-02-03,가락도매,15000
양파,2020-02-03,평균,15000
양파,2020-02-03,평년,15775
양파,2020-02-04,가락도매,15000
양파,2020-02-04,평균,15000
양파,2020-02-04,평년,15875
양파,2020-02-05,가락도매,15000
양파,2020-02-05,평균,15000
양파,2020-02-05,평년,15850
양파,2020-02-06,가락도매,15000
양파,2020-02-06,평균,15000
양파,2020-02-06,평년,15800
양파,2020-02-07,가락도매,15000
양파,2020-02-07,평균,15000
양파,2020-02-07,평년,15750
양파,2020-02-10,가락도매,14250
양파,2020-02-10,평균,14250
양파,2020-02-10,평년,15563
양파,2020-02-11,가락도매,14250
양파,2020-02-11,평균,14250
양파,2020-02-11,평년,15600
양파,2020-02-12,가락도매,14250
양파,2020-02-12,평균,14250
양파,2020-02-12,평년,15700
양파,2020-02-13,가락도매,14250
양파,2020-02-13,평균,14250
양파,2020-02-13,평년,15750
양파,2020-02-14,가락도매,15000
양파,2020-02-14,평균,15000
양파,2020-02-14,평년,15700
양파,2020-02-17,가락도매,15000
양파,2020-02-17,평균,15000
양파,2020-02-17,평년,15575
양파,2020-02-18,가락도매,15000
양파,2020-02-18,평균,15000
양파,2020-02-18,평년,15563
양파,2020-02-19,가락도매,16500
양파,2020-02-19,평균,16500
양파,2020-02-19,평년,15588
양파,2020-02-20,가락도매,17250
양파,2020-02-20,평균,17250
양파,2020-02-20,평년,15688
양파,2020-02-21,가락도매,18750
양파,2020-02-21,평균,18750
양파,2020-02-21,평년,15688
양파,2020-02-24,가락도매,20250
양파,2020-02-24,평균,20250
양파,2020-02-24,평년,16100
양파,2020-02-25,가락도매,23250
양파,2020-02-25,평균,23250
양파,2020-02-25,평년,16250
양파,2020-02-26,가락도매,24000
양파,2020-02-26,평균,24000
양파,2020-02-26,평년,16200
양파,2020-02-27,가락도매,24750
양파,2020-02-27,평균,24750
양파,2020-02-27,평년,15900
양파,2020-02-28,가락도매,25500
양파,2020-02-28,평균,25500
양파,2020-02-28,평년,15625
양파,2020-03-02,가락도매,21000
양파,2020-03-02,평균,21000
양파,2020-03-02,평년,15500
양파,2020-03-03,가락도매,19500
양파,2020-03-03,평균,19500
양파,2020-03-03,평년,15225
양파,2020-03-04,가락도매,19500
양파,2020-03-04,평균,19500
양파,2020-03-04,평년,15225
양파,2020-03-05,가락도매,18750
양파,2020-03-05,평균,18750
양파,2020-03-05,평년,15100
양파,2020-03-06,가락도매,18000
양파,2020-03-06,평균,18000
양파,2020-03-06,평년,14850
양파,2020-03-09,가락도매,17250
양파,2020-03-09,평균,17250
양파,2020-03-09,평년,14450
양파,2020-03-10,가락도매,16500
양파,2020-03-10,평균,16500
양파,2020-03-10,평년,14375
양파,2020-03-11,가락도매,21000
양파,2020-03-11,평균,21000
양파,2020-03-11,평년,14375
양파,2020-03-12,가락도매,21000
양파,2020-03-12,평균,21000
양파,2020-03-12,평년,14350
양파,2020-03-13,가락도매,21000
양파,2020-03-13,평균,21000
양파,2020-03-13,평년,14250
양파,2020-03-16,가락도매,18000
양파,2020-03-16,평균,18000
양파,2020-03-16,평년,14250
양파,2020-03-17,가락도매,16500
양파,2020-03-17,평균,16500
양파,2020-03-17,평년,14250
양파,2020-03-18,가락도매,16500
양파,2020-03-18,평균,16500
양파,2020-03-18,평년,14250
양파,2020-03-19,가락도매,15750
양파,2020-03-19,평균,15750
양파,2020-03-19,평년,14250
양파,2020-03-20,가락도매,15000
양파,2020-03-20,평균,15000
양파,2020-03-20,평년,14250
양파,2020-03-23,가락도매,14250
양파,2020-03-23,평균,14250
양파,2020-03-23,평년,14625
양파,2020-03-24,가락도매,14250
양파,2020-03-24,평균,14250
양파,2020-03-24,평년,14900
양파,2020-03-25,가락도매,14250
양파,2020-03-25,평균,14250
양파,2020-03-25,평년,15075
양파,2020-03-26,가락도매,15000
양파,2020-03-26,평균,15000
양파,2020-03-26,평년,15050
양파,2020-03-27,가락도매,15750
양파,2020-03-27,평균,15750
양파,2020-03-27,평년,15050
양파,2020-03-30,가락도매,19500
양파,2020-03-30,평균,19500
양파,2020-03-30,평년,14938
양파,2020-03-31,가락도매,16500
양파,2020-03-31,평균,16500
양파,2020-03-31,평년,15038
양파,2020-04-01,가락도매,18000
양파,2020-04-01,평균,18000
양파,2020-04-01,평년,15300
양파,2020-04-02,가락도매,17625
양파,2020-04-02,평균,17625
양파,2020-04-02,평년,15475
양파,2020-04-03,가락도매,17625
양파,2020-04-03,평균,17625
양파,2020-04-03,평년,15475
양파,2020-04-06,가락도매,15000
양파,2020-04-06,평균,15000
양파,2020-04-06,평년,15413
양파,2020-04-07,가락도매,16500
양파,2020-04-07,평균,16500
양파,2020-04-07,평년,15263
양파,2020-04-08,가락도매,17250
양파,2020-04-08,평균,17250
양파,2020-04-08,평년,15431
양파,2020-04-09,가락도매,15750
양파,2020-04-09,평균,15750
양파,2020-04-09,평년,15481
양파,2020-04-10,가락도매,16500
양파,2020-04-10,평균,16500
양파,2020-04-10,평년,15425
양파,2020-04-13,가락도매,18000
양파,2020-04-13,평균,18000
양파,2020-04-13,평년,14350
양파,2020-04-14,가락도매,17250
양파,2020-04-14,평균,17250
양파,2020-04-14,평년,13950
양파,2020-04-16,가락도매,17250
양파,2020-04-16,평균,17250
양파,2020-04-16,평년,13700
양파,2020-04-17,가락도매,18000
양파,2020-04-17,평균,18000
양파,2020-04-17,평년,13400
양파,2020-04-20,가락도매,19500
양파,2020-04-20,평균,19500
양파,2020-04-20,평년,13400
양파,2020-04-21,가락도매,19500
양파,2020-04-21,평균,19500
양파,2020-04-21,평년,13550
양파,2020-04-22,가락도매,18000
양파,2020-04-22,평균,18000
양파,2020-04-22,평년,13400
양파,2020-04-23,가락도매,16500
양파,2020-04-23,평균,16500
양파,2020-04-23,평년,13350
양파,2020-04-24,가락도매,16500
양파,2020-04-24,평균,16500
양파,2020-04-24,평년,13600
양파,2020-04-27,가락도매,16500
양파,2020-04-27,평균,16500
양파,2020-04-27,평년,14075
양파,2020-04-28,가락도매,15750
양파,2020-04-28,평균,15750
양파,2020-04-28,평년,13975
양파,2020-04-29,가락도매,15000
양파,2020-04-29,평균,15000
양파,2020-04-29,평년,14013
양파,2020-05-04,가락도매,16500
양파,2020-05-04,평균,16500
양파,2020-05-04,평년,12300
양파,2020-05-06,가락도매,15000
양파,2020-05-06,평균,15000
양파,2020-05-06,평년,12788
양파,2020-05-07,가락도매,15000
양파,2020-05-07,평균,15000
양파,2020-05-07,평년,13038
양파,2020-05-08,가락도매,15000
양파,2020-05-08,평균,15000
양파,2020-05-08,평년,12750
양파,2020-05-11,가락도매,14250
양파,2020-05-11,평균,14250
양파,2020-05-11,평년,10925
양파,2020-05-12,가락도매,14250
양파,2020-05-12,평균,14250
양파,2020-05-12,평년,10725
양파,2020-05-13,가락도매,16500
양파,2020-05-13,평균,16500
양파,2020-05-13,평년,10600
양파,2020-05-14,가락도매,18750
양파,2020-05-14,평균,18750
양파,2020-05-14,평년,10213
양파,2020-05-15,가락도매,18750
양파,2020-05-15,평균,18750
양파,2020-05-15,평년,10013
양파,2020-05-18,가락도매,15750
양파,2020-05-18,평균,15750
양파,2020-05-18,평년,9750
양파,2020-05-19,가락도매,15750
양파,2020-05-19,평균,15750
양파,2020-05-19,평년,9725
양파,2020-05-20,가락도매,15000
양파,2020-05-20,평균,15000
양파,2020-05-20,평년,9675
양파,2020-05-21,가락도매,15000
양파,2020-05-21,평균,15000
양파,2020-05-21,평년,9850
양파,2020-05-22,가락도매,15000
양파,2020-05-22,평균,15000
양파,2020-05-22,평년,9925
양파,2020-05-25,가락도매,14250
양파,2020-05-25,평균,14250
양파,2020-05-25,평년,10013
양파,2020-05-26,가락도매,13500
양파,2020-05-26,평균,13500
양파,2020-05-26,평년,10138
양파,2020-05-27,가락도매,13500
양파,2020-05-27,평균,13500
양파,2020-05-27,평년,10288
양파,2020-05-28,가락도매,13500
양파,2020-05-28,평균,13500
양파,2020-05-28,평년,10450
양파,2020-05-29,가락도매,13500
양파,2020-05-29,평균,13500
양파,2020-05-29,평년,10300
양파,2020-06-01,가락도매,12000
양파,2020-06-01,평균,12000
양파,2020-06-01,평년,10150
양파,2020-06-02,가락도매,12000
양파,2020-06-02,평균,12000
양파,2020-06-02,평년,10150
양파,2020-06-03,가락도매,12000
양파,2020-06-03,평균,12000
양파,2020-06-03,평년,10250
양파,2020-06-04,가락도매,11250
양파,2020-06-04,평균,11250
양파,2020-06-04,평년,10600
양파,2020-06-05,가락도매,11250
양파,2020-06-05,평균,11250
양파,2020-06-05,평년,10900
양파,2020-06-08,가락도매,10500
양파,2020-06-08,평균,10500
양파,2020-06-08,평년,11550
양파,2020-06-09,가락도매,10500
양파,2020-06-09,평균,10500
양파,2020-06-09,평년,11925
양파,2020-06-10,가락도매,10500
양파,2020-06-10,평균,10500
양파,2020-06-10,평년,11975
양파,2020-06-11,가락도매,10500
양파,2020-06-11,평균,10500
양파,2020-06-11,평년,11975
양파,2020-06-12,가락도매,10500
양파,2020-06-12,평균,10500
양파,2020-06-12,평년,12025
양파,2020-06-15,가락도매,13500
양파,2020-06-15,평균,13500
양파,2020-06-15,평년,12000
양파,2020-06-16,가락도매,13500
양파,2020-06-16,평균,13500
양파,2020-06-16,평년,12013
양파,2020-06-17,가락도매,13500
양파,2020-06-17,평균,13500
양파,2020-06-17,평년,12163
양파,2020-06-18,가락도매,13500
양파,2020-06-18,평균,13500
양파,2020-06-18,평년,12250
양파,2020-06-19,가락도매,13500
양파,2020-06-19,평균,13500
양파,2020-06-19,평년,12250
양파,2020-06-22,가락도매,13650
양파,2020-06-22,평균,13650
양파,2020-06-22,평년,12100
양파,2020-06-23,가락도매,13650
양파,2020-06-23,평균,13650
양파,2020-06-23,평년,12075
양파,2020-06-24,가락도매,13800
양파,2020-06-24,평균,13800
양파,2020-06-24,평년,12025
양파,2020-06-25,가락도매,13950
양파,2020-06-25,평균,13950
양파,2020-06-25,평년,12025
양파,2020-06-26,가락도매,13950
양파,2020-06-26,평균,13950
양파,2020-06-26,평년,12225
양파,2020-06-29,가락도매,13500
양파,2020-06-29,평균,13500
양파,2020-06-29,평년,12300
양파,2020-06-30,가락도매,12000
양파,2020-06-30,평균,12000
양파,2020-06-30,평년,12450
양파,2020-07-01,가락도매,12000
양파,2020-07-01,평균,12000
양파,2020-07-01,평년,12700
양파,2020-07-02,가락도매,12000
양파,2020-07-02,평균,12000
양파,2020-07-02,평년,12750
양파,2020-07-03,가락도매,12000
양파,2020-07-03,평균,12000
양파,2020-07-03,평년,12825
양파,2020-07-06,가락도매,12000
양파,2020-07-06,평균,12000
양파,2020-07-06,평년,12950
양파,2020-07-07,가락도매,12750
양파,2020-07-07,평균,12750
양파,2020-07-07,평년,12850
양파,2020-07-08,가락도매,12750
양파,2020-07-08,평균,12750
양파,2020-07-08,평년,12725
양파,2020-07-09,가락도매,12150
양파,2020-07-09,평균,12150
양파,2020-07-09,평년,12663
양파,2020-07-10,가락도매,12150
양파,2020-07-10,평균,12150
양파,2020-07-10,평년,12663
양파,2020-07-13,가락도매,12150
양파,2020-07-13,평균,12150
양파,2020-07-13,평년,12600
양파,2020-07-14,가락도매,12750
양파,2020-07-14,평균,12750
양파,2020-07-14,평년,12650
양파,2020-07-15,가락도매,12750
양파,2020-07-15,평균,12750
양파,2020-07-15,평년,12700
양파,2020-07-16,가락도매,12750
양파,2020-07-16,평균,12750
양파,2020-07-16,평년,12800
양파,2020-07-17,가락도매,12750
양파,2020-07-17,평균,12750
양파,2020-07-17,평년,12850
양파,2020-07-20,가락도매,12750
양파,2020-07-20,평균,12750
양파,2020-07-20,평년,12850
양파,2020-07-21,가락도매,13500
양파,2020-07-21,평균,13500
양파,2020-07-21,평년,12888
양파,2020-07-22,가락도매,13500
양파,2020-07-22,평균,13500
양파,2020-07-22,평년,12988
양파,2020-07-23,가락도매,13500
양파,2020-07-23,평균,13500
양파,2020-07-23,평년,12963
양파,2020-07-24,가락도매,13500
양파,2020-07-24,평균,13500
양파,2020-07-24,평년,12913
양파,2020-07-27,가락도매,15000
양파,2020-07-27,평균,15000
양파,2020-07-27,평년,13050
양파,2020-07-28,가락도매,15000
양파,2020-07-28,평균,15000
양파,2020-07-28,평년,13150
양파,2020-07-29,가락도매,16500
양파,2020-07-29,평균,16500
양파,2020-07-29,평년,13150
양파,2020-07-30,가락도매,17400
양파,2020-07-30,평균,17400
양파,2020-07-30,평년,13188
양파,2020-07-31,가락도매,17400
양파,2020-07-31,평균,17400
양파,2020-07-31,평년,13188
양파,2020-08-03,가락도매,17400
양파,2020-08-03,평균,17400
양파,2020-08-03,평년,13450
양파,2020-08-04,가락도매,17400
양파,2020-08-04,평균,17400
양파,2020-08-04,평년,13575
양파,2020-08-05,가락도매,16650
양파,2020-08-05,평균,16650
양파,2020-08-05,평년,13675
양파,2020-08-06,가락도매,16500
양파,2020-08-06,평균,16500
양파,2020-08-06,평년,13825
양파,2020-08-07,가락도매,16500
양파,2020-08-07,평균,16500
양파,2020-08-07,평년,13975
양파,2020-08-10,가락도매,16500
양파,2020-08-10,평균,16500
양파,2020-08-10,평년,14250
양파,2020-08-11,가락도매,16500
양파,2020-08-11,평균,16500
양파,2020-08-11,평년,14300
양파,2020-08-12,가락도매,16500
양파,2020-08-12,평균,16500
양파,2020-08-12,평년,14275
양파,2020-08-13,가락도매,17100
양파,2020-08-13,평균,17100
양파,2020-08-13,평년,14250
양파,2020-08-14,가락도매,17100
양파,2020-08-14,평균,17100
양파,2020-08-14,평년,14325
양파,2020-08-18,가락도매,17100
양파,2020-08-18,평균,17100
양파,2020-08-18,평년,14550
양파,2020-08-19,가락도매,17100
양파,2020-08-19,평균,17100
양파,2020-08-19,평년,14600
양파,2020-08-20,가락도매,17100
양파,2020-08-20,평균,17100
양파,2020-08-20,평년,14625
양파,2020-08-21,가락도매,17100
양파,2020-08-21,평균,17100
양파,2020-08-21,평년,14625
양파,2020-08-24,가락도매,17100
양파,2020-08-24,평균,17100
양파,2020-08-24,평년,14800
양파,2020-08-25,가락도매,17100
양파,2020-08-25,평균,17100
양파,2020-08-25,평년,14850
양파,2020-08-26,가락도매,17100
양파,2020-08-26,평균,17100
양파,2020-08-26,평년,14950
양파,2020-08-27,가락도매,17100
양파,2020-08-27,평균,17100
양파,2020-08-27,평년,15000
양파,2020-08-28,가락도매,17100
양파,2020-08-28,평균,17100
양파,2020-08-28,평년,15000
양파,2020-08-31,가락도매,17100
양파,2020-08-31,평균,17100
양파,2020-08-31,평년,15100
양파,2020-09-01,가락도매,18900
양파,2020-09-01,평균,18900
양파,2020-09-01,평년,15125
양파,2020-09-02,가락도매,18900
양파,2020-09-02,평균,18900
양파,2020-09-02,평년,15125
양파,2020-09-03,가락도매,18900
양파,2020-09-03,평균,18900
양파,2020-09-03,평년,15150
양파,2020-09-04,가락도매,18900
양파,2020-09-04,평균,18900
양파,2020-09-04,평년,15150
양파,2020-09-07,가락도매,18900
양파,2020-09-07,평균,18900
양파,2020-09-07,평년,15350
양파,2020-09-08,가락도매,18900
양파,2020-09-08,평균,18900
양파,2020-09-08,평년,15350
양파,2020-09-09,가락도매,18900
양파,2020-09-09,평균,18900
양파,2020-09-09,평년,15400
양파,2020-09-10,가락도매,19200
양파,2020-09-10,평균,19200
양파,2020-09-10,평년,15375
양파,2020-09-11,가락도매,19200
양파,2020-09-11,평균,19200
양파,2020-09-11,평년,15375
양파,2020-09-14,가락도매,19200
양파,2020-09-14,평균,19200
양파,2020-09-14,평년,15388
양파,2020-09-15,가락도매,18750
양파,2020-09-15,평균,18750
양파,2020-09-15,평년,15338
양파,2020-09-16,가락도매,18750
양파,2020-09-16,평균,18750
양파,2020-09-16,평년,15313
양파,2020-09-17,가락도매,18750
양파,2020-09-17,평균,18750
양파,2020-09-17,평년,15213
양파,2020-09-18,가락도매,18750
양파,2020-09-18,평균,18750
양파,2020-09-18,평년,15088
양파,2020-09-21,가락도매,18750
양파,2020-09-21,평균,18750
양파,2020-09-21,평년,14750
양파,2020-09-22,가락도매,18750
양파,2020-09-22,평균,18750
양파,2020-09-22,평년,14700
양파,2020-09-23,가락도매,18750
양파,2020-09-23,평균,18750
양파,2020-09-23,평년,14638
양파,2020-09-24,가락도매,18750
양파,2020-09-24,평균,18750
양파,2020-09-24,평년,14563
양파,2020-09-25,가락도매,18750
양파,2020-09-25,평균,18750
양파,2020-09-25,평년,14575
양파,2020-09-28,가락도매,18750
양파,2020-09-28,평균,18750
양파,2020-09-28,평년,14050
양파,2020-09-29,가락도매,18750
양파,2020-09-29,평균,18750
양파,2020-09-29,평년,13800
양파,2020-10-05,가락도매,18750
양파,2020-10-05,평균,18750
양파,2020-10-05,평년,13925
양파,2020-10-06,가락도매,19725
양파,2020-10-06,평균,19725
양파,2020-10-06,평년,14025
양파,2020-10-07,가락도매,21000
양파,2020-10-07,평균,21000
양파,2020-10-07,평년,14125
양파,2020-10-08,가락도매,21000
양파,2020-10-08,평균,21000
양파,2020-10-08,평년,14125
양파,2020-10-12,가락도매,21000
양파,2020-10-12,평균,21000
양파,2020-10-12,평년,14200
양파,2020-10-13,가락도매,21000
양파,2020-10-13,평균,21000
양파,2020-10-13,평년,14350
양파,2020-10-14,가락도매,21000
양파,2020-10-14,평균,21000
양파,2020-10-14,평년,14500
양파,2020-10-15,가락도매,20475
양파,2020-10-15,평균,20475
양파,2020-10-15,평년,14500
양파,2020-10-16,가락도매,19125
양파,2020-10-16,평균,19125
양파,2020-10-16,평년,14600
양파,2020-10-19,가락도매,19125
양파,2020-10-19,평균,19125
양파,2020-10-19,평년,14850
양파,2020-10-20,가락도매,19125
양파,2020-10-20,평균,19125
양파,2020-10-20,평년,14938
양파,2020-10-21,가락도매,19125
양파,2020-10-21,평균,19125
양파,2020-10-21,평년,14938
양파,2020-10-22,가락도매,19125
양파,2020-10-22,평균,19125
양파,2020-10-22,평년,14900
양파,2020-10-23,가락도매,19125
양파,2020-10-23,평균,19125
양파,2020-10-23,평년,14800
양파,2020-10-26,가락도매,19125
양파,2020-10-26,평균,19125
양파,2020-10-26,평년,14400
양파,2020-10-27,가락도매,19125
양파,2020-10-27,평균,19125
양파,2020-10-27,평년,14300
양파,2020-10-28,가락도매,19575
양파,2020-10-28,평균,19575
양파,2020-10-28,평년,14250
양파,2020-10-29,가락도매,19950
양파,2020-10-29,평균,19950
양파,2020-10-29,평년,14250
양파,2020-10-30,가락도매,20250
양파,2020-10-30,평균,20250
양파,2020-10-30,평년,14300
양파,2020-11-02,가락도매,20250
양파,2020-11-02,평균,20250
양파,2020-11-02,평년,14600
양파,2020-11-03,가락도매,20250
양파,2020-11-03,평균,20250
양파,2020-11-03,평년,14775
양파,2020-11-04,가락도매,20250
양파,2020-11-04,평균,20250
양파,2020-11-04,평년,14900
양파,2020-11-05,가락도매,20250
양파,2020-11-05,평균,20250
양파,2020-11-05,평년,15013
양파,2020-11-06,가락도매,20250
양파,2020-11-06,평균,20250
양파,2020-11-06,평년,15138
양파,2020-11-09,가락도매,20250
양파,2020-11-09,평균,20250
양파,2020-11-09,평년,15550
양파,2020-11-10,가락도매,21375
양파,2020-11-10,평균,21375
양파,2020-11-10,평년,15463
양파,2020-11-11,가락도매,21375
양파,2020-11-11,평균,21375
양파,2020-11-11,평년,15438
양파,2020-11-12,가락도매,21375
양파,2020-11-12,평균,21375
양파,2020-11-12,평년,15425
양파,2020-11-13,가락도매,21375
양파,2020-11-13,평균,21375
양파,2020-11-13,평년,15300
양파,2020-11-16,가락도매,21375
양파,2020-11-16,평균,21375
양파,2020-11-16,평년,15000
양파,2020-11-17,가락도매,21375
양파,2020-11-17,평균,21375
양파,2020-11-17,평년,15075
양파,2020-11-18,가락도매,21375
양파,2020-11-18,평균,21375
양파,2020-11-18,평년,15125
양파,2020-11-19,가락도매,21375
양파,2020-11-19,평균,21375
양파,2020-11-19,평년,15150
양파,2020-11-20,가락도매,21375
양파,2020-11-20,평균,21375
양파,2020-11-20,평년,15250
양파,2020-11-23,가락도매,21825
양파,2020-11-23,평균,21825
양파,2020-11-23,평년,15338
양파,2020-11-24,가락도매,21825
양파,2020-11-24,평균,21825
양파,2020-11-24,평년,15238
양파,2020-11-25,가락도매,21825
양파,2020-11-25,평균,21825
양파,2020-11-25,평년,15100
양파,2020-11-26,가락도매,21825
양파,2020-11-26,평균,21825
양파,2020-11-26,평년,15025
양파,2020-11-27,가락도매,21825
양파,2020-11-27,평균,21825
양파,2020-11-27,평년,15025
양파,2020-11-30,가락도매,21825
양파,2020-11-30,평균,21825
양파,2020-11-30,평년,15250
양파,2020-12-01,가락도매,21825
양파,2020-12-01,평균,21825
양파,2020-12-01,평년,15338
양파,2020-12-02,가락도매,21825
양파,2020-12-02,평균,21825
양파,2020-12-02,평년,15425
양파,2020-12-03,가락도매,21375
양파,2020-12-03,평균,21375
양파,2020-12-03,평년,15575
양파,2020-12-07,가락도매,21375
양파,2020-12-07,평균,21375
양파,2020-12-07,평년,15638
양파,2020-12-08,가락도매,21375
양파,2020-12-08,평균,21375
양파,2020-12-08,평년,15588
양파,2020-12-09,가락도매,21375
양파,2020-12-09,평균,21375
양파,2020-12-09,평년,15450
양파,2020-12-10,가락도매,21225
양파,2020-12-10,평균,21225
양파,2020-12-10,평년,15400
양파,2020-12-11,가락도매,21225
양파,2020-12-11,평균,21225
양파,2020-12-11,평년,15350
양파,2020-12-14,가락도매,21225
양파,2020-12-14,평균,21225
양파,2020-12-14,평년,15350
양파,2020-12-15,가락도매,21225
양파,2020-12-15,평균,21225
양파,2020-12-15,평년,15350
양파,2020-12-16,가락도매,21225
양파,2020-12-16,평균,21225
양파,2020-12-16,평년,15350
양파,2020-12-17,가락도매,21225
양파,2020-12-17,평균,21225
양파,2020-12-17,평년,15263
양파,2020-12-18,가락도매,21225
양파,2020-12-18,평균,21225
양파,2020-12-18,평년,15163
양파,2020-12-21,가락도매,21225
양파,2020-12-21,평균,21225
양파,2020-12-21,평년,14963
양파,2020-12-22,가락도매,22350
양파,2020-12-22,평균,22350
양파,2020-12-22,평년,15013
양파,2020-12-23,가락도매,23850
양파,2020-12-23,평균,23850
양파,2020-12-23,평년,15125
양파,2020-12-24,가락도매,23850
양파,2020-12-24,평균,23850
양파,2020-12-24,평년,15275
양파,2020-12-28,가락도매,23850
양파,2020-12-28,평균,23850
양파,2020-12-28,평년,15438
양파,2020-12-29,가락도매,23850
양파,2020-12-29,평균,23850
양파,2020-12-29,평년,15438
양파,2020-12-30,가락도매,23850
양파,2020-12-30,평균,23850
양파,2020-12-30,평년,15500
양파,2020-12-31,가락도매,23850
양파,2020-12-31,평균,23850
양파,2020-12-31,평년,15613
양파,2021-01-04,가락도매,23850
양파,2021-01-04,평균,23850
양파,2021-01-04,평년,16388
양파,2021-01-05,가락도매,24750
양파,2021-01-05,평균,24750
양파,2021-01-05,평년,16588
양파,2021-01-06,가락도매,25200
양파,2021-01-06,평균,25200
양파,2021-01-06,평년,16850
양파,2021-01-07,가락도매,25950
양파,2021-01-07,평균,25950
양파,2021-01-07,평년,17125
양파,2021-01-08,가락도매,25950
양파,2021-01-08,평균,25950
양파,2021-01-08,평년,17275
양파,2021-01-11,가락도매,26475
양파,2021-01-11,평균,26475
양파,2021-01-11,평년,17400
양파,2021-01-12,가락도매,27000
양파,2021-01-12,평균,27000
양파,2021-01-12,평년,17300
양파,2021-01-13,가락도매,28500
양파,2021-01-13,평균,28500
양파,2021-01-13,평년,17300
양파,2021-01-14,가락도매,28500
양파,2021-01-14,평균,28500
양파,2021-01-14,평년,17250
양파,2021-01-15,가락도매,28500
양파,2021-01-15,평균,28500
양파,2021-01-15,평년,17250
양파,2021-01-18,가락도매,28500
양파,2021-01-18,평균,28500
양파,2021-01-18,평년,17350
양파,2021-01-19,가락도매,28500
양파,2021-01-19,평균,28500
양파,2021-01-19,평년,17400
양파,2021-01-20,가락도매,28500
양파,2021-01-20,평균,28500
양파,2021-01-20,평년,17375
양파,2021-01-21,가락도매,28725
양파,2021-01-21,평균,28725
양파,2021-01-21,평년,17375
양파,2021-01-22,가락도매,28725
양파,2021-01-22,평균,28725
양파,2021-01-22,평년,17350
양파,2021-01-25,가락도매,28725
양파,2021-01-25,평균,28725
양파,2021-01-25,평년,17450
양파,2021-01-26,가락도매,28725
양파,2021-01-26,평균,28725
양파,2021-01-26,평년,17550
양파,2021-01-27,가락도매,27825
양파,2021-01-27,평균,27825
양파,2021-01-27,평년,17625
양파,2021-01-28,가락도매,27825
양파,2021-01-28,평균,27825
양파,2021-01-28,평년,17625
양파,2021-01-29,가락도매,27825
양파,2021-01-29,평균,27825
양파,2021-01-29,평년,17650
양파,2021-02-01,가락도매,27825
양파,2021-02-01,평균,27825
양파,2021-02-01,평년,17900
양파,2021-02-02,가락도매,27825
양파,2021-02-02,평균,27825
양파,2021-02-02,평년,17950
양파,2021-02-03,가락도매,27825
양파,2021-02-03,평균,27825
양파,2021-02-03,평년,18025
양파,2021-02-04,가락도매,27825
양파,2021-02-04,평균,27825
양파,2021-02-04,평년,18125
양파,2021-02-05,가락도매,27825
양파,2021-02-05,평균,27825
양파,2021-02-05,평년,18100
양파,2021-02-08,가락도매,27825
양파,2021-02-08,평균,27825
양파,2021-02-08,평년,17775
양파,2021-02-09,가락도매,28500
양파,2021-02-09,평균,28500
양파,2021-02-09,평년,17675
양파,2021-02-10,가락도매,29100
양파,2021-02-10,평균,29100
양파,2021-02-10,평년,17600
양파,2021-02-15,가락도매,32100
양파,2021-02-15,평균,32100
양파,2021-02-15,평년,17613
양파,2021-02-16,가락도매,32100
양파,2021-02-16,평균,32100
양파,2021-02-16,평년,17513
양파,2021-02-17,가락도매,32475
양파,2021-02-17,평균,32475
양파,2021-02-17,평년,17525
양파,2021-02-18,가락도매,32475
양파,2021-02-18,평균,32475
양파,2021-02-18,평년,17625
양파,2021-02-19,가락도매,32475
양파,2021-02-19,평균,32475
양파,2021-02-19,평년,17900
양파,2021-02-22,가락도매,33000
양파,2021-02-22,평균,33000
양파,2021-02-22,평년,19125
양파,2021-02-23,가락도매,33000
양파,2021-02-23,평균,33000
양파,2021-02-23,평년,19125
양파,2021-02-24,가락도매,33000
양파,2021-02-24,평균,33000
양파,2021-02-24,평년,19400
양파,2021-02-25,가락도매,33000
양파,2021-02-25,평균,33000
양파,2021-02-25,평년,19900
양파,2021-02-26,가락도매,33000
양파,2021-02-26,평균,33000
양파,2021-02-26,평년,20250
양파,2021-03-02,가락도매,32475
양파,2021-03-02,평균,32475
양파,2021-03-02,평년,19150
양파,2021-03-03,가락도매,32475
양파,2021-03-03,평균,32475
양파,2021-03-03,평년,18575
양파,2021-03-04,가락도매,32250
양파,2021-03-04,평균,32250
양파,2021-03-04,평년,18075
양파,2021-03-05,가락도매,31500
양파,2021-03-05,평균,31500
양파,2021-03-05,평년,17800
양파,2021-03-08,가락도매,31500
양파,2021-03-08,평균,31500
양파,2021-03-08,평년,17175
양파,2021-03-09,가락도매,30975
양파,2021-03-09,평균,30975
양파,2021-03-09,평년,17300
양파,2021-03-10,가락도매,30450
양파,2021-03-10,평균,30450
양파,2021-03-10,평년,17375
양파,2021-03-11,가락도매,30450
양파,2021-03-11,평균,30450
양파,2021-03-11,평년,17575
양파,2021-03-12,가락도매,30450
양파,2021-03-12,평균,30450
양파,2021-03-12,평년,17600
양파,2021-03-15,가락도매,30000
양파,2021-03-15,평균,30000
양파,2021-03-15,평년,17375
양파,2021-03-16,가락도매,30975
양파,2021-03-16,평균,30975
양파,2021-03-16,평년,17200
양파,2021-03-17,가락도매,32250
양파,2021-03-17,평균,32250
양파,2021-03-17,평년,16850
양파,2021-03-18,가락도매,32250
양파,2021-03-18,평균,32250
양파,2021-03-18,평년,16450
양파,2021-03-19,가락도매,32250
양파,2021-03-19,평균,32250
양파,2021-03-19,평년,16200
양파,2021-03-22,가락도매,32250
양파,2021-03-22,평균,32250
양파,2021-03-22,평년,16088
양파,2021-03-23,가락도매,32250
양파,2021-03-23,평균,32250
양파,2021-03-23,평년,16150
양파,2021-03-24,가락도매,32250
양파,2021-03-24,평균,32250
양파,2021-03-24,평년,16375
양파,2021-03-25,가락도매,30750
양파,2021-03-25,평균,30750
양파,2021-03-25,평년,16575
양파,2021-03-26,가락도매,29250
양파,2021-03-26,평균,29250
양파,2021-03-26,평년,16800
양파,2021-03-29,가락도매,22500
양파,2021-03-29,평균,22500
양파,2021-03-29,평년,17013
양파,2021-03-30,가락도매,21975
양파,2021-03-30,평균,21975
양파,2021-03-30,평년,17088
양파,2021-03-31,가락도매,21975
양파,2021-03-31,평균,21975
양파,2021-03-31,평년,17363
양파,2021-04-01,가락도매,22725
양파,2021-04-01,평균,22725
양파,2021-04-01,평년,17750
양파,2021-04-02,가락도매,24750
양파,2021-04-02,평균,24750
양파,2021-04-02,평년,17625
양파,2021-04-12,가락도매,18450
양파,2021-04-12,평균,18450
양파,2021-04-12,평년,16475
양파,2021-04-13,가락도매,18225
양파,2021-04-13,평균,18225
양파,2021-04-13,평년,16200
양파,2021-04-14,가락도매,18225
양파,2021-04-14,평균,18225
양파,2021-04-14,평년,16150
양파,2021-04-15,가락도매,18000
양파,2021-04-15,평균,18000
양파,2021-04-15,평년,16075
양파,2021-04-16,가락도매,17250
양파,2021-04-16,평균,17250
양파,2021-04-16,평년,16300
양파,2021-04-19,가락도매,15450
양파,2021-04-19,평균,15450
양파,2021-04-19,평년,15688
양파,2021-04-20,가락도매,13125
양파,2021-04-20,평균,13125
양파,2021-04-20,평년,15500
양파,2021-04-21,가락도매,13125
양파,2021-04-21,평균,13125
양파,2021-04-21,평년,14925
양파,2021-04-22,가락도매,13125
양파,2021-04-22,평균,13125
양파,2021-04-22,평년,14775
양파,2021-04-23,가락도매,13125
양파,2021-04-23,평균,13125
양파,2021-04-23,평년,14875
양파,2021-04-26,가락도매,13125
양파,2021-04-26,평균,13125
양파,2021-04-26,평년,15338
양파,2021-04-27,가락도매,12375
양파,2021-04-27,평균,12375
양파,2021-04-27,평년,15300
양파,2021-04-28,가락도매,12375
양파,2021-04-28,평균,12375
양파,2021-04-28,평년,15200
양파,2021-04-29,가락도매,12075
양파,2021-04-29,평균,12075
양파,2021-04-29,평년,15063
양파,2021-04-30,가락도매,11850
양파,2021-04-30,평균,11850
양파,2021-04-30,평년,15088
양파,2021-05-03,가락도매,11850
양파,2021-05-03,평균,11850
양파,2021-05-03,평년,14000
양파,2021-05-04,가락도매,11700
양파,2021-05-04,평균,11700
양파,2021-05-04,평년,14150
양파,2021-05-06,가락도매,11700
양파,2021-05-06,평균,11700
양파,2021-05-06,평년,14063
양파,2021-05-07,가락도매,11700
양파,2021-05-07,평균,11700
양파,2021-05-07,평년,13913
양파,2021-05-10,가락도매,11250
양파,2021-05-10,평균,11250
양파,2021-05-10,평년,12375
양파,2021-05-11,가락도매,10500
양파,2021-05-11,평균,10500
양파,2021-05-11,평년,12175
양파,2021-05-12,가락도매,10500
양파,2021-05-12,평균,10500
양파,2021-05-12,평년,12375
양파,2021-05-13,가락도매,9750
양파,2021-05-13,평균,9750
양파,2021-05-13,평년,12550
양파,2021-05-14,가락도매,9375
양파,2021-05-14,평균,9375
양파,2021-05-14,평년,12363
양파,2021-05-17,가락도매,9375
양파,2021-05-17,평균,9375
양파,2021-05-17,평년,11450
양파,2021-05-18,가락도매,9375
양파,2021-05-18,평균,9375
양파,2021-05-18,평년,11400
양파,2021-05-20,가락도매,9375
양파,2021-05-20,평균,9375
양파,2021-05-20,평년,11375
양파,2021-05-21,가락도매,9375
양파,2021-05-21,평균,9375
양파,2021-05-21,평년,11400
양파,2021-05-24,가락도매,9450
양파,2021-05-24,평균,9450
양파,2021-05-24,평년,11163
양파,2021-05-25,가락도매,9450
양파,2021-05-25,평균,9450
양파,2021-05-25,평년,11200
양파,2021-05-26,가락도매,9450
양파,2021-05-26,평균,9450
양파,2021-05-26,평년,11238
양파,2021-05-27,가락도매,9450
양파,2021-05-27,평균,9450
양파,2021-05-27,평년,11338
양파,2021-05-28,가락도매,9450
양파,2021-05-28,평균,9450
양파,2021-05-28,평년,11300
양파,2021-05-31,가락도매,9000
양파,2021-05-31,평균,9000
양파,2021-05-31,평년,10950
양파,2021-06-01,가락도매,9000
양파,2021-06-01,평균,9000
양파,2021-06-01,평년,10900
양파,2021-06-02,가락도매,9000
양파,2021-06-02,평균,9000
양파,2021-06-02,평년,10750
양파,2021-06-03,가락도매,9000
양파,2021-06-03,평균,9000
양파,2021-06-03,평년,10600
양파,2021-06-04,가락도매,9375
양파,2021-06-04,평균,9375
양파,2021-06-04,평년,10650
양파,2021-06-07,가락도매,9600
양파,2021-06-07,평균,9600
양파,2021-06-07,평년,10725
양파,2021-06-08,가락도매,9600
양파,2021-06-08,평균,9600
양파,2021-06-08,평년,11000
양파,2021-06-09,가락도매,10125
양파,2021-06-09,평균,10125
양파,2021-06-09,평년,11125
양파,2021-06-10,가락도매,10125
양파,2021-06-10,평균,10125
양파,2021-06-10,평년,11025
양파,2021-06-11,가락도매,10575
양파,2021-06-11,평균,10575
양파,2021-06-11,평년,11275
양파,2021-06-14,가락도매,11475
양파,2021-06-14,평균,11475
양파,2021-06-14,평년,11600
양파,2021-06-15,가락도매,12000
양파,2021-06-15,평균,12000
양파,2021-06-15,평년,11700
양파,2021-06-16,가락도매,12000
양파,2021-06-16,평균,12000
양파,2021-06-16,평년,11863
양파,2021-06-17,가락도매,12000
양파,2021-06-17,평균,12000
양파,2021-06-17,평년,12063
양파,2021-06-18,가락도매,12600
양파,2021-06-18,평균,12600
양파,2021-06-18,평년,12010
양파,2021-06-21,가락도매,12750
양파,2021-06-21,평균,12750
양파,2021-06-21,평년,11775
양파,2021-06-22,가락도매,12750
양파,2021-06-22,평균,12750
양파,2021-06-22,평년,11690
양파,2021-06-23,가락도매,12750
양파,2021-06-23,평균,12750
양파,2021-06-23,평년,11645
양파,2021-06-24,가락도매,12750
양파,2021-06-24,평균,12750
양파,2021-06-24,평년,11625
양파,2021-06-25,가락도매,13125
양파,2021-06-25,평균,13125
양파,2021-06-25,평년,11615
양파,2021-06-28,가락도매,13125
양파,2021-06-28,평균,13125
양파,2021-06-28,평년,11450
양파,2021-06-29,가락도매,13125
양파,2021-06-29,평균,13125
양파,2021-06-29,평년,11360
양파,2021-06-30,가락도매,12825
양파,2021-06-30,평균,12825
양파,2021-06-30,평년,11280
양파,2021-07-01,가락도매,12075
양파,2021-07-01,평균,12075
양파,2021-07-01,평년,11200
양파,2021-07-02,가락도매,12075
양파,2021-07-02,평균,12075
양파,2021-07-02,평년,11125
양파,2021-07-05,가락도매,11850
양파,2021-07-05,평균,11850
양파,2021-07-05,평년,11263
양파,2021-07-06,가락도매,12075
양파,2021-07-06,평균,12075
양파,2021-07-06,평년,11300
양파,2021-07-07,가락도매,12450
양파,2021-07-07,평균,12450
양파,2021-07-07,평년,11260
양파,2021-07-08,가락도매,12750
양파,2021-07-08,평균,12750
양파,2021-07-08,평년,11220
양파,2021-07-09,가락도매,12750
양파,2021-07-09,평균,12750
양파,2021-07-09,평년,11193
양파,2021-07-12,가락도매,12750
양파,2021-07-12,평균,12750
양파,2021-07-12,평년,11100
양파,2021-07-13,가락도매,12450
양파,2021-07-13,평균,12450
양파,2021-07-13,평년,11130
양파,2021-07-14,가락도매,12075
양파,2021-07-14,평균,12075
양파,2021-07-14,평년,11170
양파,2021-07-15,가락도매,11475
양파,2021-07-15,평균,11475
양파,2021-07-15,평년,11210
양파,2021-07-16,가락도매,11475
양파,2021-07-16,평균,11475
양파,2021-07-16,평년,11250
양파,2021-07-19,가락도매,13575
양파,2021-07-19,평균,13575
양파,2021-07-19,평년,11313
양파,2021-07-20,가락도매,13125
양파,2021-07-20,평균,13125
양파,2021-07-20,평년,11300
양파,2021-07-21,가락도매,13125
양파,2021-07-21,평균,13125
양파,2021-07-21,평년,11338
양파,2021-07-22,가락도매,12375
양파,2021-07-22,평균,12375
양파,2021-07-22,평년,11438
양파,2021-07-23,가락도매,13500
양파,2021-07-23,평균,13500
양파,2021-07-23,평년,11563
양파,2021-07-26,가락도매,14325
양파,2021-07-26,평균,14325
양파,2021-07-26,평년,11700
양파,2021-07-27,가락도매,14325
양파,2021-07-27,평균,14325
양파,2021-07-27,평년,11950
양파,2021-07-28,가락도매,14325
양파,2021-07-28,평균,14325
양파,2021-07-28,평년,12310
양파,2021-07-29,가락도매,14325
양파,2021-07-29,평균,14325
양파,2021-07-29,평년,12570
양파,2021-07-30,가락도매,14325
양파,2021-07-30,평균,14325
양파,2021-07-30,평년,12768
양파,2021-08-02,가락도매,14325
양파,2021-08-02,평균,14325
양파,2021-08-02,평년,13100
양파,2021-08-03,가락도매,15450
양파,2021-08-03,평균,15450
양파,2021-08-03,평년,13200
양파,2021-08-04,가락도매,15450
양파,2021-08-04,평균,15450
양파,2021-08-04,평년,13265
양파,2021-08-05,가락도매,16350
양파,2021-08-05,평균,16350
양파,2021-08-05,평년,13305
양파,2021-08-06,가락도매,16350
양파,2021-08-06,평균,16350
양파,2021-08-06,평년,13395
양파,2021-08-09,가락도매,16350
양파,2021-08-09,평균,16350
양파,2021-08-09,평년,13700
양파,2021-08-10,가락도매,16350
양파,2021-08-10,평균,16350
양파,2021-08-10,평년,13750
양파,2021-08-11,가락도매,15825
양파,2021-08-11,평균,15825
양파,2021-08-11,평년,13740
양파,2021-08-12,가락도매,15825
양파,2021-08-12,평균,15825
양파,2021-08-12,평년,13730
양파,2021-08-13,가락도매,15825
양파,2021-08-13,평균,15825
양파,2021-08-13,평년,13745
양파,2021-08-17,가락도매,15825
양파,2021-08-17,평균,15825
양파,2021-08-17,평년,13750
양파,2021-08-18,가락도매,15825
양파,2021-08-18,평균,15825
양파,2021-08-18,평년,13750
양파,2021-08-19,가락도매,16125
양파,2021-08-19,평균,16125
양파,2021-08-19,평년,13800
양파,2021-08-20,가락도매,16125
양파,2021-08-20,평균,16125
양파,2021-08-20,평년,13825
양파,2021-08-23,가락도매,16125
양파,2021-08-23,평균,16125
양파,2021-08-23,평년,13900
양파,2021-08-24,가락도매,16125
양파,2021-08-24,평균,16125
양파,2021-08-24,평년,14000
양파,2021-08-25,가락도매,15825
양파,2021-08-25,평균,15825
양파,2021-08-25,평년,14050
양파,2021-08-26,가락도매,15825
양파,2021-08-26,평균,15825
양파,2021-08-26,평년,14150
양파,2021-08-27,가락도매,15825
양파,2021-08-27,평균,15825
양파,2021-08-27,평년,14200
양파,2021-08-30,가락도매,15825
양파,2021-08-30,평균,15825
양파,2021-08-30,평년,14400
양파,2021-08-31,가락도매,15825
양파,2021-08-31,평균,15825
양파,2021-08-31,평년,14540
양파,2021-09-01,가락도매,15825
양파,2021-09-01,평균,15825
양파,2021-09-01,평년,14685
양파,2021-09-02,가락도매,15825
양파,2021-09-02,평균,15825
양파,2021-09-02,평년,14805
양파,2021-09-03,가락도매,15825
양파,2021-09-03,평균,15825
양파,2021-09-03,평년,14950
양파,2021-09-06,가락도매,15825
양파,2021-09-06,평균,15825
양파,2021-09-06,평년,15150
양파,2021-09-07,가락도매,15825
양파,2021-09-07,평균,15825
양파,2021-09-07,평년,15150
양파,2021-09-08,가락도매,15825
양파,2021-09-08,평균,15825
양파,2021-09-08,평년,15170
양파,2021-09-09,가락도매,16125
양파,2021-09-09,평균,16125
양파,2021-09-09,평년,15240
양파,2021-09-10,가락도매,16125
양파,2021-09-10,평균,16125
양파,2021-09-10,평년,15235
양파,2021-09-13,가락도매,16125
양파,2021-09-13,평균,16125
양파,2021-09-13,평년,15263
양파,2021-09-14,가락도매,16125
양파,2021-09-14,평균,16125
양파,2021-09-14,평년,15278
양파,2021-09-15,가락도매,16125
양파,2021-09-15,평균,16125
양파,2021-09-15,평년,15248
양파,2021-09-16,가락도매,16125
양파,2021-09-16,평균,16125
양파,2021-09-16,평년,15218
양파,2021-09-17,가락도매,16125
양파,2021-09-17,평균,16125
양파,2021-09-17,평년,15088
양파,2021-09-23,가락도매,16125
양파,2021-09-23,평균,16125
양파,2021-09-23,평년,14638
양파,2021-09-24,가락도매,15375
양파,2021-09-24,평균,15375
양파,2021-09-24,평년,14563
양파,2021-09-27,가락도매,15375
양파,2021-09-27,평균,15375
양파,2021-09-27,평년,14350
양파,2021-09-28,가락도매,15375
양파,2021-09-28,평균,15375
양파,2021-09-28,평년,14050
양파,2021-09-29,가락도매,14325
양파,2021-09-29,평균,14325
양파,2021-09-29,평년,13800
양파,2021-09-30,가락도매,13875
양파,2021-09-30,평균,13875
양파,2021-09-30,평년,13725
양파,2021-10-01,가락도매,13875
양파,2021-10-01,평균,13875
양파,2021-10-01,평년,13750
양파,2021-10-05,가락도매,13875
양파,2021-10-05,평균,13875
양파,2021-10-05,평년,13925
양파,2021-10-06,가락도매,14100
양파,2021-10-06,평균,14100
양파,2021-10-06,평년,14025
양파,2021-10-07,가락도매,14100
양파,2021-10-07,평균,14100
양파,2021-10-07,평년,14125
양파,2021-10-08,가락도매,14100
양파,2021-10-08,평균,14100
양파,2021-10-08,평년,14125
양파,2021-10-12,가락도매,14250
양파,2021-10-12,평균,14250
양파,2021-10-12,평년,14200
양파,2021-10-13,가락도매,14250
양파,2021-10-13,평균,14250
양파,2021-10-13,평년,14350
양파,2021-10-14,가락도매,14250
양파,2021-10-14,평균,14250
양파,2021-10-14,평년,14500
양파,2021-10-15,가락도매,14250
양파,2021-10-15,평균,14250
양파,2021-10-15,평년,14500
양파,2021-10-18,가락도매,14250
양파,2021-10-18,평균,14250
양파,2021-10-18,평년,14800
양파,2021-10-19,가락도매,14250
양파,2021-10-19,평균,14250
양파,2021-10-19,평년,14850
양파,2021-10-20,가락도매,14250
양파,2021-10-20,평균,14250
양파,2021-10-20,평년,14813
양파,2021-10-21,가락도매,14625
양파,2021-10-21,평균,14625
양파,2021-10-21,평년,14813
양파,2021-10-22,가락도매,14625
양파,2021-10-22,평균,14625
양파,2021-10-22,평년,14775
양파,2021-10-25,가락도매,14625
양파,2021-10-25,평균,14625
양파,2021-10-25,평년,14475
양파,2021-10-26,가락도매,14625
양파,2021-10-26,평균,14625
양파,2021-10-26,평년,14400
양파,2021-10-27,가락도매,14625
양파,2021-10-27,평균,14625
양파,2021-10-27,평년,14300
양파,2021-10-28,가락도매,15750
양파,2021-10-28,평균,15750
양파,2021-10-28,평년,14250
양파,2021-10-29,가락도매,15750
양파,2021-10-29,평균,15750
양파,2021-10-29,평년,14250
양파,2021-11-01,가락도매,15750
양파,2021-11-01,평균,15750
양파,2021-11-01,평년,14400
양파,2021-11-02,가락도매,15750
양파,2021-11-02,평균,15750
양파,2021-11-02,평년,14600
양파,2021-11-03,가락도매,15750
양파,2021-11-03,평균,15750
양파,2021-11-03,평년,14775
양파,2021-11-04,가락도매,15750
양파,2021-11-04,평균,15750
양파,2021-11-04,평년,14900
양파,2021-11-05,가락도매,15750
양파,2021-11-05,평균,15750
양파,2021-11-05,평년,15013
양파,2021-11-08,가락도매,15750
양파,2021-11-08,평균,15750
양파,2021-11-08,평년,15500
양파,2021-11-09,가락도매,15750
양파,2021-11-09,평균,15750
양파,2021-11-09,평년,15550
양파,2021-11-10,가락도매,15750
양파,2021-11-10,평균,15750
양파,2021-11-10,평년,15463
양파,2021-11-11,가락도매,15750
양파,2021-11-11,평균,15750
양파,2021-11-11,평년,15438
양파,2021-11-12,가락도매,15750
양파,2021-11-12,평균,15750
양파,2021-11-12,평년,15425
양파,2021-11-15,가락도매,15750
양파,2021-11-15,평균,15750
양파,2021-11-15,평년,15000
양파,2021-11-16,가락도매,15750
양파,2021-11-16,평균,15750
양파,2021-11-16,평년,15000
양파,2021-11-17,가락도매,15750
양파,2021-11-17,평균,15750
양파,2021-11-17,평년,15075
양파,2021-11-18,가락도매,15750
양파,2021-11-18,평균,15750
양파,2021-11-18,평년,15125
양파,2021-11-19,가락도매,15750
양파,2021-11-19,평균,15750
양파,2021-11-19,평년,15150
양파,2021-11-22,가락도매,15750
양파,2021-11-22,평균,15750
양파,2021-11-22,평년,15450
양파,2021-11-23,가락도매,15750
양파,2021-11-23,평균,15750
양파,2021-11-23,평년,15338
양파,2021-11-24,가락도매,15375
양파,2021-11-24,평균,15375
양파,2021-11-24,평년,15238
양파,2021-11-25,가락도매,15375
양파,2021-11-25,평균,15375
양파,2021-11-25,평년,15100
양파,2021-11-26,가락도매,15375
양파,2021-11-26,평균,15375
양파,2021-11-26,평년,15025
양파,2021-11-29,가락도매,15375
양파,2021-11-29,평균,15375
양파,2021-11-29,평년,15150
양파,2021-11-30,가락도매,15375
양파,2021-11-30,평균,15375
양파,2021-11-30,평년,15250
양파,2021-12-01,가락도매,15375
양파,2021-12-01,평균,15375
양파,2021-12-01,평년,15338
양파,2021-12-02,가락도매,15375
양파,2021-12-02,평균,15375
양파,2021-12-02,평년,15425
양파,2021-12-06,가락도매,14625
양파,2021-12-06,평균,14625
양파,2021-12-06,평년,15688
양파,2021-12-07,가락도매,14625
양파,2021-12-07,평균,14625
양파,2021-12-07,평년,15638
양파,2021-12-08,가락도매,14625
양파,2021-12-08,평균,14625
양파,2021-12-08,평년,15588
양파,2021-12-09,가락도매,14250
양파,2021-12-09,평균,14250
양파,2021-12-09,평년,15450
양파,2021-12-10,가락도매,14250
양파,2021-12-10,평균,14250
양파,2021-12-10,평년,15400
양파,2021-12-13,가락도매,14250
양파,2021-12-13,평균,14250
양파,2021-12-13,평년,15350
양파,2021-12-14,가락도매,13875
양파,2021-12-14,평균,13875
양파,2021-12-14,평년,15350
양파,2021-12-15,가락도매,13875
양파,2021-12-15,평균,13875
양파,2021-12-15,평년,15350
양파,2021-12-16,가락도매,13875
양파,2021-12-16,평균,13875
양파,2021-12-16,평년,15350
양파,2021-12-17,가락도매,13875
양파,2021-12-17,평균,13875
양파,2021-12-17,평년,15263
양파,2021-12-20,가락도매,13875
양파,2021-12-20,평균,13875
양파,2021-12-20,평년,15000
양파,2021-12-21,가락도매,13875
양파,2021-12-21,평균,13875
양파,2021-12-21,평년,14963
양파,2021-12-22,가락도매,13875
양파,2021-12-22,평균,13875
양파,2021-12-22,평년,15013
양파,2021-12-23,가락도매,13875
양파,2021-12-23,평균,13875
양파,2021-12-23,평년,15125
양파,2021-12-24,가락도매,13875
양파,2021-12-24,평균,13875
양파,2021-12-24,평년,15275
양파,2021-12-27,가락도매,13875
양파,2021-12-27,평균,13875
양파,2021-12-27,평년,15400
양파,2021-12-28,가락도매,13875
양파,2021-12-28,평균,13875
양파,2021-12-28,평년,15438
양파,2021-12-29,가락도매,13875
양파,2021-12-29,평균,13875
양파,2021-12-29,평년,15438
양파,2021-12-30,가락도매,13875
양파,2021-12-30,평균,13875
양파,2021-12-30,평년,15500
양파,2021-12-31,가락도매,13875
양파,2021-12-31,평균,13875
양파,2021-12-31,평년,15613
양파,2022-01-03,가락도매,13875
양파,2022-01-03,평균,13875
양파,2022-01-03,평년,16150
양파,2022-01-04,가락도매,13875
양파,2022-01-04,평균,13875
양파,2022-01-04,평년,16388
양파,2022-01-05,가락도매,13350
양파,2022-01-05,평균,13350
양파,2022-01-05,평년,16588
양파,2022-01-06,가락도매,13350
양파,2022-01-06,평균,13350
양파,2022-01-06,평년,16850
양파,2022-01-07,가락도매,12825
양파,2022-01-07,평균,12825
양파,2022-01-07,평년,17125
양파,2022-01-10,가락도매,12225
양파,2022-01-10,평균,12225
양파,2022-01-10,평년,17450
양파,2022-01-11,가락도매,12225
양파,2022-01-11,평균,12225
양파,2022-01-11,평년,17400
양파,2022-01-12,가락도매,12225
양파,2022-01-12,평균,12225
양파,2022-01-12,평년,17300
양파,2022-01-13,가락도매,12225
양파,2022-01-13,평균,12225
양파,2022-01-13,평년,17300
양파,2022-01-14,가락도매,10350
양파,2022-01-14,평균,10350
양파,2022-01-14,평년,17250
양파,2022-01-17,가락도매,10350
양파,2022-01-17,평균,10350
양파,2022-01-17,평년,17300
양파,2022-01-18,가락도매,10350
양파,2022-01-18,평균,10350
양파,2022-01-18,평년,17350
양파,2022-01-19,가락도매,10350
양파,2022-01-19,평균,10350
양파,2022-01-19,평년,17400
양파,2022-01-20,가락도매,10350
양파,2022-01-20,평균,10350
양파,2022-01-20,평년,17375
양파,2022-01-21,가락도매,10350
양파,2022-01-21,평균,10350
양파,2022-01-21,평년,17375
양파,2022-01-24,가락도매,10350
양파,2022-01-24,평균,10350
양파,2022-01-24,평년,17350
양파,2022-01-25,가락도매,10350
양파,2022-01-25,평균,10350
양파,2022-01-25,평년,17450
양파,2022-01-26,가락도매,10350
양파,2022-01-26,평균,10350
양파,2022-01-26,평년,17550
양파,2022-01-27,가락도매,10350
양파,2022-01-27,평균,10350
양파,2022-01-27,평년,17625
양파,2022-01-28,가락도매,10350
양파,2022-01-28,평균,10350
양파,2022-01-28,평년,17625
양파,2022-02-03,가락도매,10350
양파,2022-02-03,평균,10350
양파,2022-02-03,평년,18025
양파,2022-02-04,가락도매,10350
양파,2022-02-04,평균,10350
양파,2022-02-04,평년,18125
양파,2022-02-07,가락도매,10350
양파,2022-02-07,평균,10350
양파,2022-02-07,평년,17900
양파,2022-02-08,가락도매,10350
양파,2022-02-08,평균,10350
양파,2022-02-08,평년,17775
양파,2022-02-09,가락도매,10350
양파,2022-02-09,평균,10350
양파,2022-02-09,평년,17675
양파,2022-02-10,가락도매,10350
양파,2022-02-10,평균,10350
양파,2022-02-10,평년,17600
양파,2022-02-11,가락도매,10350
양파,2022-02-11,평균,10350
양파,2022-02-11,평년,17550
양파,2022-02-14,가락도매,10350
양파,2022-02-14,평균,10350
양파,2022-02-14,평년,17600
양파,2022-02-15,가락도매,10500
양파,2022-02-15,평균,10500
양파,2022-02-15,평년,17613
양파,2022-02-16,가락도매,10500
양파,2022-02-16,평균,10500
양파,2022-02-16,평년,17513
양파,2022-02-17,가락도매,9825
양파,2022-02-17,평균,9825
양파,2022-02-17,평년,17525
양파,2022-02-18,가락도매,9375
양파,2022-02-18,평균,9375
양파,2022-02-18,평년,17625
양파,2022-02-21,가락도매,9375
양파,2022-02-21,평균,9375
양파,2022-02-21,평년,18900
양파,2022-02-22,가락도매,9375
양파,2022-02-22,평균,9375
양파,2022-02-22,평년,19125
양파,2022-02-23,가락도매,8625
양파,2022-02-23,평균,8625
양파,2022-02-23,평년,19125
양파,2022-02-24,가락도매,8625
양파,2022-02-24,평균,8625
양파,2022-02-24,평년,19400
양파,2022-02-25,가락도매,8625
양파,2022-02-25,평균,8625
양파,2022-02-25,평년,19900
양파,2022-02-28,가락도매,8625
양파,2022-02-28,평균,8625
양파,2022-02-28,평년,19650
양파,2022-03-02,가락도매,9000
양파,2022-03-02,평균,9000
양파,2022-03-02,평년,19150
양파,2022-03-03,가락도매,9000
양파,2022-03-03,평균,9000
양파,2022-03-03,평년,18575
양파,2022-03-04,가락도매,9000
양파,2022-03-04,평균,9000
양파,2022-03-04,평년,18075
양파,2022-03-07,가락도매,9000
양파,2022-03-07,평균,9000
양파,2022-03-07,평년,17275
양파,2022-03-08,가락도매,9000
양파,2022-03-08,평균,9000
양파,2022-03-08,평년,17175
양파,2022-03-10,가락도매,9000
양파,2022-03-10,평균,9000
양파,2022-03-10,평년,17375
양파,2022-03-11,가락도매,8700
양파,2022-03-11,평균,8700
양파,2022-03-11,평년,17575
양파,2022-03-14,가락도매,10125
양파,2022-03-14,평균,10125
양파,2022-03-14,평년,17375
양파,2022-03-15,가락도매,10125
양파,2022-03-15,평균,10125
양파,2022-03-15,평년,17375
양파,2022-03-16,가락도매,10125
양파,2022-03-16,평균,10125
양파,2022-03-16,평년,17200
양파,2022-03-17,가락도매,10125
양파,2022-03-17,평균,10125
양파,2022-03-17,평년,16850
양파,2022-03-18,가락도매,9225
양파,2022-03-18,평균,9225
양파,2022-03-18,평년,16450
양파,2022-03-21,가락도매,8625
양파,2022-03-21,평균,8625
양파,2022-03-21,평년,15988
양파,2022-03-22,가락도매,8625
양파,2022-03-22,평균,8625
양파,2022-03-22,평년,16088
양파,2022-03-23,가락도매,8625
양파,2022-03-23,평균,8625
양파,2022-03-23,평년,16150
양파,2022-03-24,가락도매,8625
양파,2022-03-24,평균,8625
양파,2022-03-24,평년,16375
양파,2022-03-25,가락도매,8625
양파,2022-03-25,평균,8625
양파,2022-03-25,평년,16588
양파,2022-03-28,가락도매,8625
양파,2022-03-28,평균,8625
양파,2022-03-28,평년,17663
양파,2022-03-29,가락도매,9975
양파,2022-03-29,평균,9975
양파,2022-03-29,평년,17843
양파,2022-03-30,가락도매,9975
양파,2022-03-30,평균,9975
양파,2022-03-30,평년,17483
양파,2022-03-31,가락도매,9975
양파,2022-03-31,평균,9975
양파,2022-03-31,평년,17358
양파,2022-04-01,가락도매,9975
양파,2022-04-01,평균,9975
양파,2022-04-01,평년,17275
양파,2022-04-04,가락도매,8370
양파,2022-04-04,평균,8370
양파,2022-04-04,평년,16775
양파,2022-04-05,가락도매,7950
양파,2022-04-05,평균,7950
양파,2022-04-05,평년,16875
양파,2022-04-06,가락도매,7620
양파,2022-04-06,평균,7620
양파,2022-04-06,평년,16925
양파,2022-04-07,가락도매,7750
양파,2022-04-07,평균,7750
양파,2022-04-07,평년,16738
양파,2022-04-08,가락도매,7750
양파,2022-04-08,평균,7750
양파,2022-04-08,평년,16581
양파,2022-04-11,가락도매,7750
양파,2022-04-11,평균,7750
양파,2022-04-11,평년,16725
양파,2022-04-12,가락도매,7750
양파,2022-04-12,평균,7750
양파,2022-04-12,평년,16475
양파,2022-04-13,가락도매,6500
양파,2022-04-13,평균,6500
양파,2022-04-13,평년,16200
양파,2022-04-14,가락도매,6500
양파,2022-04-14,평균,6500
양파,2022-04-14,평년,16150
양파,2022-04-15,가락도매,6500
양파,2022-04-15,평균,6500
양파,2022-04-15,평년,16010
양파,2022-04-18,가락도매,6500
양파,2022-04-18,평균,6500
양파,2022-04-18,평년,15219
양파,2022-04-20,가락도매,12800
양파,2022-04-20,평균,12800
양파,2022-04-20,평년,14205
양파,2022-04-21,가락도매,12800
양파,2022-04-21,평균,12800
양파,2022-04-21,평년,13830
양파,2022-04-22,가락도매,12800
양파,2022-04-22,평균,12800
양파,2022-04-22,평년,13525
양파,2022-04-25,가락도매,12800
양파,2022-04-25,평균,12800
양파,2022-04-25,평년,14113
양파,2022-04-26,가락도매,13400
양파,2022-04-26,평균,13400
양파,2022-04-26,평년,14175
양파,2022-04-27,가락도매,13400
양파,2022-04-27,평균,13400
양파,2022-04-27,평년,14005
양파,2022-04-28,가락도매,13400
양파,2022-04-28,평균,13400
양파,2022-04-28,평년,13825
양파,2022-04-29,가락도매,13400
양파,2022-04-29,평균,13400
양파,2022-04-29,평년,13763
양파,2022-05-02,가락도매,13400
양파,2022-05-02,평균,13400
양파,2022-05-02,평년,14038
양파,2022-05-03,가락도매,13100
양파,2022-05-03,평균,13100
양파,2022-05-03,평년,14000
양파,2022-05-04,가락도매,12300
양파,2022-05-04,평균,12300
양파,2022-05-04,평년,14150
양파,2022-05-06,가락도매,12300
양파,2022-05-06,평균,12300
양파,2022-05-06,평년,14063
양파,2022-05-09,가락도매,11100
양파,2022-05-09,평균,11100
양파,2022-05-09,평년,13075
양파,2022-05-10,가락도매,9660
양파,2022-05-10,평균,9660
양파,2022-05-10,평년,12585
양파,2022-05-11,가락도매,9660
양파,2022-05-11,평균,9660
양파,2022-05-11,평년,12380
양파,2022-05-12,가락도매,9660
양파,2022-05-12,평균,9660
양파,2022-05-12,평년,12425
양파,2022-05-13,가락도매,9660
양파,2022-05-13,평균,9660
양파,2022-05-13,평년,12550
양파,2022-05-16,가락도매,9660
양파,2022-05-16,평균,9660
양파,2022-05-16,평년,11956
양파,2022-05-17,가락도매,11000
양파,2022-05-17,평균,11000
양파,2022-05-17,평년,11600
양파,2022-05-18,가락도매,11000
양파,2022-05-18,평균,11000
양파,2022-05-18,평년,11525
양파,2022-05-19,가락도매,10700
양파,2022-05-19,평균,10700
양파,2022-05-19,평년,11500
양파,2022-05-20,가락도매,10700
양파,2022-05-20,평균,10700
양파,2022-05-20,평년,11505
양파,2022-05-23,가락도매,10700
양파,2022-05-23,평균,10700
양파,2022-05-23,평년,11300
양파,2022-05-24,가락도매,11100
양파,2022-05-24,평균,11100
양파,2022-05-24,평년,11203
양파,2022-05-25,가락도매,11100
양파,2022-05-25,평균,11100
양파,2022-05-25,평년,11145
양파,2022-05-26,가락도매,11100
양파,2022-05-26,평균,11100
양파,2022-05-26,평년,10988
양파,2022-05-27,가락도매,11100
양파,2022-05-27,평균,11100
양파,2022-05-27,평년,10858
양파,2022-05-30,가락도매,14900
양파,2022-05-30,평균,14900
양파,2022-05-30,평년,10325
양파,2022-05-31,가락도매,17200
양파,2022-05-31,평균,17200
양파,2022-05-31,평년,10310
양파,2022-06-02,가락도매,18600
양파,2022-06-02,평균,18600
양파,2022-06-02,평년,10075
양파,2022-06-03,가락도매,19300
양파,2022-06-03,평균,19300
양파,2022-06-03,평년,9965
양파,2022-06-07,가락도매,20100
양파,2022-06-07,평균,20100
양파,2022-06-07,평년,10105
양파,2022-06-08,가락도매,20100
양파,2022-06-08,평균,20100
양파,2022-06-08,평년,10355
양파,2022-06-09,가락도매,20400
양파,2022-06-09,평균,20400
양파,2022-06-09,평년,10510
양파,2022-06-10,가락도매,19800
양파,2022-06-10,평균,19800
양파,2022-06-10,평년,10585
양파,2022-06-13,가락도매,19800
양파,2022-06-13,평균,19800
양파,2022-06-13,평년,11494
양파,2022-06-14,가락도매,19800
양파,2022-06-14,평균,19800
양파,2022-06-14,평년,11545
양파,2022-06-15,가락도매,19800
양파,2022-06-15,평균,19800
양파,2022-06-15,평년,11820
양파,2022-06-16,가락도매,19800
양파,2022-06-16,평균,19800
양파,2022-06-16,평년,12118
양파,2022-06-17,가락도매,21800
양파,2022-06-17,평균,21800
양파,2022-06-17,평년,12403
양파,2022-06-20,가락도매,23500
양파,2022-06-20,평균,23500
양파,2022-06-20,평년,12300
양파,2022-06-21,가락도매,23500
양파,2022-06-21,평균,23500
양파,2022-06-21,평년,12215
양파,2022-06-22,가락도매,23500
양파,2022-06-22,평균,23500
양파,2022-06-22,평년,12180
양파,2022-06-23,가락도매,23500
양파,2022-06-23,평균,23500
양파,2022-06-23,평년,12220
양파,2022-06-24,가락도매,23300
양파,2022-06-24,평균,23300
양파,2022-06-24,평년,12275
양파,2022-06-27,가락도매,23300
양파,2022-06-27,평균,23300
양파,2022-06-27,평년,12194
양파,2022-06-28,가락도매,23300
양파,2022-06-28,평균,23300
양파,2022-06-28,평년,12230
양파,2022-06-29,가락도매,22300
양파,2022-06-29,평균,22300
양파,2022-06-29,평년,12145
양파,2022-06-30,가락도매,21500
양파,2022-06-30,평균,21500
양파,2022-06-30,평년,11945
양파,2022-07-01,가락도매,21500
양파,2022-07-01,평균,21500
양파,2022-07-01,평년,11730
양파,2022-07-04,가락도매,21100
양파,2022-07-04,평균,21100
양파,2022-07-04,평년,11569
양파,2022-07-05,가락도매,21100
양파,2022-07-05,평균,21100
양파,2022-07-05,평년,11598
양파,2022-07-06,가락도매,24400
양파,2022-07-06,평균,24400
양파,2022-07-06,평년,11680
양파,2022-07-07,가락도매,24400
양파,2022-07-07,평균,24400
양파,2022-07-07,평년,11735
양파,2022-07-08,가락도매,24400
양파,2022-07-08,평균,24400
양파,2022-07-08,평년,11805
양파,2022-07-11,가락도매,22500
양파,2022-07-11,평균,22500
양파,2022-07-11,평년,11825
양파,2022-07-12,가락도매,22500
양파,2022-07-12,평균,22500
양파,2022-07-12,평년,11785
양파,2022-07-13,가락도매,22500
양파,2022-07-13,평균,22500
양파,2022-07-13,평년,11730
양파,2022-07-14,가락도매,22500
양파,2022-07-14,평균,22500
양파,2022-07-14,평년,11685
양파,2022-07-15,가락도매,22500
양파,2022-07-15,평균,22500
양파,2022-07-15,평년,11780
양파,2022-07-18,가락도매,22500
양파,2022-07-18,평균,22500
양파,2022-07-18,평년,11950
양파,2022-07-19,가락도매,22500
양파,2022-07-19,평균,22500
양파,2022-07-19,평년,11998
양파,2022-07-20,가락도매,22500
양파,2022-07-20,평균,22500
양파,2022-07-20,평년,12045
양파,2022-07-21,가락도매,22800
양파,2022-07-21,평균,22800
양파,2022-07-21,평년,12218
양파,2022-07-22,가락도매,21600
양파,2022-07-22,평균,21600
양파,2022-07-22,평년,12318
양파,2022-07-25,가락도매,21500
양파,2022-07-25,평균,21500
양파,2022-07-25,평년,12594
양파,2022-07-26,가락도매,21500
양파,2022-07-26,평균,21500
양파,2022-07-26,평년,12590
양파,2022-07-27,가락도매,21100
양파,2022-07-27,평균,21100
양파,2022-07-27,평년,12870
양파,2022-07-28,가락도매,21100
양파,2022-07-28,평균,21100
양파,2022-07-28,평년,13185
양파,2022-07-29,가락도매,21100
양파,2022-07-29,평균,21100
양파,2022-07-29,평년,13445
양파,2022-08-01,가락도매,21100
양파,2022-08-01,평균,21100
양파,2022-08-01,평년,13919
양파,2022-08-02,가락도매,21100
양파,2022-08-02,평균,21100
양파,2022-08-02,평년,14125
양파,2022-08-03,가락도매,21100
양파,2022-08-03,평균,21100
양파,2022-08-03,평년,14360
양파,2022-08-04,가락도매,21100
양파,2022-08-04,평균,21100
양파,2022-08-04,평년,14510
양파,2022-08-05,가락도매,24600
양파,2022-08-05,평균,24600
양파,2022-08-05,평년,14585
양파,2022-08-08,가락도매,24100
양파,2022-08-08,평균,24100
양파,2022-08-08,평년,14950
양파,2022-08-09,가락도매,24100
양파,2022-08-09,평균,24100
양파,2022-08-09,평년,14915
양파,2022-08-10,가락도매,24100
양파,2022-08-10,평균,24100
양파,2022-08-10,평년,14880
양파,2022-08-11,가락도매,24100
양파,2022-08-11,평균,24100
양파,2022-08-11,평년,14885
양파,2022-08-12,가락도매,24100
양파,2022-08-12,평균,24100
양파,2022-08-12,평년,14890
양파,2022-08-16,가락도매,24100
양파,2022-08-16,평균,24100
양파,2022-08-16,평년,14975
양파,2022-08-17,가락도매,24100
양파,2022-08-17,평균,24100
양파,2022-08-17,평년,14995
양파,2022-08-18,가락도매,24100
양파,2022-08-18,평균,24100
양파,2022-08-18,평년,15015
양파,2022-08-19,가락도매,24100
양파,2022-08-19,평균,24100
양파,2022-08-19,평년,15035
양파,2022-08-22,가락도매,23000
양파,2022-08-22,평균,23000
양파,2022-08-22,평년,15075
양파,2022-08-23,가락도매,23000
양파,2022-08-23,평균,23000
양파,2022-08-23,평년,15055
양파,2022-08-24,가락도매,22600
양파,2022-08-24,평균,22600
양파,2022-08-24,평년,15035
양파,2022-08-25,가락도매,22600
양파,2022-08-25,평균,22600
양파,2022-08-25,평년,15015
양파,2022-08-26,가락도매,22300
양파,2022-08-26,평균,22300
양파,2022-08-26,평년,14995
양파,2022-08-29,가락도매,22300
양파,2022-08-29,평균,22300
양파,2022-08-29,평년,15025
양파,2022-08-30,가락도매,22000
양파,2022-08-30,평균,22000
양파,2022-08-30,평년,15025
양파,2022-08-31,가락도매,22000
양파,2022-08-31,평균,22000
양파,2022-08-31,평년,15115
양파,2022-09-01,가락도매,22000
양파,2022-09-01,평균,22000
양파,2022-09-01,평년,15210
양파,2022-09-02,가락도매,22000
양파,2022-09-02,평균,22000
양파,2022-09-02,평년,15330
양파,2022-09-05,가락도매,22000
양파,2022-09-05,평균,22000
양파,2022-09-05,평년,15575
양파,2022-09-06,가락도매,22000
양파,2022-09-06,평균,22000
양파,2022-09-06,평년,15575
양파,2022-09-07,가락도매,25500
양파,2022-09-07,평균,25500
양파,2022-09-07,평년,15595
양파,2022-09-08,가락도매,24300
양파,2022-09-08,평균,24300
양파,2022-09-08,평년,15635
양파,2022-09-13,가락도매,22100
양파,2022-09-13,평균,22100
양파,2022-09-13,평년,15738
양파,2022-09-14,가락도매,22100
양파,2022-09-14,평균,22100
양파,2022-09-14,평년,15715
양파,2022-09-15,가락도매,22800
양파,2022-09-15,평균,22800
양파,2022-09-15,평년,15685
양파,2022-09-16,가락도매,22000
양파,2022-09-16,평균,22000
양파,2022-09-16,평년,15655
양파,2022-09-19,가락도매,22000
양파,2022-09-19,평균,22000
양파,2022-09-19,평년,15263
양파,2022-09-20,가락도매,22000
양파,2022-09-20,평균,22000
양파,2022-09-20,평년,15113
양파,2022-09-21,가락도매,22000
양파,2022-09-21,평균,22000
양파,2022-09-21,평년,15013
양파,2022-09-22,가락도매,22000
양파,2022-09-22,평균,22000
양파,2022-09-22,평년,15013
양파,2022-09-23,가락도매,22000
양파,2022-09-23,평균,22000
양파,2022-09-23,평년,14963
양파,2022-09-26,가락도매,22000
양파,2022-09-26,평균,22000
양파,2022-09-26,평년,14838
양파,2022-09-27,가락도매,22000
양파,2022-09-27,평균,22000
양파,2022-09-27,평년,14755
양파,2022-09-28,가락도매,22000
양파,2022-09-28,평균,22000
양파,2022-09-28,평년,14405
양파,2022-09-29,가락도매,22400
양파,2022-09-29,평균,22400
양파,2022-09-29,평년,14105
양파,2022-09-30,가락도매,22400
양파,2022-09-30,평균,22400
양파,2022-09-30,평년,13880
양파,2022-10-04,가락도매,22800
양파,2022-10-04,평균,22800
양파,2022-10-04,평년,13769
양파,2022-10-05,가락도매,22800
양파,2022-10-05,평균,22800
양파,2022-10-05,평년,13780
양파,2022-10-06,가락도매,22800
양파,2022-10-06,평균,22800
양파,2022-10-06,평년,13795
양파,2022-10-07,가락도매,22800
양파,2022-10-07,평균,22800
양파,2022-10-07,평년,13820
양파,2022-10-11,가락도매,22800
양파,2022-10-11,평균,22800
양파,2022-10-11,평년,13925
양파,2022-10-12,가락도매,22800
양파,2022-10-12,평균,22800
양파,2022-10-12,평년,13930
양파,2022-10-13,가락도매,23800
양파,2022-10-13,평균,23800
양파,2022-10-13,평년,14090
양파,2022-10-14,가락도매,23800
양파,2022-10-14,평균,23800
양파,2022-10-14,평년,14250
양파,2022-10-17,가락도매,23800
양파,2022-10-17,평균,23800
양파,2022-10-17,평년,14450
양파,2022-10-18,가락도매,22800
양파,2022-10-18,평균,22800
양파,2022-10-18,평년,14550
양파,2022-10-19,가락도매,22800
양파,2022-10-19,평균,22800
양파,2022-10-19,평년,14625
양파,2022-10-20,가락도매,22600
양파,2022-10-20,평균,22600
양파,2022-10-20,평년,14613
양파,2022-10-21,가락도매,22600
양파,2022-10-21,평균,22600
양파,2022-10-21,평년,14638
양파,2022-10-24,가락도매,22600
양파,2022-10-24,평균,22600
양파,2022-10-24,평년,14450
양파,2022-10-25,가락도매,22600
양파,2022-10-25,평균,22600
양파,2022-10-25,평년,14350
양파,2022-10-26,가락도매,22600
양파,2022-10-26,평균,22600
양파,2022-10-26,평년,14350
양파,2022-10-27,가락도매,22600
양파,2022-10-27,평균,22600
양파,2022-10-27,평년,14325
양파,2022-10-28,가락도매,22600
양파,2022-10-28,평균,22600
양파,2022-10-28,평년,14350
양파,2022-10-31,가락도매,22600
양파,2022-10-31,평균,22600
양파,2022-10-31,평년,14600
양파,2022-11-01,가락도매,22600
양파,2022-11-01,평균,22600
양파,2022-11-01,평년,14650
양파,2022-11-02,가락도매,22600
양파,2022-11-02,평균,22600
양파,2022-11-02,평년,14850
양파,2022-11-03,가락도매,22600
양파,2022-11-03,평균,22600
양파,2022-11-03,평년,14975
양파,2022-11-04,가락도매,22600
양파,2022-11-04,평균,22600
양파,2022-11-04,평년,15000
양파,2022-11-07,가락도매,22600
양파,2022-11-07,평균,22600
양파,2022-11-07,평년,15300
양파,2022-11-08,가락도매,22600
양파,2022-11-08,평균,22600
양파,2022-11-08,평년,15400
양파,2022-11-09,가락도매,22600
양파,2022-11-09,평균,22600
양파,2022-11-09,평년,15350
양파,2022-11-10,가락도매,22600
양파,2022-11-10,평균,22600
양파,2022-11-10,평년,15213
양파,2022-11-11,가락도매,22600
양파,2022-11-11,평균,22600
양파,2022-11-11,평년,15188
양파,2022-11-14,가락도매,22600
양파,2022-11-14,평균,22600
양파,2022-11-14,평년,14900
양파,2022-11-15,가락도매,22600
양파,2022-11-15,평균,22600
양파,2022-11-15,평년,14750
양파,2022-11-16,가락도매,22600
양파,2022-11-16,평균,22600
양파,2022-11-16,평년,14750
양파,2022-11-17,가락도매,22600
양파,2022-11-17,평균,22600
양파,2022-11-17,평년,14825
양파,2022-11-18,가락도매,22600
양파,2022-11-18,평균,22600
양파,2022-11-18,평년,14875
양파,2022-11-21,가락도매,22600
양파,2022-11-21,평균,22600
양파,2022-11-21,평년,15150
양파,2022-11-22,가락도매,22600
양파,2022-11-22,평균,22600
양파,2022-11-22,평년,15175
양파,2022-11-23,가락도매,22600
양파,2022-11-23,평균,22600
양파,2022-11-23,평년,15138
양파,2022-11-24,가락도매,22600
양파,2022-11-24,평균,22600
양파,2022-11-24,평년,15113
양파,2022-11-25,가락도매,22600
양파,2022-11-25,평균,22600
양파,2022-11-25,평년,15050
양파,2022-11-28,가락도매,22600
양파,2022-11-28,평균,22600
양파,2022-11-28,평년,15125
양파,2022-11-29,가락도매,22600
양파,2022-11-29,평균,22600
양파,2022-11-29,평년,15275
양파,2022-11-30,가락도매,22600
양파,2022-11-30,평균,22600
양파,2022-11-30,평년,15325
양파,2022-12-01,가락도매,22600
양파,2022-12-01,평균,22600
양파,2022-12-01,평년,15263
양파,2022-12-05,가락도매,22600
양파,2022-12-05,평균,22600
양파,2022-12-05,평년,15500
양파,2022-12-06,가락도매,22600
양파,2022-12-06,평균,22600
양파,2022-12-06,평년,15463
양파,2022-12-07,가락도매,22600
양파,2022-12-07,평균,22600
양파,2022-12-07,평년,15338
양파,2022-12-08,가락도매,22600
양파,2022-12-08,평균,22600
양파,2022-12-08,평년,15263
양파,2022-12-09,가락도매,22600
양파,2022-12-09,평균,22600
양파,2022-12-09,평년,15200
양파,2022-12-12,가락도매,22600
양파,2022-12-12,평균,22600
양파,2022-12-12,평년,15019
양파,2022-12-13,가락도매,22600
양파,2022-12-13,평균,22600
양파,2022-12-13,평년,14950
양파,2022-12-14,가락도매,22600
양파,2022-12-14,평균,22600
양파,2022-12-14,평년,14925
양파,2022-12-15,가락도매,22600
양파,2022-12-15,평균,22600
양파,2022-12-15,평년,14900
양파,2022-12-16,가락도매,22600
양파,2022-12-16,평균,22600
양파,2022-12-16,평년,14875
양파,2022-12-19,가락도매,22600
양파,2022-12-19,평균,22600
양파,2022-12-19,평년,14625
양파,2022-12-20,가락도매,22600
양파,2022-12-20,평균,22600
양파,2022-12-20,평년,14525
양파,2022-12-21,가락도매,22600
양파,2022-12-21,평균,22600
양파,2022-12-21,평년,14388
양파,2022-12-22,가락도매,22600
양파,2022-12-22,평균,22600
양파,2022-12-22,평년,14338
양파,2022-12-23,가락도매,22600
양파,2022-12-23,평균,22600
양파,2022-12-23,평년,14350
양파,2022-12-26,가락도매,22600
양파,2022-12-26,평균,22600
양파,2022-12-26,평년,14475
양파,2022-12-27,가락도매,22600
양파,2022-12-27,평균,22600
양파,2022-12-27,평년,14525
양파,2022-12-28,가락도매,22600
양파,2022-12-28,평균,22600
양파,2022-12-28,평년,14563
양파,2022-12-29,가락도매,22600
양파,2022-12-29,평균,22600
양파,2022-12-29,평년,14563
양파,2022-12-30,가락도매,22600
양파,2022-12-30,평균,22600
양파,2022-12-30,평년,14575
양파,2023-01-02,가락도매,22600
양파,2023-01-02,평균,22600
양파,2023-01-02,평년,14775
양파,2023-01-03,가락도매,22600
양파,2023-01-03,평균,22600
양파,2023-01-03,평년,14940
양파,2023-01-04,가락도매,22600
양파,2023-01-04,평균,22600
양파,2023-01-04,평년,14993
양파,2023-01-05,가락도매,22600
양파,2023-01-05,평균,22600
양파,2023-01-05,평년,14923
양파,2023-01-06,가락도매,22600
양파,2023-01-06,평균,22600
양파,2023-01-06,평년,14925
양파,2023-01-09,가락도매,22600
양파,2023-01-09,평균,22600
양파,2023-01-09,평년,15219
양파,2023-01-10,가락도매,22600
양파,2023-01-10,평균,22600
양파,2023-01-10,평년,15190
양파,2023-01-11,가락도매,22600
양파,2023-01-11,평균,22600
양파,2023-01-11,평년,15115
양파,2023-01-12,가락도매,22600
양파,2023-01-12,평균,22600
양파,2023-01-12,평년,14950
양파,2023-01-13,가락도매,22600
양파,2023-01-13,평균,22600
양파,2023-01-13,평년,14825
양파,2023-01-16,가락도매,22600
양파,2023-01-16,평균,22600
양파,2023-01-16,평년,14606
양파,2023-01-17,가락도매,22600
양파,2023-01-17,평균,22600
양파,2023-01-17,평년,14575
양파,2023-01-18,가락도매,22600
양파,2023-01-18,평균,22600
양파,2023-01-18,평년,14400
양파,2023-01-19,가락도매,22600
양파,2023-01-19,평균,22600
양파,2023-01-19,평년,14350
양파,2023-01-20,가락도매,22600
양파,2023-01-20,평균,22600
양파,2023-01-20,평년,14325
양파,2023-01-25,가락도매,22600
양파,2023-01-25,평균,22600
양파,2023-01-25,평년,14400
양파,2023-01-26,가락도매,22600
양파,2023-01-26,평균,22600
양파,2023-01-26,평년,14500
양파,2023-01-27,가락도매,22600
양파,2023-01-27,평균,22600
양파,2023-01-27,평년,14575
양파,2023-01-30,가락도매,22600
양파,2023-01-30,평균,22600
양파,2023-01-30,평년,14700
양파,2023-01-31,가락도매,22600
양파,2023-01-31,평균,22600
양파,2023-01-31,평년,14700
양파,2023-02-01,가락도매,22600
양파,2023-02-01,평균,22600
양파,2023-02-01,평년,14650
양파,2023-02-02,가락도매,22600
양파,2023-02-02,평균,22600
양파,2023-02-02,평년,14600
양파,2023-02-03,가락도매,22600
양파,2023-02-03,평균,22600
양파,2023-02-03,평년,14575
양파,2023-02-06,가락도매,22600
양파,2023-02-06,평균,22600
양파,2023-02-06,평년,14450
양파,2023-02-07,가락도매,22600
양파,2023-02-07,평균,22600
양파,2023-02-07,평년,14350
양파,2023-02-08,가락도매,22600
양파,2023-02-08,평균,22600
양파,2023-02-08,평년,14225
양파,2023-02-09,가락도매,22600
양파,2023-02-09,평균,22600
양파,2023-02-09,평년,14125
양파,2023-02-10,가락도매,22600
양파,2023-02-10,평균,22600
양파,2023-02-10,평년,14050
양파,2023-02-13,가락도매,22600
양파,2023-02-13,평균,22600
양파,2023-02-13,평년,14113
양파,2023-02-14,가락도매,22600
양파,2023-02-14,평균,22600
양파,2023-02-14,평년,14170
양파,2023-02-15,가락도매,22600
양파,2023-02-15,평균,22600
양파,2023-02-15,평년,14248
양파,2023-02-16,가락도매,23300
양파,2023-02-16,평균,23300
양파,2023-02-16,평년,14183
양파,2023-02-17,가락도매,23300
양파,2023-02-17,평균,23300
양파,2023-02-17,평년,14230
양파,2023-02-20,가락도매,23600
양파,2023-02-20,평균,23600
양파,2023-02-20,평년,14913
양파,2023-02-21,가락도매,23600
양파,2023-02-21,평균,23600
양파,2023-02-21,평년,15305
양파,2023-02-22,가락도매,23600
양파,2023-02-22,평균,23600
양파,2023-02-22,평년,15350
양파,2023-02-23,가락도매,24300
양파,2023-02-23,평균,24300
양파,2023-02-23,평년,15200
양파,2023-02-24,가락도매,24300
양파,2023-02-24,평균,24300
양파,2023-02-24,평년,15338
양파,2023-02-27,가락도매,24300
양파,2023-02-27,평균,24300
양파,2023-02-27,평년,16006
양파,2023-02-28,가락도매,24300
양파,2023-02-28,평균,24300
양파,2023-02-28,평년,15575
양파,2023-03-02,가락도매,27600
양파,2023-03-02,평균,27600
양파,2023-03-02,평년,15100
양파,2023-03-03,가락도매,28800
양파,2023-03-03,평균,28800
양파,2023-03-03,평년,14550
양파,2023-03-06,가락도매,28800
양파,2023-03-06,평균,28800
양파,2023-03-06,평년,13650
양파,2023-03-07,가락도매,28800
양파,2023-03-07,평균,28800
양파,2023-03-07,평년,13475
양파,2023-03-08,가락도매,28800
양파,2023-03-08,평균,28800
양파,2023-03-08,평년,13425
양파,2023-03-09,가락도매,28800
양파,2023-03-09,평균,28800
양파,2023-03-09,평년,13550
양파,2023-03-10,가락도매,28800
양파,2023-03-10,평균,28800
양파,2023-03-10,평년,13625
양파,2023-03-13,가락도매,28800
양파,2023-03-13,평균,28800
양파,2023-03-13,평년,13750
양파,2023-03-14,가락도매,28800
양파,2023-03-14,평균,28800
양파,2023-03-14,평년,13625
양파,2023-03-15,가락도매,28800
양파,2023-03-15,평균,28800
양파,2023-03-15,평년,13655
양파,2023-03-16,가락도매,28800
양파,2023-03-16,평균,28800
양파,2023-03-16,평년,13515
양파,2023-03-17,가락도매,25000
양파,2023-03-17,평균,25000
양파,2023-03-17,평년,13100
양파,2023-03-20,가락도매,23600
양파,2023-03-20,평균,23600
양파,2023-03-20,평년,12300
양파,2023-03-21,가락도매,23300
양파,2023-03-21,평균,23300
양파,2023-03-21,평년,12238
양파,2023-03-22,가락도매,23300
양파,2023-03-22,평균,23300
양파,2023-03-22,평년,12288
양파,2023-03-23,가락도매,23300
양파,2023-03-23,평균,23300
양파,2023-03-23,평년,12175
양파,2023-03-24,가락도매,26500
양파,2023-03-24,평균,26500
양파,2023-03-24,평년,12100
양파,2023-03-27,가락도매,26500
양파,2023-03-27,평균,26500
양파,2023-03-27,평년,12700
양파,2023-03-28,가락도매,27300
양파,2023-03-28,평균,27300
양파,2023-03-28,평년,12863
양파,2023-03-29,가락도매,27300
양파,2023-03-29,평균,27300
양파,2023-03-29,평년,12913
양파,2023-03-30,가락도매,22800
양파,2023-03-30,평균,22800
양파,2023-03-30,평년,13088
양파,2023-03-31,가락도매,20800
양파,2023-03-31,평균,20800
양파,2023-03-31,평년,13263
양파,2023-04-03,가락도매,20800
양파,2023-04-03,평균,20800
양파,2023-04-03,평년,13200
양파,2023-04-04,가락도매,20800
양파,2023-04-04,평균,20800
양파,2023-04-04,평년,13063
양파,2023-04-05,가락도매,20800
양파,2023-04-05,평균,20800
양파,2023-04-05,평년,13063
양파,2023-04-14,가락도매,23100
양파,2023-04-14,평균,23100
양파,2023-04-14,평년,13550
양파,2023-04-17,가락도매,23100
양파,2023-04-17,평균,23100
양파,2023-04-17,평년,13119
양파,2023-04-18,가락도매,20000
양파,2023-04-18,평균,20000
양파,2023-04-18,평년,13319
양파,2023-04-19,가락도매,20000
양파,2023-04-19,평균,20000
양파,2023-04-19,평년,13230
양파,2023-04-20,가락도매,18300
양파,2023-04-20,평균,18300
양파,2023-04-20,평년,13305
양파,2023-04-21,가락도매,17600
양파,2023-04-21,평균,17600
양파,2023-04-21,평년,13280
양파,2023-04-24,가락도매,16500
양파,2023-04-24,평균,16500
양파,2023-04-24,평년,13629
양파,2023-04-25,가락도매,16500
양파,2023-04-25,평균,16500
양파,2023-04-25,평년,13859
양파,2023-04-26,가락도매,15600
양파,2023-04-26,평균,15600
양파,2023-04-26,평년,14062
양파,2023-04-27,가락도매,13800
양파,2023-04-27,평균,13800
양파,2023-04-27,평년,13982
양파,2023-04-28,가락도매,13800
양파,2023-04-28,평균,13800
양파,2023-04-28,평년,13942
양파,2023-05-02,가락도매,14600
양파,2023-05-02,평균,14600
양파,2023-05-02,평년,14061
양파,2023-05-03,가락도매,16100
양파,2023-05-03,평균,16100
양파,2023-05-03,평년,13988
양파,2023-05-04,가락도매,16100
양파,2023-05-04,평균,16100
양파,2023-05-04,평년,13647
양파,2023-05-08,가락도매,23600
양파,2023-05-08,평균,23600
양파,2023-05-08,평년,12630
양파,2023-05-09,가락도매,23600
양파,2023-05-09,평균,23600
양파,2023-05-09,평년,11963
양파,2023-05-10,가락도매,19000
양파,2023-05-10,평균,19000
양파,2023-05-10,평년,11210
양파,2023-05-11,가락도매,19000
양파,2023-05-11,평균,19000
양파,2023-05-11,평년,10755
양파,2023-05-12,가락도매,18500
양파,2023-05-12,평균,18500
양파,2023-05-12,평년,10550
양파,2023-05-15,가락도매,18500
양파,2023-05-15,평균,18500
양파,2023-05-15,평년,10088
양파,2023-05-16,가락도매,18500
양파,2023-05-16,평균,18500
양파,2023-05-16,평년,10055
양파,2023-05-17,가락도매,18500
양파,2023-05-17,평균,18500
양파,2023-05-17,평년,10018
양파,2023-05-18,가락도매,18500
양파,2023-05-18,평균,18500
양파,2023-05-18,평년,10062
양파,2023-05-19,가락도매,18500
양파,2023-05-19,평균,18500
양파,2023-05-19,평년,10107
양파,2023-05-22,가락도매,18500
양파,2023-05-22,평균,18500
양파,2023-05-22,평년,10113
양파,2023-05-23,가락도매,18300
양파,2023-05-23,평균,18300
양파,2023-05-23,평년,10108
양파,2023-05-24,가락도매,18300
양파,2023-05-24,평균,18300
양파,2023-05-24,평년,10037
양파,2023-05-25,가락도매,18300
양파,2023-05-25,평균,18300
양파,2023-05-25,평년,10068
양파,2023-05-26,가락도매,19300
양파,2023-05-26,평균,19300
양파,2023-05-26,평년,10291
양파,2023-05-30,가락도매,19300
양파,2023-05-30,평균,19300
양파,2023-05-30,평년,10325
양파,2023-05-31,가락도매,19500
양파,2023-05-31,평균,19500
양파,2023-05-31,평년,10310
양파,2023-06-01,가락도매,19500
양파,2023-06-01,평균,19500
양파,2023-06-01,평년,10230
양파,2023-06-02,가락도매,22000
양파,2023-06-02,평균,22000
양파,2023-06-02,평년,10075
양파,2023-06-05,가락도매,22000
양파,2023-06-05,평균,22000
양파,2023-06-05,평년,10031
양파,2023-06-07,가락도매,22000
양파,2023-06-07,평균,22000
양파,2023-06-07,평년,10105
양파,2023-06-08,가락도매,18600
양파,2023-06-08,평균,18600
양파,2023-06-08,평년,10355
양파,2023-06-09,가락도매,18600
양파,2023-06-09,평균,18600
양파,2023-06-09,평년,10510
양파,2023-06-12,가락도매,18600
양파,2023-06-12,평균,18600
양파,2023-06-12,평년,11331
양파,2023-06-13,가락도매,18600
양파,2023-06-13,평균,18600
양파,2023-06-13,평년,11494
양파,2023-06-14,가락도매,18600
양파,2023-06-14,평균,18600
양파,2023-06-14,평년,11545
양파,2023-06-15,가락도매,18600
양파,2023-06-15,평균,18600
양파,2023-06-15,평년,11820
양파,2023-06-16,가락도매,18600
양파,2023-06-16,평균,18600
양파,2023-06-16,평년,12118
양파,2023-06-19,가락도매,18600
양파,2023-06-19,평균,18600
양파,2023-06-19,평년,12345
양파,2023-06-20,가락도매,18600
양파,2023-06-20,평균,18600
양파,2023-06-20,평년,12300
양파,2023-06-21,가락도매,18600
양파,2023-06-21,평균,18600
양파,2023-06-21,평년,12215
양파,2023-06-22,가락도매,18600
양파,2023-06-22,평균,18600
양파,2023-06-22,평년,12180
양파,2023-06-23,가락도매,18600
양파,2023-06-23,평균,18600
양파,2023-06-23,평년,12220
양파,2023-06-26,가락도매,18600
양파,2023-06-26,평균,18600
양파,2023-06-26,평년,12224
양파,2023-06-27,가락도매,18600
양파,2023-06-27,평균,18600
양파,2023-06-27,평년,12194
양파,2023-06-28,가락도매,18600
양파,2023-06-28,평균,18600
양파,2023-06-28,평년,12230
양파,2023-06-29,가락도매,18600
양파,2023-06-29,평균,18600
양파,2023-06-29,평년,12145
양파,2023-06-30,가락도매,18600
양파,2023-06-30,평균,18600
양파,2023-06-30,평년,11945
양파,2023-07-03,가락도매,18600
양파,2023-07-03,평균,18600
양파,2023-07-03,평년,11556
양파,2023-07-04,가락도매,17800
양파,2023-07-04,평균,17800
양파,2023-07-04,평년,11569
양파,2023-07-05,가락도매,17800
양파,2023-07-05,평균,17800
양파,2023-07-05,평년,11598
양파,2023-07-06,가락도매,17800
양파,2023-07-06,평균,17800
양파,2023-07-06,평년,11680
양파,2023-07-07,가락도매,17800
양파,2023-07-07,평균,17800
양파,2023-07-07,평년,11735
양파,2023-07-10,가락도매,17800
양파,2023-07-10,평균,17800
양파,2023-07-10,평년,11855
양파,2023-07-11,가락도매,22000
양파,2023-07-11,평균,22000
양파,2023-07-11,평년,11825
양파,2023-07-12,가락도매,22600
양파,2023-07-12,평균,22600
양파,2023-07-12,평년,11785
양파,2023-07-13,가락도매,22600
양파,2023-07-13,평균,22600
양파,2023-07-13,평년,11730
양파,2023-07-14,가락도매,22800
양파,2023-07-14,평균,22800
양파,2023-07-14,평년,11685
양파,2023-07-17,가락도매,22800
양파,2023-07-17,평균,22800
양파,2023-07-17,평년,11938
양파,2023-07-18,가락도매,22800
양파,2023-07-18,평균,22800
양파,2023-07-18,평년,11950
양파,2023-07-19,가락도매,22800
양파,2023-07-19,평균,22800
양파,2023-07-19,평년,11998
양파,2023-07-20,가락도매,22800
양파,2023-07-20,평균,22800
양파,2023-07-20,평년,12045
양파,2023-07-21,가락도매,22800
양파,2023-07-21,평균,22800
양파,2023-07-21,평년,12218
양파,2023-07-24,가락도매,23500
양파,2023-07-24,평균,23500
양파,2023-07-24,평년,12594
양파,2023-07-25,가락도매,22300
양파,2023-07-25,평균,22300
양파,2023-07-25,평년,12594
양파,2023-07-26,가락도매,22300
양파,2023-07-26,평균,22300
양파,2023-07-26,평년,12590
양파,2023-07-27,가락도매,20300
양파,2023-07-27,평균,20300
양파,2023-07-27,평년,12870
양파,2023-07-28,가락도매,20300
양파,2023-07-28,평균,20300
양파,2023-07-28,평년,13185
양파,2023-07-31,가락도매,20300
양파,2023-07-31,평균,20300
양파,2023-07-31,평년,13859
양파,2023-08-01,가락도매,20300
양파,2023-08-01,평균,20300
양파,2023-08-01,평년,13919
양파,2023-08-02,가락도매,20300
양파,2023-08-02,평균,20300
양파,2023-08-02,평년,14125
양파,2023-08-03,가락도매,20300
양파,2023-08-03,평균,20300
양파,2023-08-03,평년,14360
양파,2023-08-04,가락도매,20300
양파,2023-08-04,평균,20300
양파,2023-08-04,평년,14510
양파,2023-08-07,가락도매,20300
양파,2023-08-07,평균,20300
양파,2023-08-07,평년,14810
양파,2023-08-08,가락도매,20300
양파,2023-08-08,평균,20300
양파,2023-08-08,평년,14950
양파,2023-08-09,가락도매,22300
양파,2023-08-09,평균,22300
양파,2023-08-09,평년,14915
양파,2023-08-10,가락도매,23300
양파,2023-08-10,평균,23300
양파,2023-08-10,평년,14880
양파,2023-08-11,가락도매,23300
양파,2023-08-11,평균,23300
양파,2023-08-11,평년,14885
양파,2023-08-14,가락도매,23300
양파,2023-08-14,평균,23300
양파,2023-08-14,평년,14935
양파,2023-08-16,가락도매,23300
양파,2023-08-16,평균,23300
양파,2023-08-16,평년,14975
양파,2023-08-17,가락도매,23300
양파,2023-08-17,평균,23300
양파,2023-08-17,평년,14995
양파,2023-08-18,가락도매,23000
양파,2023-08-18,평균,23000
양파,2023-08-18,평년,15015
양파,2023-08-21,가락도매,23000
양파,2023-08-21,평균,23000
양파,2023-08-21,평년,15075
양파,2023-08-22,가락도매,22300
양파,2023-08-22,평균,22300
양파,2023-08-22,평년,15075
양파,2023-08-23,가락도매,21100
양파,2023-08-23,평균,21100
양파,2023-08-23,평년,15055
양파,2023-08-24,가락도매,21100
양파,2023-08-24,평균,21100
양파,2023-08-24,평년,15035
양파,2023-08-25,가락도매,21100
양파,2023-08-25,평균,21100
양파,2023-08-25,평년,15015
양파,2023-08-28,가락도매,21100
양파,2023-08-28,평균,21100
양파,2023-08-28,평년,15095
양파,2023-08-29,가락도매,21100
양파,2023-08-29,평균,21100
양파,2023-08-29,평년,15025
양파,2023-08-30,가락도매,21100
양파,2023-08-30,평균,21100
양파,2023-08-30,평년,15025
양파,2023-08-31,가락도매,21100
양파,2023-08-31,평균,21100
양파,2023-08-31,평년,15115
양파,2023-09-01,가락도매,21100
양파,2023-09-01,평균,21100
양파,2023-09-01,평년,15210
양파,2023-09-04,가락도매,21500
양파,2023-09-04,평균,21500
양파,2023-09-04,평년,15475
양파,2023-09-05,가락도매,21500
양파,2023-09-05,평균,21500
양파,2023-09-05,평년,15575
양파,2023-09-06,가락도매,21500
양파,2023-09-06,평균,21500
양파,2023-09-06,평년,15575
양파,2023-09-07,가락도매,21500
양파,2023-09-07,평균,21500
양파,2023-09-07,평년,15595
양파,2023-09-08,가락도매,21500
양파,2023-09-08,평균,21500
양파,2023-09-08,평년,15635
양파,2023-09-11,가락도매,20100
양파,2023-09-11,평균,20100
양파,2023-09-11,평년,15725
양파,2023-09-12,가락도매,20100
양파,2023-09-12,평균,20100
양파,2023-09-12,평년,15738
양파,2023-09-13,가락도매,19500
양파,2023-09-13,평균,19500
양파,2023-09-13,평년,15738
양파,2023-09-14,가락도매,19500
양파,2023-09-14,평균,19500
양파,2023-09-14,평년,15715
양파,2023-09-15,가락도매,19500
양파,2023-09-15,평균,19500
양파,2023-09-15,평년,15685
양파,2023-09-18,가락도매,19500
양파,2023-09-18,평균,19500
양파,2023-09-18,평년,15363
양파,2023-09-19,가락도매,19500
양파,2023-09-19,평균,19500
양파,2023-09-19,평년,15263
양파,2023-09-20,가락도매,19500
양파,2023-09-20,평균,19500
양파,2023-09-20,평년,15163
양파,2023-09-21,가락도매,19500
양파,2023-09-21,평균,19500
양파,2023-09-21,평년,15063
양파,2023-09-22,가락도매,19500
양파,2023-09-22,평균,19500
양파,2023-09-22,평년,15063
양파,2023-09-25,가락도매,19500
양파,2023-09-25,평균,19500
양파,2023-09-25,평년,14938
양파,2023-09-26,가락도매,19500
양파,2023-09-26,평균,19500
양파,2023-09-26,평년,14938
양파,2023-09-27,가락도매,19500
양파,2023-09-27,평균,19500
양파,2023-09-27,평년,14855
양파,2023-10-04,가락도매,19500
양파,2023-10-04,평균,19500
양파,2023-10-04,평년,14475
양파,2023-10-05,가락도매,20600
양파,2023-10-05,평균,20600
양파,2023-10-05,평년,14620
양파,2023-10-06,가락도매,21800
양파,2023-10-06,평균,21800
양파,2023-10-06,평년,14785
양파,2023-10-10,가락도매,21800
양파,2023-10-10,평균,21800
양파,2023-10-10,평년,15225
양파,2023-10-11,가락도매,19500
양파,2023-10-11,평균,19500
양파,2023-10-11,평년,15225
양파,2023-10-12,가락도매,19500
양파,2023-10-12,평균,19500
양파,2023-10-12,평년,15230
양파,2023-10-13,가락도매,19500
양파,2023-10-13,평균,19500
양파,2023-10-13,평년,15205
양파,2023-10-16,가락도매,19500
양파,2023-10-16,평균,19500
양파,2023-10-16,평년,14840
양파,2023-10-17,가락도매,19500
양파,2023-10-17,평균,19500
양파,2023-10-17,평년,14738
양파,2023-10-18,가락도매,19500
양파,2023-10-18,평균,19500
양파,2023-10-18,평년,14738
양파,2023-10-19,가락도매,19500
양파,2023-10-19,평균,19500
양파,2023-10-19,평년,14690
양파,2023-10-20,가락도매,19500
양파,2023-10-20,평균,19500
양파,2023-10-20,평년,14613
양파,2023-10-23,가락도매,19500
양파,2023-10-23,평균,19500
양파,2023-10-23,평년,14550
양파,2023-10-24,가락도매,19500
양파,2023-10-24,평균,19500
양파,2023-10-24,평년,14450
양파,2023-10-25,가락도매,19500
양파,2023-10-25,평균,19500
양파,2023-10-25,평년,14350
양파,2023-10-26,가락도매,18800
양파,2023-10-26,평균,18800
양파,2023-10-26,평년,14405
양파,2023-10-27,가락도매,18800
양파,2023-10-27,평균,18800
양파,2023-10-27,평년,14485
양파,2023-10-30,가락도매,18800
양파,2023-10-30,평균,18800
양파,2023-10-30,평년,14985
양파,2023-10-31,가락도매,18800
양파,2023-10-31,평균,18800
양파,2023-10-31,평년,15075
양파,2023-11-01,가락도매,18800
양파,2023-11-01,평균,18800
양파,2023-11-01,평년,15125
양파,2023-11-02,가락도매,18800
양파,2023-11-02,평균,18800
양파,2023-11-02,평년,15280
양파,2023-11-03,가락도매,18800
양파,2023-11-03,평균,18800
양파,2023-11-03,평년,15375
양파,2023-11-06,가락도매,18800
양파,2023-11-06,평균,18800
양파,2023-11-06,평년,15625
양파,2023-11-07,가락도매,18800
양파,2023-11-07,평균,18800
양파,2023-11-07,평년,15694
양파,2023-11-08,가락도매,18800
양파,2023-11-08,평균,18800
양파,2023-11-08,평년,15744
양파,2023-11-09,가락도매,18800
양파,2023-11-09,평균,18800
양파,2023-11-09,평년,15750
양파,2023-11-10,가락도매,18800
양파,2023-11-10,평균,18800
양파,2023-11-10,평년,15788
양파,2023-11-13,가락도매,18800
양파,2023-11-13,평균,18800
양파,2023-11-13,평년,15875
양파,2023-11-14,가락도매,18800
양파,2023-11-14,평균,18800
양파,2023-11-14,평년,15825
양파,2023-11-15,가락도매,18800
양파,2023-11-15,평균,18800
양파,2023-11-15,평년,15775
양파,2023-11-16,가락도매,18800
양파,2023-11-16,평균,18800
양파,2023-11-16,평년,15775
양파,2023-11-17,가락도매,18800
양파,2023-11-17,평균,18800
양파,2023-11-17,평년,15750
양파,2023-11-20,가락도매,18800
양파,2023-11-20,평균,18800
양파,2023-11-20,평년,15885
양파,2023-11-21,가락도매,18800
양파,2023-11-21,평균,18800
양파,2023-11-21,평년,15950
양파,2023-11-22,가락도매,18800
양파,2023-11-22,평균,18800
양파,2023-11-22,평년,15875
양파,2023-11-23,가락도매,19500
양파,2023-11-23,평균,19500
양파,2023-11-23,평년,15853
양파,2023-11-24,가락도매,19500
양파,2023-11-24,평균,19500
양파,2023-11-24,평년,15858
양파,2023-11-27,가락도매,19500
양파,2023-11-27,평균,19500
양파,2023-11-27,평년,15800
양파,2023-11-28,가락도매,19500
양파,2023-11-28,평균,19500
양파,2023-11-28,평년,15900
양파,2023-11-29,가락도매,19500
양파,2023-11-29,평균,19500
양파,2023-11-29,평년,16050
양파,2023-11-30,가락도매,19500
양파,2023-11-30,평균,19500
양파,2023-11-30,평년,16150
양파,2023-12-04,가락도매,19500
양파,2023-12-04,평균,19500
양파,2023-12-04,평년,16263
양파,2023-12-05,가락도매,19500
양파,2023-12-05,평균,19500
양파,2023-12-05,평년,16313
양파,2023-12-06,가락도매,19500
양파,2023-12-06,평균,19500
양파,2023-12-06,평년,16325
양파,2023-12-07,가락도매,19500
양파,2023-12-07,평균,19500
양파,2023-12-07,평년,16243
양파,2023-12-08,가락도매,19500
양파,2023-12-08,평균,19500
양파,2023-12-08,평년,16128
양파,2023-12-11,가락도매,19500
양파,2023-12-11,평균,19500
양파,2023-12-11,평년,15904
양파,2023-12-12,가락도매,19500
양파,2023-12-12,평균,19500
양파,2023-12-12,평년,15844
양파,2023-12-13,가락도매,19500
양파,2023-12-13,평균,19500
양파,2023-12-13,평년,15775
양파,2023-12-14,가락도매,19500
양파,2023-12-14,평균,19500
양파,2023-12-14,평년,15750
양파,2023-12-15,가락도매,19500
양파,2023-12-15,평균,19500
양파,2023-12-15,평년,15725
양파,2023-12-18,가락도매,19500
양파,2023-12-18,평균,19500
양파,2023-12-18,평년,15625
양파,2023-12-19,가락도매,19500
양파,2023-12-19,평균,19500
양파,2023-12-19,평년,15544
양파,2023-12-20,가락도매,19500
양파,2023-12-20,평균,19500
양파,2023-12-20,평년,15444
양파,2023-12-21,가락도매,19500
양파,2023-12-21,평균,19500
양파,2023-12-21,평년,15513
양파,2023-12-22,가락도매,19500
양파,2023-12-22,평균,19500
양파,2023-12-22,평년,15688
양파,2023-12-26,가락도매,19500
양파,2023-12-26,평균,19500
양파,2023-12-26,평년,15908
양파,2023-12-27,가락도매,19500
양파,2023-12-27,평균,19500
양파,2023-12-27,평년,16008
양파,2023-12-28,가락도매,21600
양파,2023-12-28,평균,21600
양파,2023-12-28,평년,16096
양파,2023-12-29,가락도매,21600
양파,2023-12-29,평균,21600
양파,2023-12-29,평년,16096
양파,2024-01-02,가락도매,21600
양파,2024-01-02,평균,21600
양파,2024-01-02,평년,16308
양파,2024-01-03,가락도매,21600
양파,2024-01-03,평균,21600
양파,2024-01-03,평년,16473
양파,2024-01-04,가락도매,21600
양파,2024-01-04,평균,21600
양파,2024-01-04,평년,16526
양파,2024-01-05,가락도매,21600
양파,2024-01-05,평균,21600
양파,2024-01-05,평년,16456
양파,2024-01-08,가락도매,21600
양파,2024-01-08,평균,21600
양파,2024-01-08,평년,16652
양파,2024-01-09,가락도매,21600
양파,2024-01-09,평균,21600
양파,2024-01-09,평년,16752
양파,2024-01-10,가락도매,21600
양파,2024-01-10,평균,21600
양파,2024-01-10,평년,16723
양파,2024-01-11,가락도매,21100
양파,2024-01-11,평균,21100
양파,2024-01-11,평년,16648
양파,2024-01-12,가락도매,21100
양파,2024-01-12,평균,21100
양파,2024-01-12,평년,16483
양파,2024-01-15,가락도매,21100
양파,2024-01-15,평균,21100
양파,2024-01-15,평년,16140
양파,2024-01-16,가락도매,21100
양파,2024-01-16,평균,21100
양파,2024-01-16,평년,16140
양파,2024-01-17,가락도매,21100
양파,2024-01-17,평균,21100
양파,2024-01-17,평년,16108
양파,2024-01-18,가락도매,21100
양파,2024-01-18,평균,21100
양파,2024-01-18,평년,15983
양파,2024-01-19,가락도매,21100
양파,2024-01-19,평균,21100
양파,2024-01-19,평년,15983
양파,2024-01-22,가락도매,21100
양파,2024-01-22,평균,21100
양파,2024-01-22,평년,15983
양파,2024-01-23,가락도매,21100
양파,2024-01-23,평균,21100
양파,2024-01-23,평년,15983
양파,2024-01-24,가락도매,21100
양파,2024-01-24,평균,21100
양파,2024-01-24,평년,15983
양파,2024-01-25,가락도매,21100
양파,2024-01-25,평균,21100
양파,2024-01-25,평년,15983
양파,2024-01-26,가락도매,21100
양파,2024-01-26,평균,21100
양파,2024-01-26,평년,15983
양파,2024-01-29,가락도매,21100
양파,2024-01-29,평균,21100
양파,2024-01-29,평년,15983
양파,2024-01-30,가락도매,21100
양파,2024-01-30,평균,21100
양파,2024-01-30,평년,15983
양파,2024-01-31,가락도매,21100
양파,2024-01-31,평균,21100
양파,2024-01-31,평년,15983
양파,2024-02-01,가락도매,20300
양파,2024-02-01,평균,20300
양파,2024-02-01,평년,15983
양파,2024-02-02,가락도매,20800
양파,2024-02-02,평균,20800
양파,2024-02-02,평년,15983
양파,2024-02-05,가락도매,19300
양파,2024-02-05,평균,19300
양파,2024-02-05,평년,15983
양파,2024-02-06,가락도매,19600
양파,2024-02-06,평균,19600
양파,2024-02-06,평년,15933
양파,2024-02-07,가락도매,19800
양파,2024-02-07,평균,19800
양파,2024-02-07,평년,15883
양파,2024-02-08,가락도매,19500
양파,2024-02-08,평균,19500
양파,2024-02-08,평년,15858
양파,2024-02-13,가락도매,20100
양파,2024-02-13,평균,20100
양파,2024-02-13,평년,15846
양파,2024-02-14,가락도매,20100
양파,2024-02-14,평균,20100
양파,2024-02-14,평년,15950
양파,2024-02-15,가락도매,20600
양파,2024-02-15,평균,20600
양파,2024-02-15,평년,15999
양파,2024-02-16,가락도매,20300
양파,2024-02-16,평균,20300
양파,2024-02-16,평년,16001
양파,2024-02-19,가락도매,21700
양파,2024-02-19,평균,21700
양파,2024-02-19,평년,16479
양파,2024-02-20,가락도매,21500
양파,2024-02-20,평균,21500
양파,2024-02-20,평년,16839
양파,2024-02-21,가락도매,22000
양파,2024-02-21,평균,22000
양파,2024-02-21,평년,17398
양파,2024-02-22,가락도매,22600
양파,2024-02-22,평균,22600
양파,2024-02-22,평년,17610
양파,2024-02-23,가락도매,23500
양파,2024-02-23,평균,23500
양파,2024-02-23,평년,17607
양파,2024-02-26,가락도매,23800
양파,2024-02-26,평균,23800
양파,2024-02-26,평년,18856
양파,2024-02-27,가락도매,24000
양파,2024-02-27,평균,24000
양파,2024-02-27,평년,19126
양파,2024-02-28,가락도매,23800
양파,2024-02-28,평균,23800
양파,2024-02-28,평년,19195
양파,2024-02-29,가락도매,24000
양파,2024-02-29,평균,24000
양파,2024-02-29,평년,22688
양파,2024-03-04,가락도매,23600
양파,2024-03-04,평균,23600
양파,2024-03-04,평년,18950
양파,2024-03-05,가락도매,23600
양파,2024-03-05,평균,23600
양파,2024-03-05,평년,18800
양파,2024-03-06,가락도매,23600
양파,2024-03-06,평균,23600
양파,2024-03-06,평년,18670
양파,2024-03-07,가락도매,23500
양파,2024-03-07,평균,23500
양파,2024-03-07,평년,18675
양파,2024-03-08,가락도매,23500
양파,2024-03-08,평균,23500
양파,2024-03-08,평년,18725
양파,2024-03-11,가락도매,23800
양파,2024-03-11,평균,23800
양파,2024-03-11,평년,19300
양파,2024-03-12,가락도매,24100
양파,2024-03-12,평균,24100
양파,2024-03-12,평년,19350
양파,2024-03-13,가락도매,24300
양파,2024-03-13,평균,24300
양파,2024-03-13,평년,19350
양파,2024-03-14,가락도매,24300
양파,2024-03-14,평균,24300
양파,2024-03-14,평년,19225
양파,2024-03-15,가락도매,25300
양파,2024-03-15,평균,25300
양파,2024-03-15,평년,19002
양파,2024-03-18,가락도매,26000
양파,2024-03-18,평균,26000
양파,2024-03-18,평년,17092
양파,2024-03-19,가락도매,27300
양파,2024-03-19,평균,27300
양파,2024-03-19,평년,16842
양파,2024-03-20,가락도매,27000
양파,2024-03-20,평균,27000
양파,2024-03-20,평년,16567
양파,2024-03-21,가락도매,26800
양파,2024-03-21,평균,26800
양파,2024-03-21,평년,16138
양파,2024-03-22,가락도매,26500
양파,2024-03-22,평균,26500
양파,2024-03-22,평년,16288
양파,2024-03-25,가락도매,26300
양파,2024-03-25,평균,26300
양파,2024-03-25,평년,16933
양파,2024-03-26,가락도매,26300
양파,2024-03-26,평균,26300
양파,2024-03-26,평년,17383
양파,2024-03-27,가락도매,25500
양파,2024-03-27,평균,25500
양파,2024-03-27,평년,17706
양파,2024-03-28,가락도매,27100
양파,2024-03-28,평균,27100
양파,2024-03-28,평년,17956
양파,2024-03-29,가락도매,27600
양파,2024-03-29,평균,27600
양파,2024-03-29,평년,17726
양파,2024-04-01,가락도매,31800
양파,2024-04-01,평균,31800
양파,2024-04-01,평년,17050
양파,2024-04-02,가락도매,31800
양파,2024-04-02,평균,31800
양파,2024-04-02,평년,16825
양파,2024-04-03,가락도매,31300
양파,2024-04-03,평균,31300
양파,2024-04-03,평년,16813
양파,2024-04-04,가락도매,31300
양파,2024-04-04,평균,31300
양파,2024-04-04,평년,16775
양파,2024-04-05,가락도매,31300
양파,2024-04-05,평균,31300
양파,2024-04-05,평년,16875
양파,2024-04-08,가락도매,31300
양파,2024-04-08,평균,31300
양파,2024-04-08,평년,16813
양파,2024-04-11,가락도매,27300
양파,2024-04-11,평균,27300
양파,2024-04-11,평년,17438
양파,2024-04-12,가락도매,25800
양파,2024-04-12,평균,25800
양파,2024-04-12,평년,17200
양파,2024-04-15,가락도매,25500
양파,2024-04-15,평균,25500
양파,2024-04-15,평년,16385
양파,2024-04-16,가락도매,24600
양파,2024-04-16,평균,24600
양파,2024-04-16,평년,16270
양파,2024-04-17,가락도매,25600
양파,2024-04-17,평균,25600
양파,2024-04-17,평년,16219
양파,2024-04-18,가락도매,23800
양파,2024-04-18,평균,23800
양파,2024-04-18,평년,16206
양파,2024-04-19,가락도매,23800
양파,2024-04-19,평균,23800
양파,2024-04-19,평년,15818
양파,2024-04-22,가락도매,25500
양파,2024-04-22,평균,25500
양파,2024-04-22,평년,14517
양파,2024-04-23,가락도매,25100
양파,2024-04-23,평균,25100
양파,2024-04-23,평년,14383
양파,2024-04-24,가락도매,25100
양파,2024-04-24,평균,25100
양파,2024-04-24,평년,14179
양파,2024-04-25,가락도매,25100
양파,2024-04-25,평균,25100
양파,2024-04-25,평년,13993
양파,2024-04-26,가락도매,25300
양파,2024-04-26,평균,25300
양파,2024-04-26,평년,13742
양파,2024-04-29,가락도매,23000
양파,2024-04-29,평균,23000
양파,2024-04-29,평년,13505
양파,2024-04-30,가락도매,21600
양파,2024-04-30,평균,21600
양파,2024-04-30,평년,13700
양파,2024-05-02,가락도매,21600
양파,2024-05-02,평균,21600
양파,2024-05-02,평년,13833
양파,2024-05-03,가락도매,22100
양파,2024-05-03,평균,22100
양파,2024-05-03,평년,13988
양파,2024-05-07,가락도매,22300
양파,2024-05-07,평균,22300
양파,2024-05-07,평년,13190
양파,2024-05-08,가락도매,23500
양파,2024-05-08,평균,23500
양파,2024-05-08,평년,12830
양파,2024-05-09,가락도매,23300
양파,2024-05-09,평균,23300
양파,2024-05-09,평년,12438
양파,2024-05-10,가락도매,23300
양파,2024-05-10,평균,23300
양파,2024-05-10,평년,12085
양파,2024-05-13,가락도매,20800
양파,2024-05-13,평균,20800
양파,2024-05-13,평년,12109
양파,2024-05-14,가락도매,20800
양파,2024-05-14,평균,20800
양파,2024-05-14,평년,12157
양파,2024-05-16,가락도매,20600
양파,2024-05-16,평균,20600
양파,2024-05-16,평년,12305
양파,2024-05-17,가락도매,20000
양파,2024-05-17,평균,20000
양파,2024-05-17,평년,12368
양파,2024-05-20,가락도매,20500
양파,2024-05-20,평균,20500
양파,2024-05-20,평년,11843
양파,2024-05-21,가락도매,20000
양파,2024-05-21,평균,20000
양파,2024-05-21,평년,11735
양파,2024-05-22,가락도매,19600
양파,2024-05-22,평균,19600
양파,2024-05-22,평년,11588
양파,2024-05-23,가락도매,19600
양파,2024-05-23,평균,19600
양파,2024-05-23,평년,11570
양파,2024-05-24,가락도매,19800
양파,2024-05-24,평균,19800
양파,2024-05-24,평년,11599
양파,2024-05-27,가락도매,21000
양파,2024-05-27,평균,21000
양파,2024-05-27,평년,12030
양파,2024-05-28,가락도매,21000
양파,2024-05-28,평균,21000
양파,2024-05-28,평년,12015
양파,2024-05-29,가락도매,22100
양파,2024-05-29,평균,22100
양파,2024-05-29,평년,11900
양파,2024-05-30,가락도매,22000
양파,2024-05-30,평균,22000
양파,2024-05-30,평년,12185
양파,2024-05-31,가락도매,21300
양파,2024-05-31,평균,21300
양파,2024-05-31,평년,12717
양파,2024-06-03,가락도매,20800
양파,2024-06-03,평균,20800
양파,2024-06-03,평년,13318
양파,2024-06-04,가락도매,20500
양파,2024-06-04,평균,20500
양파,2024-06-04,평년,13413
양파,2024-06-05,가락도매,20500
양파,2024-06-05,평균,20500
양파,2024-06-05,평년,13340
양파,2024-06-07,가락도매,20500
양파,2024-06-07,평균,20500
양파,2024-06-07,평년,13372
양파,2024-06-10,가락도매,20000
양파,2024-06-10,평균,20000
양파,2024-06-10,평년,13160
양파,2024-06-11,가락도매,18800
양파,2024-06-11,평균,18800
양파,2024-06-11,평년,13520
양파,2024-06-12,가락도매,18800
양파,2024-06-12,평균,18800
양파,2024-06-12,평년,13781
양파,2024-06-13,가락도매,17000
양파,2024-06-13,평균,17000
양파,2024-06-13,평년,13881
양파,2024-06-14,가락도매,18000
양파,2024-06-14,평균,18000
양파,2024-06-14,평년,13945
양파,2024-06-17,가락도매,18000
양파,2024-06-17,평균,18000
양파,2024-06-17,평년,14790
양파,2024-06-18,가락도매,17800
양파,2024-06-18,평균,17800
양파,2024-06-18,평년,14850
양파,2024-06-19,가락도매,17800
양파,2024-06-19,평균,17800
양파,2024-06-19,평년,14895
양파,2024-06-20,가락도매,17800
양파,2024-06-20,평균,17800
양파,2024-06-20,평년,14900
양파,2024-06-21,가락도매,17500
양파,2024-06-21,평균,17500
양파,2024-06-21,평년,14915
양파,2024-06-24,가락도매,17500
양파,2024-06-24,평균,17500
양파,2024-06-24,평년,15100
양파,2024-06-25,가락도매,17000
양파,2024-06-25,평균,17000
양파,2024-06-25,평년,15115
양파,2024-06-26,가락도매,17000
양파,2024-06-26,평균,17000
양파,2024-06-26,평년,15024
양파,2024-06-27,가락도매,17000
양파,2024-06-27,평균,17000
양파,2024-06-27,평년,14994
양파,2024-06-28,가락도매,17100
양파,2024-06-28,평균,17100
양파,2024-06-28,평년,14980
양파,2024-07-01,가락도매,17500
양파,2024-07-01,평균,17500
양파,2024-07-01,평년,14363
양파,2024-07-02,가락도매,17600
양파,2024-07-02,평균,17600
양파,2024-07-02,평년,14193
양파,2024-07-03,가락도매,18100
양파,2024-07-03,평균,18100
양파,2024-07-03,평년,14150
양파,2024-07-04,가락도매,17500
양파,2024-07-04,평균,17500
양파,2024-07-04,평년,14109
양파,2024-07-05,가락도매,17500
양파,2024-07-05,평균,17500
양파,2024-07-05,평년,14084
양파,2024-07-08,가락도매,17500
양파,2024-07-08,평균,17500
양파,2024-07-08,평년,14588
양파,2024-07-09,가락도매,17300
양파,2024-07-09,평균,17300
양파,2024-07-09,평년,14623
양파,2024-07-10,가락도매,17100
양파,2024-07-10,평균,17100
양파,2024-07-10,평년,14888
양파,2024-07-11,가락도매,17800
양파,2024-07-11,평균,17800
양파,2024-07-11,평년,15178
양파,2024-07-12,가락도매,18300
양파,2024-07-12,평균,18300
양파,2024-07-12,평년,15472
양파,2024-07-15,가락도매,19600
양파,2024-07-15,평균,19600
양파,2024-07-15,평년,15780
양파,2024-07-16,가락도매,20500
양파,2024-07-16,평균,20500
양파,2024-07-16,평년,15865
양파,2024-07-17,가락도매,20500
양파,2024-07-17,평균,20500
양파,2024-07-17,평년,15938
양파,2024-07-18,가락도매,20600
양파,2024-07-18,평균,20600
양파,2024-07-18,평년,15950
양파,2024-07-19,가락도매,19700
양파,2024-07-19,평균,19700
양파,2024-07-19,평년,16018
양파,2024-07-22,가락도매,19700
양파,2024-07-22,평균,19700
양파,2024-07-22,평년,16207
양파,2024-07-23,가락도매,19900
양파,2024-07-23,평균,19900
양파,2024-07-23,평년,16393
양파,2024-07-24,가락도매,20000
양파,2024-07-24,평균,20000
양파,2024-07-24,평년,16527
양파,2024-07-25,가락도매,20300
양파,2024-07-25,평균,20300
양파,2024-07-25,평년,16527
양파,2024-07-26,가락도매,20100
양파,2024-07-26,평균,20100
양파,2024-07-26,평년,16460
양파,2024-07-29,가락도매,19800
양파,2024-07-29,평균,19800
양파,2024-07-29,평년,16962
양파,2024-07-30,가락도매,19800
양파,2024-07-30,평균,19800
양파,2024-07-30,평년,17197
양파,2024-07-31,가락도매,19500
양파,2024-07-31,평균,19500
양파,2024-07-31,평년,17375
양파,2024-08-01,가락도매,20300
양파,2024-08-01,평균,20300
양파,2024-08-01,평년,17435
양파,2024-08-02,가락도매,20600
양파,2024-08-02,평균,20600
양파,2024-08-02,평년,17492
양파,2024-08-05,가락도매,20500
양파,2024-08-05,평균,20500
양파,2024-08-05,평년,17727
양파,2024-08-06,가락도매,20500
양파,2024-08-06,평균,20500
양파,2024-08-06,평년,17727
양파,2024-08-07,가락도매,20100
양파,2024-08-07,평균,20100
양파,2024-08-07,평년,17860
양파,2024-08-08,가락도매,20100
양파,2024-08-08,평균,20100
양파,2024-08-08,평년,18050
양파,2024-08-09,가락도매,20300
양파,2024-08-09,평균,20300
양파,2024-08-09,평년,18215
양파,2024-08-12,가락도매,20300
양파,2024-08-12,평균,20300
양파,2024-08-12,평년,18657
양파,2024-08-13,가락도매,20100
양파,2024-08-13,평균,20100
양파,2024-08-13,평년,18662
양파,2024-08-14,가락도매,20300
양파,2024-08-14,평균,20300
양파,2024-08-14,평년,18702
양파,2024-08-16,가락도매,20300
양파,2024-08-16,평균,20300
양파,2024-08-16,평년,18722
양파,2024-08-19,가락도매,20300
양파,2024-08-19,평균,20300
양파,2024-08-19,평년,18668
양파,2024-08-20,가락도매,20000
양파,2024-08-20,평균,20000
양파,2024-08-20,평년,18688
양파,2024-08-21,가락도매,20000
양파,2024-08-21,평균,20000
양파,2024-08-21,평년,18588
양파,2024-08-22,가락도매,20000
양파,2024-08-22,평균,20000
양파,2024-08-22,평년,18442
양파,2024-08-23,가락도매,19600
양파,2024-08-23,평균,19600
양파,2024-08-23,평년,18295
양파,2024-08-26,가락도매,20000
양파,2024-08-26,평균,20000
양파,2024-08-26,평년,18028
양파,2024-08-27,가락도매,20000
양파,2024-08-27,평균,20000
양파,2024-08-27,평년,18008
양파,2024-08-28,가락도매,20000
양파,2024-08-28,평균,20000
양파,2024-08-28,평년,18128
양파,2024-08-29,가락도매,20000
양파,2024-08-29,평균,20000
양파,2024-08-29,평년,18158
양파,2024-08-30,가락도매,20000
양파,2024-08-30,평균,20000
양파,2024-08-30,평년,18158
양파,2024-09-02,가락도매,20000
양파,2024-09-02,평균,20000
양파,2024-09-02,평년,18555
양파,2024-09-03,가락도매,19800
양파,2024-09-03,평균,19800
양파,2024-09-03,평년,18675
양파,2024-09-04,가락도매,19500
양파,2024-09-04,평균,19500
양파,2024-09-04,평년,18688
양파,2024-09-05,가락도매,19600
양파,2024-09-05,평균,19600
양파,2024-09-05,평년,18715
양파,2024-09-06,가락도매,19800
양파,2024-09-06,평균,19800
양파,2024-09-06,평년,18742
양파,2024-09-09,가락도매,19800
양파,2024-09-09,평균,19800
양파,2024-09-09,평년,18608
양파,2024-09-10,가락도매,19800
양파,2024-09-10,평균,19800
양파,2024-09-10,평년,18648
양파,2024-09-11,가락도매,20100
양파,2024-09-11,평균,20100
양파,2024-09-11,평년,18572
양파,2024-09-12,가락도매,20100
양파,2024-09-12,평균,20100
양파,2024-09-12,평년,18451
양파,2024-09-13,가락도매,21100
양파,2024-09-13,평균,21100
양파,2024-09-13,평년,18318
양파,2024-09-19,가락도매,21100
양파,2024-09-19,평균,21100
양파,2024-09-19,평년,18063
양파,2024-09-20,가락도매,21100
양파,2024-09-20,평균,21100
양파,2024-09-20,평년,18063
양파,2024-09-23,가락도매,21600
양파,2024-09-23,평균,21600
양파,2024-09-23,평년,18025
양파,2024-09-24,가락도매,22300
양파,2024-09-24,평균,22300
양파,2024-09-24,평년,17975
양파,2024-09-25,가락도매,22300
양파,2024-09-25,평균,22300
양파,2024-09-25,평년,17938
양파,2024-09-26,가락도매,22300
양파,2024-09-26,평균,22300
양파,2024-09-26,평년,17938
양파,2024-09-27,가락도매,22300
양파,2024-09-27,평균,22300
양파,2024-09-27,평년,17928
양파,2024-09-30,가락도매,22000
양파,2024-09-30,평균,22000
양파,2024-09-30,평년,17678
양파,2024-10-02,가락도매,19600
양파,2024-10-02,평균,19600
양파,2024-10-02,평년,17567
양파,2024-10-04,가락도매,19600
양파,2024-10-04,평균,19600
양파,2024-10-04,평년,17702
양파,2024-10-07,가락도매,19800
양파,2024-10-07,평균,19800
양파,2024-10-07,평년,18435
양파,2024-10-08,가락도매,19800
양파,2024-10-08,평균,19800
양파,2024-10-08,평년,18610
양파,2024-10-10,가락도매,19800
양파,2024-10-10,평균,19800
양파,2024-10-10,평년,18605
양파,2024-10-11,가락도매,19500
양파,2024-10-11,평균,19500
양파,2024-10-11,평년,18532
양파,2024-10-14,가락도매,19300
양파,2024-10-14,평균,19300
양파,2024-10-14,평년,18090
양파,2024-10-15,가락도매,19300
양파,2024-10-15,평균,19300
양파,2024-10-15,평년,17965
양파,2024-10-16,가락도매,19300
양파,2024-10-16,평균,19300
양파,2024-10-16,평년,17840
양파,2024-10-17,가락도매,19300
양파,2024-10-17,평균,19300
양파,2024-10-17,평년,17738
양파,2024-10-18,가락도매,19300
양파,2024-10-18,평균,19300
양파,2024-10-18,평년,17738
양파,2024-10-21,가락도매,19300
양파,2024-10-21,평균,19300
양파,2024-10-21,평년,17700
양파,2024-10-22,가락도매,19300
양파,2024-10-22,평균,19300
양파,2024-10-22,평년,17725
양파,2024-10-23,가락도매,19300
양파,2024-10-23,평균,19300
양파,2024-10-23,평년,17750
양파,2024-10-24,가락도매,19300
양파,2024-10-24,평균,19300
양파,2024-10-24,평년,17703
양파,2024-10-25,가락도매,19300
양파,2024-10-25,평균,19300
양파,2024-10-25,평년,17657
양파,2024-10-28,가락도매,19300
양파,2024-10-28,평균,19300
양파,2024-10-28,평년,17902
양파,2024-10-29,가락도매,20600
양파,2024-10-29,평균,20600
양파,2024-10-29,평년,18052
양파,2024-10-30,가락도매,20600
양파,2024-10-30,평균,20600
양파,2024-10-30,평년,18202
양파,2024-10-31,가락도매,21000
양파,2024-10-31,평균,21000
양파,2024-10-31,평년,18242
양파,2024-11-01,가락도매,21000
양파,2024-11-01,평균,21000
양파,2024-11-01,평년,18242
양파,2024-11-04,가락도매,20800
양파,2024-11-04,평균,20800
양파,2024-11-04,평년,18267
양파,2024-11-05,가락도매,21000
양파,2024-11-05,평균,21000
양파,2024-11-05,평년,18267
양파,2024-11-06,가락도매,21100
양파,2024-11-06,평균,21100
양파,2024-11-06,평년,18342
양파,2024-11-07,가락도매,20800
양파,2024-11-07,평균,20800
양파,2024-11-07,평년,18360
양파,2024-11-08,가락도매,21300
양파,2024-11-08,평균,21300
양파,2024-11-08,평년,18360
양파,2024-11-11,가락도매,20800
양파,2024-11-11,평균,20800
양파,2024-11-11,평년,18567
양파,2024-11-12,가락도매,20600
양파,2024-11-12,평균,20600
양파,2024-11-12,평년,18642
양파,2024-11-13,가락도매,20300
양파,2024-11-13,평균,20300
양파,2024-11-13,평년,18642
양파,2024-11-14,가락도매,20100
양파,2024-11-14,평균,20100
양파,2024-11-14,평년,18642
양파,2024-11-15,가락도매,20100
양파,2024-11-15,평균,20100
양파,2024-11-15,평년,18642
양파,2024-11-18,가락도매,20100
양파,2024-11-18,평균,20100
양파,2024-11-18,평년,18642
양파,2024-11-19,가락도매,20000
양파,2024-11-19,평균,20000
양파,2024-11-19,평년,18672
양파,2024-11-20,가락도매,20000
양파,2024-11-20,평균,20000
양파,2024-11-20,평년,18702
양파,2024-11-21,가락도매,20000
양파,2024-11-21,평균,20000
양파,2024-11-21,평년,18763
양파,2024-11-22,가락도매,20000
양파,2024-11-22,평균,20000
양파,2024-11-22,평년,18785
양파,2024-11-25,가락도매,20000
양파,2024-11-25,평균,20000
양파,2024-11-25,평년,18925
양파,2024-11-26,가락도매,20100
양파,2024-11-26,평균,20100
양파,2024-11-26,평년,18900
양파,2024-11-27,가락도매,20100
양파,2024-11-27,평균,20100
양파,2024-11-27,평년,18900
양파,2024-11-28,가락도매,20300
양파,2024-11-28,평균,20300
양파,2024-11-28,평년,18900
양파,2024-11-29,가락도매,20300
양파,2024-11-29,평균,20300
양파,2024-11-29,평년,18900
양파,2024-12-02,가락도매,20300
양파,2024-12-02,평균,20300
양파,2024-12-02,평년,18740
양파,2024-12-03,가락도매,20600
양파,2024-12-03,평균,20600
양파,2024-12-03,평년,18685
양파,2024-12-04,가락도매,20600
양파,2024-12-04,평균,20600
양파,2024-12-04,평년,18663
양파,2024-12-05,가락도매,20600
양파,2024-12-05,평균,20600
양파,2024-12-05,평년,18663
양파,2024-12-09,가락도매,20600
양파,2024-12-09,평균,20600
양파,2024-12-09,평년,18405
양파,2024-12-10,가락도매,20600
양파,2024-12-10,평균,20600
양파,2024-12-10,평년,18345
양파,2024-12-11,가락도매,20600
양파,2024-12-11,평균,20600
양파,2024-12-11,평년,18304
양파,2024-12-12,가락도매,20300
양파,2024-12-12,평균,20300
양파,2024-12-12,평년,18294
양파,2024-12-13,가락도매,20300
양파,2024-12-13,평균,20300
양파,2024-12-13,평년,18275
양파,2024-12-16,가락도매,20000
양파,2024-12-16,평균,20000
양파,2024-12-16,평년,18200
양파,2024-12-17,가락도매,20000
양파,2024-12-17,평균,20000
양파,2024-12-17,평년,18200
양파,2024-12-18,가락도매,20000
양파,2024-12-18,평균,20000
양파,2024-12-18,평년,18275
양파,2024-12-19,가락도매,20100
양파,2024-12-19,평균,20100
양파,2024-12-19,평년,18294
양파,2024-12-20,가락도매,20100
양파,2024-12-20,평균,20100
양파,2024-12-20,평년,18294
양파,2024-12-23,가락도매,20100
양파,2024-12-23,평균,20100
양파,2024-12-23,평년,18658
양파,2024-12-24,가락도매,20100
양파,2024-12-24,평균,20100
양파,2024-12-24,평년,18658
양파,2024-12-26,가락도매,20100
양파,2024-12-26,평균,20100
양파,2024-12-26,평년,18798
양파,2024-12-27,가락도매,20600
양파,2024-12-27,평균,20600
양파,2024-12-27,평년,18938
양파,2024-12-30,가락도매,20800
양파,2024-12-30,평균,20800
양파,2024-12-30,평년,19358
양파,2024-12-31,가락도매,20800
양파,2024-12-31,평균,20800
양파,2024-12-31,평년,19358
양파,2025-01-02,가락도매,20800
양파,2025-01-02,평균,20800
양파,2025-01-02,평년,19358
양파,2025-01-03,가락도매,24600
양파,2025-01-03,평균,24600
양파,2025-01-03,평년,19323
양파,2025-01-06,가락도매,25100
양파,2025-01-06,평균,25100
양파,2025-01-06,평년,19283
양파,2025-01-07,가락도매,25100
양파,2025-01-07,평균,25100
양파,2025-01-07,평년,19483
양파,2025-01-08,가락도매,25100
양파,2025-01-08,평균,25100
양파,2025-01-08,평년,19633
양파,2025-01-09,가락도매,24800
양파,2025-01-09,평균,24800
양파,2025-01-09,평년,19700
양파,2025-01-10,가락도매,25000
양파,2025-01-10,평균,25000
양파,2025-01-10,평년,19667
양파,2025-01-13,가락도매,24800
양파,2025-01-13,평균,24800
양파,2025-01-13,평년,19567
양파,2025-01-14,가락도매,24600
양파,2025-01-14,평균,24600
양파,2025-01-14,평년,19567
양파,2025-01-15,가락도매,24600
양파,2025-01-15,평균,24600
양파,2025-01-15,평년,19567
양파,2025-01-16,가락도매,22500
양파,2025-01-16,평균,22500
양파,2025-01-16,평년,19567
양파,2025-01-17,가락도매,22500
양파,2025-01-17,평균,22500
양파,2025-01-17,평년,19567
양파,2025-01-20,가락도매,22500
양파,2025-01-20,평균,22500
양파,2025-01-20,평년,19567
양파,2025-01-21,가락도매,22500
양파,2025-01-21,평균,22500
양파,2025-01-21,평년,19567
양파,2025-01-22,가락도매,22500
양파,2025-01-22,평균,22500
양파,2025-01-22,평년,19567
양파,2025-01-23,가락도매,21000
양파,2025-01-23,평균,21000
양파,2025-01-23,평년,19567
양파,2025-01-24,가락도매,21100
양파,2025-01-24,평균,21100
양파,2025-01-24,평년,19567
양파,2025-01-31,가락도매,21100
양파,2025-01-31,평균,21100
양파,2025-01-31,평년,19493
양파,2025-02-03,가락도매,23500
양파,2025-02-03,평균,23500
양파,2025-02-03,평년,19200
양파,2025-02-04,가락도매,23500
양파,2025-02-04,평균,23500
양파,2025-02-04,평년,19200
양파,2025-02-05,가락도매,23600
양파,2025-02-05,평균,23600
양파,2025-02-05,평년,19187
양파,2025-02-06,가락도매,23500
양파,2025-02-06,평균,23500
양파,2025-02-06,평년,19083
양파,2025-02-07,가락도매,23500
양파,2025-02-07,평균,23500
양파,2025-02-07,평년,18987
양파,2025-02-10,가락도매,23800
양파,2025-02-10,평균,23800
양파,2025-02-10,평년,19008
양파,2025-02-11,가락도매,25000
양파,2025-02-11,평균,25000
양파,2025-02-11,평년,18958
양파,2025-02-12,가락도매,25000
양파,2025-02-12,평균,25000
양파,2025-02-12,평년,18958
양파,2025-02-13,가락도매,25000
양파,2025-02-13,평균,25000
양파,2025-02-13,평년,19057
양파,2025-02-14,가락도매,25000
양파,2025-02-14,평균,25000
양파,2025-02-14,평년,19187
양파,2025-02-17,가락도매,24500
양파,2025-02-17,평균,24500
양파,2025-02-17,평년,19818
양파,2025-02-18,가락도매,24700
양파,2025-02-18,평균,24700
양파,2025-02-18,평년,20075
양파,2025-02-19,가락도매,24700
양파,2025-02-19,평균,24700
양파,2025-02-19,평년,20390
양파,2025-02-20,가락도매,24700
양파,2025-02-20,평균,24700
양파,2025-02-20,평년,20883
양파,2025-02-21,가락도매,24700
양파,2025-02-21,평균,24700
양파,2025-02-21,평년,21713
양파,2025-02-24,가락도매,24600
양파,2025-02-24,평균,24600
양파,2025-02-24,평년,22778
양파,2025-02-25,가락도매,25100
양파,2025-02-25,평균,25100
양파,2025-02-25,평년,23325
양파,2025-02-26,가락도매,25000
양파,2025-02-26,평균,25000
양파,2025-02-26,평년,23797
양파,2025-02-27,가락도매,25300
양파,2025-02-27,평균,25300
양파,2025-02-27,평년,24160
양파,2025-02-28,가락도매,25300
양파,2025-02-28,평균,25300
양파,2025-02-28,평년,24217
양파,2025-03-04,가락도매,25500
양파,2025-03-04,평균,25500
양파,2025-03-04,평년,23857
양파,2025-03-05,가락도매,25500
양파,2025-03-05,평균,25500
양파,2025-03-05,평년,23587
양파,2025-03-06,가락도매,26300
양파,2025-03-06,평균,26300
양파,2025-03-06,평년,23373
양파,2025-03-07,가락도매,28800
양파,2025-03-07,평균,28800
양파,2025-03-07,평년,23342
양파,2025-03-10,가락도매,28800
양파,2025-03-10,평균,28800
양파,2025-03-10,평년,23758
양파,2025-03-11,가락도매,28600
양파,2025-03-11,평균,28600
양파,2025-03-11,평년,23997
양파,2025-03-12,가락도매,28600
양파,2025-03-12,평균,28600
양파,2025-03-12,평년,24100
양파,2025-03-13,가락도매,28300
양파,2025-03-13,평균,28300
양파,2025-03-13,평년,24220
양파,2025-03-14,가락도매,25500
양파,2025-03-14,평균,25500
양파,2025-03-14,평년,24242
양파,2025-03-17,가락도매,27000
양파,2025-03-17,평균,27000
양파,2025-03-17,평년,23058
양파,2025-03-18,가락도매,27000
양파,2025-03-18,평균,27000
양파,2025-03-18,평년,22502
양파,2025-03-19,가락도매,27000
양파,2025-03-19,평균,27000
양파,2025-03-19,평년,22418
양파,2025-03-20,가락도매,28300
양파,2025-03-20,평균,28300
양파,2025-03-20,평년,22223
양파,2025-03-21,가락도매,28800
양파,2025-03-21,평균,28800
양파,2025-03-21,평년,21764
양파,2025-03-24,가락도매,28100
양파,2025-03-24,평균,28100
양파,2025-03-24,평년,22135
양파,2025-03-25,가락도매,28100
양파,2025-03-25,평균,28100
양파,2025-03-25,평년,22293
양파,2025-03-26,가락도매,28500
양파,2025-03-26,평균,28500
양파,2025-03-26,평년,22663
양파,2025-03-27,가락도매,28500
양파,2025-03-27,평균,28500
양파,2025-03-27,평년,22833
양파,2025-03-28,가락도매,27800
양파,2025-03-28,평균,27800
양파,2025-03-28,평년,22962
양파,2025-03-31,가락도매,28100
양파,2025-03-31,평균,28100
양파,2025-03-31,평년,20920
양파,2025-04-01,가락도매,25100
양파,2025-04-01,평균,25100
양파,2025-04-01,평년,20375
양파,2025-04-02,가락도매,25300
양파,2025-04-02,평균,25300
양파,2025-04-02,평년,19825
양파,2025-04-03,가락도매,25300
양파,2025-04-03,평균,25300
양파,2025-04-03,평년,19729
양파,2025-04-04,가락도매,25000
양파,2025-04-04,평균,25000
양파,2025-04-04,평년,19662
양파,2025-04-07,가락도매,23300
양파,2025-04-07,평균,23300
양파,2025-04-07,평년,19804
양파,2025-04-08,가락도매,23300
양파,2025-04-08,평균,23300
양파,2025-04-08,평년,19729
양파,2025-04-09,가락도매,23200
양파,2025-04-09,평균,23200
양파,2025-04-09,평년,19929
양파,2025-04-10,가락도매,23200
양파,2025-04-10,평균,23200
양파,2025-04-10,평년,19979
양파,2025-04-11,가락도매,23200
양파,2025-04-11,평균,23200
양파,2025-04-11,평년,19954
양파,2025-04-14,가락도매,24100
양파,2025-04-14,평균,24100
양파,2025-04-14,평년,18997
양파,2025-04-15,가락도매,24600
양파,2025-04-15,평균,24600
양파,2025-04-15,평년,18935
양파,2025-04-16,가락도매,25300
양파,2025-04-16,평균,25300
양파,2025-04-16,평년,18720
양파,2025-04-17,가락도매,24600
양파,2025-04-17,평균,24600
양파,2025-04-17,평년,18552
양파,2025-04-18,가락도매,25000
양파,2025-04-18,평균,25000
양파,2025-04-18,평년,18473
양파,2025-04-21,가락도매,24800
양파,2025-04-21,평균,24800
양파,2025-04-21,평년,16557
양파,2025-04-22,가락도매,24100
양파,2025-04-22,평균,24100
양파,2025-04-22,평년,16117
양파,2025-04-23,가락도매,22000
양파,2025-04-23,평균,22000
양파,2025-04-23,평년,15867
양파,2025-04-24,가락도매,22000
양파,2025-04-24,평균,22000
양파,2025-04-24,평년,15500
양파,2025-04-25,가락도매,21000
양파,2025-04-25,평균,21000
양파,2025-04-25,평년,15118
양파,2025-04-28,가락도매,18500
양파,2025-04-28,평균,18500
양파,2025-04-28,평년,14743
양파,2025-04-29,가락도매,18100
양파,2025-04-29,평균,18100
양파,2025-04-29,평년,14555
양파,2025-04-30,가락도매,16600
양파,2025-04-30,평균,16600
양파,2025-04-30,평년,14488
양파,2025-05-02,가락도매,16600
양파,2025-05-02,평균,16600
양파,2025-05-02,평년,14521
양파,2025-05-07,가락도매,15500
양파,2025-05-07,평균,15500
양파,2025-05-07,평년,15457
양파,2025-05-08,가락도매,15300
양파,2025-05-08,평균,15300
양파,2025-05-08,평년,15240
양파,2025-05-09,가락도매,15100
양파,2025-05-09,평균,15100
양파,2025-05-09,평년,15391
양파,2025-05-12,가락도매,15300
양파,2025-05-12,평균,15300
양파,2025-05-12,평년,14908
양파,2025-05-13,가락도매,15300
양파,2025-05-13,평균,15300
양파,2025-05-13,평년,15018
양파,2025-05-14,가락도매,15300
양파,2025-05-14,평균,15300
양파,2025-05-14,평년,15140
양파,2025-05-15,가락도매,15100
양파,2025-05-15,평균,15100
양파,2025-05-15,평년,15232
양파,2025-05-16,가락도매,15100
양파,2025-05-16,평균,15100
양파,2025-05-16,평년,15315
양파,2025-05-19,가락도매,15100
양파,2025-05-19,평균,15100
양파,2025-05-19,평년,15110
양파,2025-05-20,가락도매,14800
양파,2025-05-20,평균,14800
양파,2025-05-20,평년,14863
양파,2025-05-21,가락도매,12800
양파,2025-05-21,평균,12800
양파,2025-05-21,평년,14750
양파,2025-05-22,가락도매,12800
양파,2025-05-22,평균,12800
양파,2025-05-22,평년,14590
양파,2025-05-23,가락도매,10800
양파,2025-05-23,평균,10800
양파,2025-05-23,평년,14559
양파,2025-05-26,가락도매,10300
양파,2025-05-26,평균,10300
양파,2025-05-26,평년,14917
양파,2025-05-27,가락도매,10300
양파,2025-05-27,평균,10300
양파,2025-05-27,평년,15277
양파,2025-05-28,가락도매,10300
양파,2025-05-28,평균,10300
양파,2025-05-28,평년,15292
양파,2025-05-29,가락도매,10300
양파,2025-05-29,평균,10300
양파,2025-05-29,평년,15192
양파,2025-05-30,가락도매,10300
양파,2025-05-30,평균,10300
양파,2025-05-30,평년,15503
양파,2025-06-02,가락도매,10300
양파,2025-06-02,평균,10300
양파,2025-06-02,평년,17057
양파,2025-06-04,가락도매,10300
양파,2025-06-04,평균,10300
양파,2025-06-04,평년,17215
양파,2025-06-05,가락도매,10300
양파,2025-06-05,평균,10300
양파,2025-06-05,평년,17028
양파,2025-06-09,가락도매,10300
양파,2025-06-09,평균,10300
양파,2025-06-09,평년,16627
양파,2025-06-10,가락도매,10300
양파,2025-06-10,평균,10300
양파,2025-06-10,평년,16273
양파,2025-06-11,가락도매,11100
양파,2025-06-11,평균,11100
양파,2025-06-11,평년,16240
양파,2025-06-12,가락도매,11000
양파,2025-06-12,평균,11000
양파,2025-06-12,평년,16273
양파,2025-06-13,가락도매,11000
양파,2025-06-13,평균,11000
양파,2025-06-13,평년,16240
양파,2025-06-16,가락도매,11000
양파,2025-06-16,평균,11000
양파,2025-06-16,평년,16400
양파,2025-06-17,가락도매,12000
양파,2025-06-17,평균,12000
양파,2025-06-17,평년,16607
양파,2025-06-18,가락도매,12600
양파,2025-06-18,평균,12600
양파,2025-06-18,평년,16670
양파,2025-06-19,가락도매,14800
양파,2025-06-19,평균,14800
양파,2025-06-19,평년,16647
양파,2025-06-20,가락도매,14800
양파,2025-06-20,평균,14800
양파,2025-06-20,평년,16618
양파,2025-06-23,가락도매,16000
양파,2025-06-23,평균,16000
양파,2025-06-23,평년,16587
양파,2025-06-24,가락도매,16000
양파,2025-06-24,평균,16000
양파,2025-06-24,평년,16587
양파,2025-06-25,가락도매,15300
양파,2025-06-25,평균,15300
양파,2025-06-25,평년,16523
양파,2025-06-26,가락도매,15300
양파,2025-06-26,평균,15300
양파,2025-06-26,평년,16387
양파,2025-06-27,가락도매,11800
양파,2025-06-27,평균,11800
양파,2025-06-27,평년,16357
양파,2025-06-30,가락도매,10300
양파,2025-06-30,평균,10300
양파,2025-06-30,평년,16143
양파,2025-07-01,가락도매,11000
양파,2025-07-01,평균,11000
양파,2025-07-01,평년,16083
양파,2025-07-02,가락도매,14000
양파,2025-07-02,평균,14000
양파,2025-07-02,평년,16047
양파,2025-07-03,가락도매,14000
양파,2025-07-03,평균,14000
양파,2025-07-03,평년,16023
양파,2025-07-04,가락도매,14000
양파,2025-07-04,평균,14000
양파,2025-07-04,평년,15983
양파,2025-07-07,가락도매,14800
양파,2025-07-07,평균,14800
양파,2025-07-07,평년,16155
양파,2025-07-08,가락도매,14800
양파,2025-07-08,평균,14800
양파,2025-07-08,평년,16262
양파,2025-07-09,가락도매,14800
양파,2025-07-09,평균,14800
양파,2025-07-09,평년,16307
양파,2025-07-10,가락도매,14600
양파,2025-07-10,평균,14600
양파,2025-07-10,평년,16625
양파,2025-07-11,가락도매,14500
양파,2025-07-11,평균,14500
양파,2025-07-11,평년,17085
양파,2025-07-14,가락도매,15500
양파,2025-07-14,평균,15500
양파,2025-07-14,평년,18020
양파,2025-07-15,가락도매,15500
양파,2025-07-15,평균,15500
양파,2025-07-15,평년,18157
양파,2025-07-16,가락도매,15500
양파,2025-07-16,평균,15500
양파,2025-07-16,평년,18383
양파,2025-07-17,가락도매,15600
양파,2025-07-17,평균,15600
양파,2025-07-17,평년,18527
양파,2025-07-18,가락도매,15600
양파,2025-07-18,평균,15600
양파,2025-07-18,평년,18546
양파,2025-07-21,가락도매,18300
양파,2025-07-21,평균,18300
양파,2025-07-21,평년,18452
양파,2025-07-22,가락도매,18300
양파,2025-07-22,평균,18300
양파,2025-07-22,평년,18437
양파,2025-07-23,가락도매,18300
양파,2025-07-23,평균,18300
양파,2025-07-23,평년,18523
양파,2025-07-24,가락도매,18300
양파,2025-07-24,평균,18300
양파,2025-07-24,평년,18650
양파,2025-07-25,가락도매,18300
양파,2025-07-25,평균,18300
양파,2025-07-25,평년,18657
양파,2025-07-28,가락도매,18300
양파,2025-07-28,평균,18300
양파,2025-07-28,평년,18727
양파,2025-07-29,가락도매,18300
양파,2025-07-29,평균,18300
양파,2025-07-29,평년,18820
양파,2025-07-30,가락도매,18300
양파,2025-07-30,평균,18300
양파,2025-07-30,평년,18980
양파,2025-07-31,가락도매,18300
양파,2025-07-31,평균,18300
양파,2025-07-31,평년,19173
양파,2025-08-01,가락도매,18300
양파,2025-08-01,평균,18300
양파,2025-08-01,평년,19280
양파,2025-08-04,가락도매,18300
양파,2025-08-04,평균,18300
양파,2025-08-04,평년,19282
양파,2025-08-05,가락도매,18300
양파,2025-08-05,평균,18300
양파,2025-08-05,평년,19197
양파,2025-08-06,가락도매,18300
양파,2025-08-06,평균,18300
양파,2025-08-06,평년,19123
양파,2025-08-07,가락도매,18300
양파,2025-08-07,평균,18300
양파,2025-08-07,평년,19177
양파,2025-08-08,가락도매,18300
양파,2025-08-08,평균,18300
양파,2025-08-08,평년,19353
양파,2025-08-11,가락도매,18300
양파,2025-08-11,평균,18300
양파,2025-08-11,평년,19973
양파,2025-08-12,가락도매,18300
양파,2025-08-12,평균,18300
양파,2025-08-12,평년,20087
양파,2025-08-13,가락도매,18300
양파,2025-08-13,평균,18300
양파,2025-08-13,평년,20140
양파,2025-08-14,가락도매,18300
양파,2025-08-14,평균,18300
양파,2025-08-14,평년,20180
양파,2025-08-18,가락도매,18300
양파,2025-08-18,평균,18300
양파,2025-08-18,평년,20102
양파,2025-08-19,가락도매,18300
양파,2025-08-19,평균,18300
양파,2025-08-19,평년,20060
양파,2025-08-20,가락도매,18300
양파,2025-08-20,평균,18300
양파,2025-08-20,평년,20040
양파,2025-08-21,가락도매,18300
양파,2025-08-21,평균,18300
양파,2025-08-21,평년,19873
양파,2025-08-22,가락도매,18300
양파,2025-08-22,평균,18300
양파,2025-08-22,평년,19707
양파,2025-08-25,가락도매,18300
양파,2025-08-25,평균,18300
양파,2025-08-25,평년,19367
양파,2025-08-26,가락도매,18300
양파,2025-08-26,평균,18300
양파,2025-08-26,평년,19373
양파,2025-08-27,가락도매,18300
양파,2025-08-27,평균,18300
양파,2025-08-27,평년,19373
양파,2025-08-28,가락도매,18300
양파,2025-08-28,평균,18300
양파,2025-08-28,평년,19520
양파,2025-08-29,가락도매,18300
양파,2025-08-29,평균,18300
양파,2025-08-29,평년,19550
양파,2025-09-01,가락도매,18300
양파,2025-09-01,평균,18300
양파,2025-09-01,평년,19797
양파,2025-09-02,가락도매,18300
양파,2025-09-02,평균,18300
양파,2025-09-02,평년,19900
양파,2025-09-03,가락도매,18300
양파,2025-09-03,평균,18300
양파,2025-09-03,평년,19993
양파,2025-09-04,가락도매,18300
양파,2025-09-04,평균,18300
양파,2025-09-04,평년,19993
양파,2025-09-05,가락도매,18300
양파,2025-09-05,평균,18300
양파,2025-09-05,평년,20007
양파,2025-09-08,가락도매,18300
양파,2025-09-08,평균,18300
양파,2025-09-08,평년,19883
양파,2025-09-09,가락도매,18300
양파,2025-09-09,평균,18300
양파,2025-09-09,평년,19880
양파,2025-09-10,가락도매,18300
양파,2025-09-10,평균,18300
양파,2025-09-10,평년,19933
양파,2025-09-11,가락도매,18300
양파,2025-09-11,평균,18300
양파,2025-09-11,평년,19923
양파,2025-09-12,가락도매,18300
양파,2025-09-12,평균,18300
양파,2025-09-12,평년,19889
양파,2025-09-15,가락도매,18300
양파,2025-09-15,평균,18300
양파,2025-09-15,평년,19760
양파,2025-09-16,가락도매,18300
양파,2025-09-16,평균,18300
양파,2025-09-16,평년,19730
양파,2025-09-17,가락도매,18300
양파,2025-09-17,평균,18300
양파,2025-09-17,평년,19700
양파,2025-09-18,가락도매,18300
양파,2025-09-18,평균,18300
양파,2025-09-18,평년,19700
양파,2025-09-19,가락도매,18300
양파,2025-09-19,평균,18300
양파,2025-09-19,평년,19750
양파,2025-09-22,가락도매,18300
양파,2025-09-22,평균,18300
양파,2025-09-22,평년,19925
양파,2025-09-23,가락도매,18300
양파,2025-09-23,평균,18300
양파,2025-09-23,평년,19977
양파,2025-09-24,가락도매,18300
양파,2025-09-24,평균,18300
양파,2025-09-24,평년,20057
양파,2025-09-25,가락도매,18500
양파,2025-09-25,평균,18500
양파,2025-09-25,평년,20083
양파,2025-09-26,가락도매,18500
양파,2025-09-26,평균,18500
양파,2025-09-26,평년,20083
양파,2025-09-29,가락도매,18100
양파,2025-09-29,평균,18100
양파,2025-09-29,평년,20090
양파,2025-09-30,가락도매,18100
양파,2025-09-30,평균,18100
양파,2025-09-30,평년,19976
양파,2025-10-01,가락도매,18100
양파,2025-10-01,평균,18100
양파,2025-10-01,평년,19881
양파,2025-10-02,가락도매,18300
양파,2025-10-02,평균,18300
양파,2025-10-02,평년,19810
양파,2025-10-10,가락도매,18500
양파,2025-10-10,평균,18500
양파,2025-10-10,평년,20427
양파,2025-10-13,가락도매,18500
양파,2025-10-13,평균,18500
양파,2025-10-13,평년,19957
양파,2025-10-14,가락도매,18500
양파,2025-10-14,평균,18500
양파,2025-10-14,평년,19820
양파,2025-10-15,가락도매,18500
양파,2025-10-15,평균,18500
양파,2025-10-15,평년,19662
양파,2025-10-16,가락도매,18500
양파,2025-10-16,평균,18500
양파,2025-10-16,평년,19523
양파,2025-10-17,가락도매,18500
양파,2025-10-17,평균,18500
양파,2025-10-17,평년,19421
양파,2025-10-20,가락도매,18500
양파,2025-10-20,평균,18500
양파,2025-10-20,평년,19308
양파,2025-10-21,가락도매,18500
양파,2025-10-21,평균,18500
양파,2025-10-21,평년,19308
양파,2025-10-22,가락도매,18600
양파,2025-10-22,평균,18600
양파,2025-10-22,평년,19308
양파,2025-10-23,가락도매,18500
양파,2025-10-23,평균,18500
양파,2025-10-23,평년,19308
양파,2025-10-24,가락도매,18300
양파,2025-10-24,평균,18300
양파,2025-10-24,평년,19262
양파,2025-10-27,가락도매,18300
양파,2025-10-27,평균,18300
양파,2025-10-27,평년,19315
양파,2025-10-28,가락도매,18300
양파,2025-10-28,평균,18300
양파,2025-10-28,평년,19408
양파,2025-10-29,가락도매,18100
양파,2025-10-29,평균,18100
양파,2025-10-29,평년,19597
양파,2025-10-30,가락도매,18100
양파,2025-10-30,평균,18100
양파,2025-10-30,평년,19785
양파,2025-10-31,가락도매,18100
양파,2025-10-31,평균,18100
양파,2025-10-31,평년,19925
양파,2025-11-03,가락도매,18100
양파,2025-11-03,평균,18100
양파,2025-11-03,평년,20000
양파,2025-11-04,가락도매,18100
양파,2025-11-04,평균,18100
양파,2025-11-04,평년,20010
양파,2025-11-05,가락도매,18100
양파,2025-11-05,평균,18100
양파,2025-11-05,평년,19997
양파,2025-11-06,가락도매,18100
양파,2025-11-06,평균,18100
양파,2025-11-06,평년,20092
양파,2025-11-07,가락도매,18100
양파,2025-11-07,평균,18100
양파,2025-11-07,평년,20110
양파,2025-11-10,가락도매,18100
양파,2025-11-10,평균,18100
양파,2025-11-10,평년,20200
양파,2025-11-11,가락도매,18100
양파,2025-11-11,평균,18100
양파,2025-11-11,평년,20237
양파,2025-11-12,가락도매,18000
양파,2025-11-12,평균,18000
양파,2025-11-12,평년,20265
양파,2025-11-13,가락도매,18000
양파,2025-11-13,평균,18000
양파,2025-11-13,평년,20185
양파,2025-11-14,가락도매,18000
양파,2025-11-14,평균,18000
양파,2025-11-14,평년,20138
양파,2025-11-17,가락도매,18000
양파,2025-11-17,평균,18000
양파,2025-11-17,평년,20083
양파,2025-11-18,가락도매,18000
양파,2025-11-18,평균,18000
양파,2025-11-18,평년,20078
양파,2025-11-19,가락도매,18100
양파,2025-11-19,평균,18100
양파,2025-11-19,평년,20102
양파,2025-11-20,가락도매,18000
양파,2025-11-20,평균,18000
양파,2025-11-20,평년,20125
양파,2025-11-21,가락도매,18100
양파,2025-11-21,평균,18100
양파,2025-11-21,평년,20180
양파,2025-11-24,가락도매,18100
양파,2025-11-24,평균,18100
양파,2025-11-24,평년,20373
양파,2025-11-25,가락도매,18100
양파,2025-11-25,평균,18100
양파,2025-11-25,평년,20455
양파,2025-11-26,가락도매,18100
양파,2025-11-26,평균,18100
양파,2025-11-26,평년,20475
양파,2025-11-27,가락도매,18100
양파,2025-11-27,평균,18100
양파,2025-11-27,평년,20495
양파,2025-11-28,가락도매,18100
양파,2025-11-28,평균,18100
양파,2025-11-28,평년,20515
양파,2025-12-01,가락도매,18300
양파,2025-12-01,평균,18300
양파,2025-12-01,평년,20537
양파,2025-12-02,가락도매,18100
양파,2025-12-02,평균,18100
양파,2025-12-02,평년,20522
양파,2025-12-03,가락도매,17600
양파,2025-12-03,평균,17600
양파,2025-12-03,평년,20512
양파,2025-12-04,가락도매,17600
양파,2025-12-04,평균,17600
양파,2025-12-04,평년,20509
양파,2025-12-08,가락도매,17600
양파,2025-12-08,평균,17600
양파,2025-12-08,평년,20482
양파,2025-12-09,가락도매,17600
양파,2025-12-09,평균,17600
양파,2025-12-09,평년,20472
양파,2025-12-10,가락도매,17600
양파,2025-12-10,평균,17600
양파,2025-12-10,평년,20442
양파,2025-12-11,가락도매,17800
양파,2025-12-11,평균,17800
양파,2025-12-11,평년,20412
양파,2025-12-12,가락도매,18000
양파,2025-12-12,평균,18000
양파,2025-12-12,평년,20362
양파,2025-12-15,가락도매,18000
양파,2025-12-15,평균,18000
양파,2025-12-15,평년,20292
양파,2025-12-16,가락도매,18100
양파,2025-12-16,평균,18100
양파,2025-12-16,평년,20282
양파,2025-12-17,가락도매,18300
양파,2025-12-17,평균,18300
양파,2025-12-17,평년,20268
양파,2025-12-18,가락도매,18300
양파,2025-12-18,평균,18300
양파,2025-12-18,평년,20330
양파,2025-12-19,가락도매,18300
양파,2025-12-19,평균,18300
양파,2025-12-19,평년,20355
양파,2025-12-22,가락도매,18100
양파,2025-12-22,평균,18100
양파,2025-12-22,평년,20700
양파,2025-12-23,가락도매,18100
양파,2025-12-23,평균,18100
양파,2025-12-23,평년,20733
양파,2025-12-24,가락도매,18000
양파,2025-12-24,평균,18000
양파,2025-12-24,평년,20767
양파,2025-12-26,가락도매,18100
양파,2025-12-26,평균,18100
양파,2025-12-26,평년,20953
양파,2025-12-29,가락도매,18300
양파,2025-12-29,평균,18300
양파,2025-12-29,평년,21452
양파,2025-12-30,가락도매,18500
양파,2025-12-30,평균,18500
양파,2025-12-30,평년,21607
양파,2025-12-31,가락도매,18500
양파,2025-12-31,평균,18500
양파,2025-12-31,평년,21907
양파,2026-01-02,가락도매,18500
양파,2026-01-02,평균,18500
양파,2026-01-02,평년,22207
양파,2026-01-05,가락도매,18000
양파,2026-01-05,평균,18000
양파,2026-01-05,평년,22700
양파,2026-01-06,가락도매,18000
양파,2026-01-06,평균,18000
양파,2026-01-06,평년,22780
양파,2026-01-07,가락도매,18000
양파,2026-01-07,평균,18000
양파,2026-01-07,평년,23047
양파,2026-01-08,가락도매,18100
양파,2026-01-08,평균,18100
양파,2026-01-08,평년,23073
양파,2026-01-09,가락도매,18100
양파,2026-01-09,평균,18100
양파,2026-01-09,평년,23020
양파,2026-01-12,가락도매,18100
양파,2026-01-12,평균,18100
양파,2026-01-12,평년,22867
양파,2026-01-13,가락도매,18300
양파,2026-01-13,평균,18300
양파,2026-01-13,평년,22820
양파,2026-01-14,가락도매,18300
양파,2026-01-14,평균,18300
양파,2026-01-14,평년,22667
양파,2026-01-15,가락도매,18000
양파,2026-01-15,평균,18000
양파,2026-01-15,평년,22500
양파,2026-01-16,가락도매,18000
양파,2026-01-16,평균,18000
양파,2026-01-16,평년,22347
양파,2026-01-19,가락도매,18000
양파,2026-01-19,평균,18000
양파,2026-01-19,평년,22067
양파,2026-01-20,가락도매,17800
양파,2026-01-20,평균,17800
양파,2026-01-20,평년,22067
양파,2026-01-21,가락도매,17600
양파,2026-01-21,평균,17600
양파,2026-01-21,평년,21967
양파,2026-01-22,가락도매,17600
양파,2026-01-22,평균,17600
양파,2026-01-22,평년,21873
양파,2026-01-23,가락도매,17600
양파,2026-01-23,평균,17600
양파,2026-01-23,평년,21780
양파,2026-01-26,가락도매,17600
양파,2026-01-26,평균,17600
양파,2026-01-26,평년,21792
양파,2026-01-27,가락도매,17600
양파,2026-01-27,평균,17600
양파,2026-01-27,평년,21792
양파,2026-01-28,가락도매,17600
양파,2026-01-28,평균,17600
양파,2026-01-28,평년,21792
양파,2026-01-29,가락도매,18300
양파,2026-01-29,평균,18300
양파,2026-01-29,평년,21792
양파,2026-01-30,가락도매,18300
양파,2026-01-30,평균,18300
양파,2026-01-30,평년,21738
양파,2026-02-02,가락도매,18300
양파,2026-02-02,평균,18300
양파,2026-02-02,평년,21707
양파,2026-02-03,가락도매,18100
양파,2026-02-03,평균,18100
양파,2026-02-03,평년,21720
양파,2026-02-04,가락도매,18100
양파,2026-02-04,평균,18100
양파,2026-02-04,평년,21880
양파,2026-02-05,가락도매,18100
양파,2026-02-05,평균,18100
양파,2026-02-05,평년,22027
양파,2026-02-06,가락도매,18100
양파,2026-02-06,평균,18100
양파,2026-02-06,평년,21993
양파,2026-02-09,가락도매,18100
양파,2026-02-09,평균,18100
양파,2026-02-09,평년,22142
양파,2026-02-10,가락도매,18100
양파,2026-02-10,평균,18100
양파,2026-02-10,평년,22212
양파,2026-02-11,가락도매,18100
양파,2026-02-11,평균,18100
양파,2026-02-11,평년,22312
양파,2026-02-12,가락도매,18100
양파,2026-02-12,평균,18100
양파,2026-02-12,평년,22412
양파,2026-02-13,가락도매,18100
양파,2026-02-13,평균,18100
양파,2026-02-13,평년,22507
양파,2026-02-19,가락도매,18100
양파,2026-02-19,평균,18100
양파,2026-02-19,평년,23110
양파,2026-02-20,가락도매,18100
양파,2026-02-20,평균,18100
양파,2026-02-20,평년,23260
양파,2026-02-23,가락도매,18100
양파,2026-02-23,평균,18100
양파,2026-02-23,평년,23992
양파,2026-02-24,가락도매,18300
양파,2026-02-24,평균,18300
양파,2026-02-24,평년,24152
양파,2026-02-25,가락도매,18000
양파,2026-02-25,평균,18000
양파,2026-02-25,평년,24238
양파,2026-02-26,가락도매,17300
양파,2026-02-26,평균,17300
양파,2026-02-26,평년,24300
양파,2026-02-27,가락도매,16000
양파,2026-02-27,평균,16000
양파,2026-02-27,평년,24673
양파,2026-03-03,가락도매,15600
양파,2026-03-03,평균,15600
양파,2026-03-03,평년,25603
양파,2026-03-04,가락도매,15600
양파,2026-03-04,평균,15600
양파,2026-03-04,평년,25933
양파,2026-03-05,가락도매,15500
양파,2026-03-05,평균,15500
양파,2026-03-05,평년,26147
양파,2026-03-06,가락도매,15500
양파,2026-03-06,평균,15500
양파,2026-03-06,평년,26367
양파,2026-03-09,가락도매,15100
양파,2026-03-09,평균,15100
양파,2026-03-09,평년,26883
양파,2026-03-10,가락도매,13800
양파,2026-03-10,평균,13800
양파,2026-03-10,평년,26915
양파,2026-03-11,가락도매,13800
양파,2026-03-11,평균,13800
양파,2026-03-11,평년,27087
양파,2026-03-12,가락도매,13000
양파,2026-03-12,평균,13000
양파,2026-03-12,평년,26920
양파,2026-03-13,가락도매,12800
양파,2026-03-13,평균,12800
양파,2026-03-13,평년,26920
양파,2026-03-16,가락도매,13000
양파,2026-03-16,평균,13000
양파,2026-03-16,평년,26558
양파,2026-03-17,가락도매,12800
양파,2026-03-17,평균,12800
양파,2026-03-17,평년,26195
양파,2026-03-18,가락도매,12800
양파,2026-03-18,평균,12800
양파,2026-03-18,평년,26038
양파,2026-03-19,가락도매,12800
양파,2026-03-19,평균,12800
양파,2026-03-19,평년,26425
양파,2026-03-20,가락도매,12800
양파,2026-03-20,평균,12800
양파,2026-03-20,평년,26453
양파,2026-03-23,가락도매,12800
양파,2026-03-23,평균,12800
양파,2026-03-23,평년,26460
양파,2026-03-24,가락도매,13300
양파,2026-03-24,평균,13300
양파,2026-03-24,평년,26738
양파,2026-03-25,가락도매,14100
양파,2026-03-25,평균,14100
양파,2026-03-25,평년,26860
양파,2026-03-26,가락도매,13800
양파,2026-03-26,평균,13800
양파,2026-03-26,평년,26528
양파,2026-03-27,가락도매,13800
양파,2026-03-27,평균,13800
양파,2026-03-27,평년,26286
양파,2026-03-30,가락도매,14000
양파,2026-03-30,평균,14000
양파,2026-03-30,평년,24953
양파,2026-03-31,가락도매,14000
양파,2026-03-31,평균,14000
양파,2026-03-31,평년,24082
양파,2026-04-01,가락도매,14000
양파,2026-04-01,평균,14000
양파,2026-04-01,평년,23198
양파,2026-04-02,가락도매,14000
양파,2026-04-02,평균,14000
양파,2026-04-02,평년,22762
양파,2026-04-03,가락도매,14000
양파,2026-04-03,평균,14000
양파,2026-04-03,평년,22346
양파,2026-04-06,가락도매,14000
양파,2026-04-06,평균,14000
양파,2026-04-06,평년,22404
양파,2026-04-07,가락도매,14000
양파,2026-04-07,평균,14000
양파,2026-04-07,평년,22336
양파,2026-04-08,가락도매,14100
양파,2026-04-08,평균,14100
양파,2026-04-08,평년,22196
양파,2026-04-09,가락도매,14100
양파,2026-04-09,평균,14100
양파,2026-04-09,평년,22076
양파,2026-04-10,가락도매,14100
양파,2026-04-10,평균,14100
양파,2026-04-10,평년,22129
양파,2026-04-13,가락도매,14500
양파,2026-04-13,평균,14500
양파,2026-04-13,평년,21752
양파,2026-04-14,가락도매,16000
양파,2026-04-14,평균,16000
양파,2026-04-14,평년,21223
양파,2026-04-15,가락도매,12800
양파,2026-04-15,평균,12800
양파,2026-04-15,평년,21180
양파,2026-04-16,가락도매,12800
양파,2026-04-16,평균,12800
양파,2026-04-16,평년,20960
양파,2026-04-17,가락도매,12800
양파,2026-04-17,평균,12800
양파,2026-04-17,평년,20672
양파,2026-04-20,가락도매,12100
양파,2026-04-20,평균,12100
양파,2026-04-20,평년,19148
양파,2026-04-21,가락도매,12600
양파,2026-04-21,평균,12600
양파,2026-04-21,평년,18490
양파,2026-04-22,가락도매,12600
양파,2026-04-22,평균,12600
양파,2026-04-22,평년,17977
양파,2026-04-23,가락도매,12600
양파,2026-04-23,평균,12600
양파,2026-04-23,평년,17660
양파,2026-04-24,가락도매,12600
양파,2026-04-24,평균,12600
양파,2026-04-24,평년,17123
양파,2026-04-27,가락도매,12600
양파,2026-04-27,평균,12600
양파,2026-04-27,평년,16013
양파,2026-04-28,가락도매,12000
양파,2026-04-28,평균,12000
양파,2026-04-28,평년,15807
양파,2026-04-29,가락도매,12000
양파,2026-04-29,평균,12000
양파,2026-04-29,평년,15358
양파,2026-04-30,가락도매,12000
양파,2026-04-30,평균,12000
양파,2026-04-30,평년,14987
양파,2026-05-04,가락도매,12000
양파,2026-05-04,평균,12000
양파,2026-05-04,평년,15747
양파,2026-05-06,가락도매,11000
양파,2026-05-06,평균,11000
양파,2026-05-06,평년,15847
양파,2026-05-07,가락도매,11000
양파,2026-05-07,평균,11000
양파,2026-05-07,평년,15680
양파,2026-05-08,가락도매,11000
양파,2026-05-08,평균,11000
양파,2026-05-08,평년,15527
양파,2026-05-11,가락도매,11000
양파,2026-05-11,평균,11000
양파,2026-05-11,평년,15237
양파,2026-05-12,가락도매,11000
양파,2026-05-12,평균,11000
양파,2026-05-12,평년,14745
양파,2026-05-13,가락도매,11000
양파,2026-05-13,평균,11000
양파,2026-05-13,평년,14591
양파,2026-05-14,가락도매,11000
양파,2026-05-14,평균,11000
양파,2026-05-14,평년,14613
양파,2026-05-15,가락도매,11000
양파,2026-05-15,평균,11000
양파,2026-05-15,평년,14592
양파,2026-05-18,가락도매,10500
양파,2026-05-18,평균,10500
양파,2026-05-18,평년,14712
양파,2026-05-19,가락도매,10500
양파,2026-05-19,평균,10500
양파,2026-05-19,평년,14620
양파,2026-05-20,가락도매,10600
양파,2026-05-20,평균,10600
양파,2026-05-20,평년,14470
양파,2026-05-21,가락도매,10600
양파,2026-05-21,평균,10600
양파,2026-05-21,평년,14170
양파,2026-05-22,가락도매,10600
양파,2026-05-22,평균,10600
양파,2026-05-22,평년,13840
양파,2026-05-26,가락도매,10600
양파,2026-05-26,평균,10600
양파,2026-05-26,평년,13900
양파,2026-05-27,가락도매,10600
양파,2026-05-27,평균,10600
양파,2026-05-27,평년,14193
양파,2026-05-28,가락도매,10800
양파,2026-05-28,평균,10800
양파,2026-05-28,평년,14325
양파,2026-05-29,가락도매,10800
양파,2026-05-29,평균,10800
양파,2026-05-29,평년,14325
양파,2026-06-01,가락도매,10800
양파,2026-06-01,평균,10800
양파,2026-06-01,평년,16087
양파,2026-06-02,가락도매,11000
양파,2026-06-02,평균,11000
양파,2026-06-02,평년,16440
양파,2026-06-04,가락도매,11000
양파,2026-06-04,평균,11000
양파,2026-06-04,평년,16848
양파,2026-06-05,가락도매,11000
양파,2026-06-05,평균,11000
양파,2026-06-05,평년,16762
양파,2026-06-08,가락도매,11000
양파,2026-06-08,평균,11000
양파,2026-06-08,평년,16730
양파,2026-06-09,가락도매,11000
양파,2026-06-09,평균,11000
양파,2026-06-09,평년,16563
양파,2026-06-10,가락도매,11000
양파,2026-06-10,평균,11000
양파,2026-06-10,평년,16307
양파,2026-06-11,가락도매,11000
양파,2026-06-11,평균,11000
양파,2026-06-11,평년,16160
양파,2026-06-12,가락도매,11000
양파,2026-06-12,평균,11000
양파,2026-06-12,평년,16055
양파,2026-06-15,가락도매,11000
양파,2026-06-15,평균,11000
양파,2026-06-15,평년,15970
양파,2026-06-16,가락도매,11000
양파,2026-06-16,평균,11000
양파,2026-06-16,평년,16105
양파,2026-06-17,가락도매,11000
양파,2026-06-17,평균,11000
양파,2026-06-17,평년,16200
양파,2026-06-18,가락도매,11000
양파,2026-06-18,평균,11000
양파,2026-06-18,평년,16507
양파,2026-06-19,가락도매,11000
양파,2026-06-19,평균,11000
양파,2026-06-19,평년,16807
양파,2026-06-22,가락도매,11000
양파,2026-06-22,평균,11000
양파,2026-06-22,평년,17150
양파,2026-06-23,가락도매,11000
양파,2026-06-23,평균,11000
양파,2026-06-23,평년,17143
양파,2026-06-24,가락도매,11000
양파,2026-06-24,평균,11000
양파,2026-06-24,평년,17147
양파,2026-06-25,가락도매,11000
양파,2026-06-25,평균,11000
양파,2026-06-25,평년,16893
양파,2026-06-26,가락도매,11000
양파,2026-06-26,평균,11000
양파,2026-06-26,평년,16487
양파,2026-06-29,가락도매,11800
양파,2026-06-29,평균,11800
양파,2026-06-29,평년,16252
양파,2026-06-30,가락도매,11800
양파,2026-06-30,평균,11800
양파,2026-06-30,평년,16128
양파,2026-07-01,가락도매,11800
양파,2026-07-01,평균,11800
양파,2026-07-01,평년,16083
양파,2026-07-02,가락도매,12000
양파,2026-07-02,평균,12000
양파,2026-07-02,평년,16207
양파,2026-07-03,가락도매,12600
양파,2026-07-03,평균,12600
양파,2026-07-03,평년,16493
양파,2026-07-06,가락도매,15100
양파,2026-07-06,평균,15100
양파,2026-07-06,평년,16550
양파,2026-07-07,가락도매,16500
양파,2026-07-07,평균,16500
양파,2026-07-07,평년,16857
양파,2026-07-08,가락도매,16500
양파,2026-07-08,평균,16500
양파,2026-07-08,평년,16943
양파,2026-07-09,가락도매,16500
양파,2026-07-09,평균,16500
양파,2026-07-09,평년,16997
양파,2026-07-10,가락도매,16100
양파,2026-07-10,평균,16100
양파,2026-07-10,평년,17347
양파,2026-07-13,가락도매,16100
양파,2026-07-13,평균,16100
양파,2026-07-13,평년,18858
양파,2026-07-14,가락도매,16100
양파,2026-07-14,평균,16100
양파,2026-07-14,평년,18890
양파,2026-07-15,가락도매,17100
양파,2026-07-15,평균,17100
양파,2026-07-15,평년,19053
양파,2026-07-16,가락도매,17100
양파,2026-07-16,평균,17100
양파,2026-07-16,평년,19313
양파,2026-07-20,가락도매,17100
양파,2026-07-20,평균,17100
양파,2026-07-20,평년,19768
양파,2026-07-21,가락도매,17100
양파,2026-07-21,평균,17100
양파,2026-07-21,평년,19792
양파,2026-07-22,가락도매,17100
양파,2026-07-22,평균,17100
양파,2026-07-22,평년,19907
양파,2026-07-23,가락도매,18300
양파,2026-07-23,평균,18300
양파,2026-07-23,평년,20023
양파,2026-07-24,가락도매,18300
양파,2026-07-24,평균,18300
양파,2026-07-24,평년,20050
양파,2026-07-27,가락도매,18300
양파,2026-07-27,평균,18300
양파,2026-07-27,평년,19800
양파,2026-07-28,가락도매,19000
양파,2026-07-28,평균,19000
양파,2026-07-28,평년,19667
양파,2026-07-29,가락도매,19000
양파,2026-07-29,평균,19000
양파,2026-07-29,평년,19500
양파,2026-07-30,가락도매,19000
양파,2026-07-30,평균,19000
양파,2026-07-30,평년,19500
양파,2026-07-31,가락도매,19000
양파,2026-07-31,평균,19000
양파,2026-07-31,평년,19533
양파,2026-08-03,가락도매,18600
양파,2026-08-03,평균,18600
양파,2026-08-03,평년,19692
양파,2026-08-04,가락도매,18600
양파,2026-08-04,평균,18600
양파,2026-08-04,평년,19692
양파,2026-08-05,가락도매,18600
양파,2026-08-05,평균,18600
양파,2026-08-05,평년,19667
양파,2026-08-06,가락도매,18800
양파,2026-08-06,평균,18800
양파,2026-08-06,평년,19653
양파,2026-08-07,가락도매,18500
양파,2026-08-07,평균,18500
양파,2026-08-07,평년,19767
양파,2026-08-10,가락도매,19000
양파,2026-08-10,평균,19000
양파,2026-08-10,평년,20333
양파,2026-08-11,가락도매,19000
양파,2026-08-11,평균,19000
양파,2026-08-11,평년,20533
양파,2026-08-12,가락도매,19000
양파,2026-08-12,평균,19000
양파,2026-08-12,평년,20607
양파,2026-08-13,가락도매,19000
양파,2026-08-13,평균,19000
양파,2026-08-13,평년,20620
양파,2026-08-14,가락도매,19000
양파,2026-08-14,평균,19000
양파,2026-08-14,평년,20620
양파,2026-08-18,가락도매,19000
양파,2026-08-18,평균,19000
양파,2026-08-18,평년,20502
양파,2026-08-19,가락도매,19000
양파,2026-08-19,평균,19000
양파,2026-08-19,평년,20460
양파,2026-08-20,가락도매,18800
양파,2026-08-20,평균,18800
양파,2026-08-20,평년,20440
양파,2026-08-21,가락도매,18800
양파,2026-08-21,평균,18800
양파,2026-08-21,평년,20273
양파,2026-08-24,가락도매,18800
양파,2026-08-24,평균,18800
양파,2026-08-24,평년,19847
양파,2026-08-25,가락도매,18800
양파,2026-08-25,평균,18800
양파,2026-08-25,평년,19767
양파,2026-08-26,가락도매,18800
양파,2026-08-26,평균,18800
양파,2026-08-26,평년,19773
양파,2026-08-27,가락도매,18800
양파,2026-08-27,평균,18800
양파,2026-08-27,평년,19773
양파,2026-08-28,가락도매,18800
양파,2026-08-28,평균,18800
양파,2026-08-28,평년,19800
양파,2026-08-31,가락도매,19000
양파,2026-08-31,평균,19000
양파,2026-08-31,평년,19810
양파,2026-09-01,가락도매,19000
양파,2026-09-01,평균,19000
양파,2026-09-01,평년,19837
양파,2026-09-02,가락도매,19000
양파,2026-09-02,평균,19000
양파,2026-09-02,평년,19820
양파,2026-09-03,가락도매,19000
양파,2026-09-03,평균,19000
양파,2026-09-03,평년,19793
양파,2026-09-04,가락도매,19000
양파,2026-09-04,평균,19000
양파,2026-09-04,평년,19793
양파,2026-09-07,가락도매,19000
양파,2026-09-07,평균,19000
양파,2026-09-07,평년,19757
양파,2026-09-08,가락도매,19000
양파,2026-09-08,평균,19000
양파,2026-09-08,평년,19663
양파,2026-09-09,가락도매,19000
양파,2026-09-09,평균,19000
양파,2026-09-09,평년,19640
양파,2026-09-10,가락도매,19000
양파,2026-09-10,평균,19000
양파,2026-09-10,평년,19673
양파,2026-09-11,가락도매,19000
양파,2026-09-11,평균,19000
양파,2026-09-11,평년,19673
양파,2026-09-14,가락도매,18800
양파,2026-09-14,평균,18800
양파,2026-09-14,평년,19590
양파,2026-09-15,가락도매,18800
양파,2026-09-15,평균,18800
양파,2026-09-15,평년,19550
양파,2026-09-16,가락도매,18800
양파,2026-09-16,평균,18800
양파,2026-09-16,평년,19550
양파,2026-09-17,가락도매,18800
양파,2026-09-17,평균,18800
양파,2026-09-17,평년,19550
양파,2026-09-18,가락도매,18800
양파,2026-09-18,평균,18800
양파,2026-09-18,평년,19550
양파,2026-09-21,가락도매,18800
양파,2026-09-21,평균,18800
양파,2026-09-21,평년,19775
양파,2026-09-22,가락도매,18800
양파,2026-09-22,평균,18800
양파,2026-09-22,평년,19775
양파,2026-09-23,가락도매,18800
양파,2026-09-23,평균,18800
양파,2026-09-23,평년,19840
양파,2026-09-28,가락도매,18800
양파,2026-09-28,평균,18800
양파,2026-09-28,평년,19875
